ID,Product Name,Category,Co-op Price,Morrisons Price,M&S Price,Waitrose Price,Iceland Price,Alliance Price
1,Full Fat Milk (2L),🥛 Dairy & Eggs,3.28,1.89,2.1,1.99,1.82,1.75
2,Semi-Skimmed Milk (2L),🥛 Dairy & Eggs,3.28,1.65,2.04,1.94,1.77,1.7
3,Skimmed Milk (2L),🥛 Dairy & Eggs,1.65,1.78,1.95,1.87,1.72,1.65
4,Oat Milk (1L),🥛 Dairy & Eggs,2.45,2.65,2.43,1.73,2.5,2.1
5,Almond Milk (1L),🥛 Dairy & Eggs,2.7,2.95,2.67,1.73,2.8,1.85
6,Soya Milk (1L),🥛 Dairy & Eggs,1.45,1.63,2.1,1.93,1.54,1.45
7,Coconut Milk Drink (1L),🥛 Dairy & Eggs,1.65,1.87,2.37,2.17,1.76,1.65
8,Free Range Eggs (6pk),🥛 Dairy & Eggs,1.9,2,1.8,1.51,2.45,1.85
9,Free Range Eggs (12pk),🥛 Dairy & Eggs,3.4,3.7,4.4,4.2,3.55,3.4
10,Cheddar Mature (400g),🥛 Dairy & Eggs,3.7,3.3,3.4,3.17,4.05,3.3
11,Cheddar Mild (400g),🥛 Dairy & Eggs,2.6,2.74,3.15,2.98,2.67,2.6
12,Mozzarella (125g),🥛 Dairy & Eggs,1.1,1.25,1.55,1.45,1.17,1.1
13,Brie (200g),🥛 Dairy & Eggs,3.19,3.39,3.99,3.79,3.29,3.19
14,Parmesan (100g),🥛 Dairy & Eggs,2.5,2.1,3.45,3.25,2.62,2.5
15,Feta Cheese (200g),🥛 Dairy & Eggs,2,2.2,2.8,2.6,2.1,2
16,Butter Salted (250g),🥛 Dairy & Eggs,2.55,4.98,4.5,2.2,1.05,1.05
17,Butter Unsalted (250g),🥛 Dairy & Eggs,3.5,3.55,4,3.85,3.47,3.4
18,Spreadable Butter (500g),🥛 Dairy & Eggs,4.55,3.32,3.95,3.75,3.21,3.1
19,Greek Yoghurt (500g),🥛 Dairy & Eggs,1.65,1.55,1.4,1.34,1.25,1.9
20,Natural Yoghurt (500g),🥛 Dairy & Eggs,2.65,2.8,3.2,3.05,2.72,2.65
21,Fruit Yoghurts 4pk,🥛 Dairy & Eggs,1.8,1.98,2.5,2.32,1.89,1.8
22,Sour Cream (300ml),🥛 Dairy & Eggs,1.4,1.55,2,1.85,1.47,1.4
23,Crème Fraîche (300ml),🥛 Dairy & Eggs,1.85,2.03,2.5,2.35,1.94,1.85
24,Double Cream (300ml),🥛 Dairy & Eggs,2.36,2.46,2.26,2.26,2.26,3.75
25,Single Cream (300ml),🥛 Dairy & Eggs,1.49,1.63,2.1,1.95,1.54,1.45
26,Cottage Cheese (300g),🥛 Dairy & Eggs,1.5,2.6,2.1,1.95,1.57,1.5
27,Cream Cheese (200g),🥛 Dairy & Eggs,2.65,1.98,2.5,2.32,1.89,1.8
28,Clotted Cream (113g),🥛 Dairy & Eggs,2,2.22,2.8,2.6,2.11,2
29,White Sliced Bread 800g,🍞 Bread & Bakery,1.75,0.74,1.8,1.65,1.3,1.25
30,Wholemeal Bread 800g,🍞 Bread & Bakery,1.25,1.25,0.9,1.74,1.95,1.8
31,Seeded Batch Loaf,🍞 Bread & Bakery,1.55,1.9,2.4,2.25,1.82,1.75
32,Sourdough Loaf,🍞 Bread & Bakery,2.5,2.75,3.45,3.25,2.62,2.5
33,Gluten Free White Bread,🍞 Bread & Bakery,2.9,3.18,3.9,3.7,3.04,2.9
34,Croissants (4pk),🍞 Bread & Bakery,1.8,1.95,2.5,2.3,1.87,1.8
35,Pain au Chocolat (4pk),🍞 Bread & Bakery,1.95,2.15,2.75,2.55,2.05,1.95
36,Bagels (5pk),🍞 Bread & Bakery,1.5,1.7,2.2,2.05,1.6,1.5
37,Pitta Bread (6pk),🍞 Bread & Bakery,1.2,0.5,1.85,1.7,1.27,1.2
38,Wraps / Tortillas (8pk),🍞 Bread & Bakery,1.8,1.69,1.8,2.32,1.25,2
39,Naan Bread (4pk),🍞 Bread & Bakery,1.5,1.69,2.15,2,1.57,1.5
40,English Muffins (6pk),🍞 Bread & Bakery,1.4,1.54,2,1.86,1.47,1.4
41,Hot Dog Rolls (6pk),🍞 Bread & Bakery,1.2,1.32,1.7,1.58,1.26,1.2
42,Burger Buns (4pk),🍞 Bread & Bakery,1.25,1.37,1.77,1.65,1.31,1.25
43,Ciabatta Rolls (4pk),🍞 Bread & Bakery,1.8,1.98,2.52,2.35,1.89,1.8
44,Crumpets (6pk),🍞 Bread & Bakery,0.8,1.29,2,0.61,1.35,1.9
45,Pancakes (6pk),🍞 Bread & Bakery,1.4,1.54,1.98,1.84,1.47,1.4
46,Waffles (6pk),🍞 Bread & Bakery,1.6,1.76,2.22,2.07,1.68,1.6
47,Scones (4pk),🍞 Bread & Bakery,1.8,1.98,2.5,2.34,1.89,1.8
48,Chicken Breast (500g),🥩 Meat & Fish,3.8,3.95,4.7,3.13,3.87,3.13
49,Chicken Thighs (1kg),🥩 Meat & Fish,3.2,3.4,4.1,3.85,3.3,3.2
50,Chicken Drumsticks (1kg),🥩 Meat & Fish,2.8,3.98,3.6,3.38,2.89,2.8
51,Whole Chicken (~1.4kg),🥩 Meat & Fish,6.1,5.8,9.97,7.25,4.95,6.5
52,Minced Beef (500g),🥩 Meat & Fish,3.93,2.63,3.88,3.56,3.93,3.73
53,Minced Beef (750g),🥩 Meat & Fish,5,5.2,6.3,6,5.1,5
54,Beef Steak (200g),🥩 Meat & Fish,5.5,5.9,7.3,6.8,5.7,5.5
55,Beef Burgers (4pk),🥩 Meat & Fish,3.2,3.42,4.18,4.6,3.31,3.2
56,Pork Chops (2pk),🥩 Meat & Fish,3.2,3.4,4.1,3.9,3.3,3.2
57,Pork Mince (500g),🥩 Meat & Fish,3,3.18,3.85,3.65,3.09,3
58,Pork Ribs (500g),🥩 Meat & Fish,3.8,4.05,4.8,4.58,3.92,3.8
59,Lamb Mince (500g),🥩 Meat & Fish,4.5,4.8,5.7,5.45,4.65,4.5
60,Lamb Chops (2pk),🥩 Meat & Fish,4.8,5.15,6.1,5.8,4.97,4.8
61,Back Bacon (200g),🥩 Meat & Fish,2.5,1.49,3.2,3,2.57,2.5
62,Streaky Bacon (200g),🥩 Meat & Fish,2.3,2.44,2.95,2.77,2.37,2.3
63,Sausages Pork (8pk),🥩 Meat & Fish,2.9,2.5,2.2,2.07,2.5,3.45
591,Rich Pork Sausages (12pk),🥩 Meat & Fish,3,,,,,3
592,Deep Fill Pepper Steak Slice,🥩 Meat & Fish,2.8,,,,,2.8
593,Breaded Ham (125g),🥩 Meat & Fish,1.94,,,,,1.94
594,Chicken Breast Fillets (850g),🥩 Meat & Fish,7.9,,,,,7.9
537,Gourmet Sausages (4pk),🥩 Meat & Fish,,,,4.6,,4.6
64,Chipolatas (12pk),🥩 Meat & Fish,2.6,2.78,3.36,3.17,2.69,2.6
65,Chorizo (200g),🥩 Meat & Fish,2.8,3.02,3.68,3.48,2.91,2.8
66,Salami (100g),🥩 Meat & Fish,2.2,2.38,2.95,2.77,2.29,2.2
67,Ham Slices (120g),🥩 Meat & Fish,2.8,1.95,2.45,2.3,1.87,1.8
68,Turkey Mince (500g),🥩 Meat & Fish,3.4,3.75,4.35,4.12,3.51,3.4
69,Salmon Fillets (2pk),🥩 Meat & Fish,4.2,4.06,5.5,5.2,4.32,4.2
70,Smoked Salmon (100g),🥩 Meat & Fish,4.8,3.5,4.4,4.15,3.35,3.2
71,Cod Fillets (2pk),🥩 Meat & Fish,3.8,4.05,5,4.7,3.92,3.8
72,Haddock Fillets (2pk),🥩 Meat & Fish,4.56,4.8,5.71,5.44,4.68,4.56
73,Tuna Steaks (2pk),🥩 Meat & Fish,4.6,4.9,6,5.7,4.75,4.6
74,Prawns (200g),🥩 Meat & Fish,3.6,3.85,4.7,4.45,3.72,3.6
75,Tuna Canned in Brine (145g),🥩 Meat & Fish,0.95,1.03,1.35,1.25,0.99,0.95
76,Tuna Canned 4pk,🥩 Meat & Fish,3.5,3.78,4.7,4.5,3.64,3.5
77,Sardines Canned (120g),🥩 Meat & Fish,0.85,0.93,1.2,1.11,0.89,0.85
78,Mackerel Fillets (125g),🥩 Meat & Fish,1.2,1.3,1.65,1.55,1.25,1.2
79,Crab Sticks (200g),🥩 Meat & Fish,1.8,1.95,2.45,2.3,1.87,1.8
80,Bananas (1kg),🥦 Fruit & Veg,1.45,1.3,1.16,2.48,1.25,1.16
81,Apples Braeburn (6pk),🥦 Fruit & Veg,3.6,1.55,1.95,1.8,1.47,1.4
82,Apples Granny Smith (6pk),🥦 Fruit & Veg,1.4,1.55,1.95,1.8,1.47,1.4
83,Oranges (4pk),🥦 Fruit & Veg,1.5,1.65,2.1,1.95,1.57,1.5
84,Satsumas (700g bag),🥦 Fruit & Veg,1.8,1.98,2.5,2.34,1.89,1.8
85,Lemon (each),🥦 Fruit & Veg,0.48,0.55,0.47,0.47,0.47,0.45
86,Limes (4pk),🥦 Fruit & Veg,0.9,1,1.28,1.18,0.95,0.9
87,Strawberries (400g),🥦 Fruit & Veg,1.85,2.7,3.4,3.2,2.6,2.5
88,Raspberries (150g),🥦 Fruit & Veg,2.2,2.4,3.05,2.85,2.3,2.2
89,Blueberries (150g),🥦 Fruit & Veg,2.2,2.4,3.05,2.85,2.3,2.2
90,Grapes White (500g),🥦 Fruit & Veg,2.2,2.4,3,2.85,2.3,2.2
91,Grapes Red (500g),🥦 Fruit & Veg,2.2,2.4,3,2.85,2.3,2.2
92,Avocados (2pk),🥦 Fruit & Veg,1.8,2,2.6,2.21,1.9,1.8
93,Melon Cantaloupe (half),🥦 Fruit & Veg,1.4,1.55,1.95,1.82,1.47,1.4
94,Mango (each),🥦 Fruit & Veg,0.85,0.95,1.23,1.13,0.9,0.85
95,Pineapple (each),🥦 Fruit & Veg,1.2,1.32,1.7,1.58,1.26,1.2
96,Kiwi Fruit (4pk),🥦 Fruit & Veg,0.95,1.05,1.35,1.25,1,0.95
97,Broccoli (head),🥦 Fruit & Veg,1.1,1.1,1.6,1.57,1.25,1.55
98,Cauliflower (head),🥦 Fruit & Veg,1.4,1.4,1.45,1.57,1.4,2.1
99,Bag of Spinach (200g),🥦 Fruit & Veg,1.25,1.35,1.75,1.6,1.3,1.25
100,Kale (200g),🥦 Fruit & Veg,1.3,1.42,1.8,1.68,1.36,1.3
101,Mixed Salad Leaves (100g),🥦 Fruit & Veg,1.1,1.2,1.52,1.42,1.15,1.1
102,Rocket (100g),🥦 Fruit & Veg,1.2,1.32,1.68,1.56,1.26,1.2
103,Mixed Peppers (3pk),🥦 Fruit & Veg,2,2.25,2.6,2.9,2.4,2.75
104,Red Pepper (each),🥦 Fruit & Veg,0.65,0.72,0.93,0.85,0.69,0.65
105,Carrots (1kg),🥦 Fruit & Veg,0.75,1.29,0.85,0.82,1.15,1.1
106,Parsnips (500g),🥦 Fruit & Veg,0.9,0.99,1.25,1.16,0.94,0.9
107,Onions (3pk),🥦 Fruit & Veg,1.05,1.25,1.47,1.51,1.27,1.5
108,Spring Onions (bunch),🥦 Fruit & Veg,0.6,0.67,0.88,0.8,0.64,0.6
109,Red Onions (3pk),🥦 Fruit & Veg,0.9,0.99,1.25,1.16,0.94,0.9
110,Garlic (bulb),🥦 Fruit & Veg,0.65,0.6,0.6,0.64,0.6,0.6
111,Cherry Tomatoes (250g),🥦 Fruit & Veg,1.6,1.25,1.2,1.25,1.25,1.2
563,Green Grapes (500g),🥦 Fruit & Veg,3.15,,,,,3.15
564,Plums Punnet (400g),🥦 Fruit & Veg,1.78,,,,,1.78
112,Tomatoes (6pk),🥦 Fruit & Veg,1.6,1.25,1.2,2.4,1.25,1.35
113,Cucumber (each),🥦 Fruit & Veg,1.5,1.2,1,1,1.25,1.3
114,Courgette (2pk),🥦 Fruit & Veg,0.9,1,1.3,1.2,0.95,0.9
115,Aubergine (each),🥦 Fruit & Veg,0.8,0.88,1.12,1.04,0.84,0.8
116,Butternut Squash (each),🥦 Fruit & Veg,1,1.1,1.4,1.3,1.05,1
117,Sweet Potatoes (750g),🥦 Fruit & Veg,1.3,1.45,1.85,1.7,1.37,1.3
118,Mushrooms (250g),🥦 Fruit & Veg,1.1,1.2,1.55,1.57,1.15,1.1
569,Cup Mushrooms (300g),🥦 Fruit & Veg,,,,1.57,,1.57
119,Celery (head),🥦 Fruit & Veg,0.9,1,1.28,1.18,0.95,0.9
120,Lettuce Iceberg (each),🥦 Fruit & Veg,1.1,1.25,1.1,1.16,1.25,1.4
549,Sweet Cos Lettuce (2pk),🥦 Fruit & Veg,,,,1.1,,1.1
550,Onion Bhaji (4pk),🥩 Meat & Fish,,,,1.05,,1.05
121,Asparagus (200g),🥦 Fruit & Veg,2,2.2,2.8,2.6,2.1,2
122,Sweetcorn (2pk),🥦 Fruit & Veg,0.9,0.99,1.26,1.16,0.94,0.9
123,Leek (each),🥦 Fruit & Veg,0.55,0.61,0.79,0.73,0.58,0.55
124,White Potatoes (2.5kg),🥦 Fruit & Veg,1.8,1.98,2.5,2.34,1.89,1.8
125,Baby New Potatoes (500g),🥦 Fruit & Veg,1.1,1.2,1.52,1.42,1.15,1.1
126,Chilli (3pk),🥦 Fruit & Veg,0.65,0.72,0.93,0.85,0.69,0.65
127,Ginger Root (piece),🥦 Fruit & Veg,0.45,0.5,0.65,0.6,0.48,0.45
128,Frozen Peas (1kg),🧊 Frozen,2,2,2.1,2.96,2.5,2
129,Frozen Peas & Sweetcorn (1kg),🧊 Frozen,1.6,1.76,2.25,2.1,1.68,1.6
130,Frozen Chips Straight (1.5kg),🧊 Frozen,2.1,2.4,3,2.8,2.3,2.2
131,Frozen Chips Crinkle (1kg),🧊 Frozen,2.35,2.53,3.07,2.9,2.44,2.35
132,Frozen Oven Pizza (Margherita),🧊 Frozen,4.45,3,3.45,3.25,2.62,2.5
133,Frozen Oven Pizza (Pepperoni),🧊 Frozen,4.45,3.5,3.8,3.6,2.94,2.8
134,Ice Cream Vanilla (1L),🧊 Frozen,3.15,3.3,4.1,3.85,3.15,3
135,Ice Cream Tub Luxury (500ml),🧊 Frozen,3.95,4.18,5.15,4.85,3.99,3.8
136,Frozen Fish Fingers (10pk),🧊 Frozen,2.55,1.1,3,3.45,1.1,1.1
137,Frozen Salmon Fillets (4pk),🧊 Frozen,5.5,6,7.3,6.9,5.75,5.5
138,Frozen Cod Fillets (4pk),🧊 Frozen,4.8,5.24,6.4,6.02,5.02,4.8
139,Frozen Prawns (400g),🧊 Frozen,4.5,4.9,5.9,5.6,4.7,4.5
140,Frozen Berries Mixed (500g),🧊 Frozen,2.1,2.32,2.95,2.75,2.21,2.1
141,Frozen Edamame (500g),🧊 Frozen,2.2,2.42,3,2.8,2.31,2.2
143,Frozen Mince Beef (900g),🧊 Frozen,5.8,6.3,7.6,7.2,6.05,5.8
144,Frozen Garlic Bread (2pk),🧊 Frozen,1.3,1.65,2.1,1.96,1.57,1.5
540,Garlic Baguettes (2pk),🧊 Frozen,2.4,,,,,2.4
541,Ice Cubes (1kg),🧊 Frozen,2.2,,,,,2.2
146,Frozen Vegetarian Burgers 4pk,🧊 Frozen,2.8,3.08,3.8,3.6,2.94,2.8
147,Frozen Yorkshire Puddings 9pk,🧊 Frozen,1.5,1.65,2.08,1.94,1.57,1.5
148,Orange Juice (1L),🥤 Drinks,1.65,1.75,2.15,2,1.7,1.65
149,Apple Juice (1L),🥤 Drinks,3.65,3.75,4.15,4.29,3.7,3.65
544,Apple Elderflower Cordial,🥤 Drinks,,,,2.19,,2.19
545,Orange & Mango Juice (1L),🥤 Drinks,,,,2.19,,2.19
546,Innocent Energise Smoothie,🥤 Drinks,,,,4.72,,4.72
547,Actimel Blueberry (8pk),🥤 Drinks,,,,2.9,,2.9
150,Cranberry Juice (1L),🥤 Drinks,1.8,1.98,2.5,2.34,1.89,1.8
151,Pineapple Juice (1L),🥤 Drinks,1.65,1.81,2.3,2.15,1.73,1.65
152,Still Water (2L),🥤 Drinks,1,1.45,1.1,1.05,1,1.15
153,Sparkling Water (2L),🥤 Drinks,0.99,1.45,1.1,1.09,1,1
154,Coca-Cola (1.75L),🥤 Drinks,2.3,3.15,2.3,2.74,2.75,3.3
155,Pepsi Max (1.75L),🥤 Drinks,5.15,3.8,4.38,4.04,3.7,3.6
156,Lemonade (2L),🥤 Drinks,0.95,1.05,1.33,1.23,1,0.95
157,Fanta Orange (1.5L),🥤 Drinks,1.65,1.81,2.3,2.15,1.73,1.65
158,Sprite (1.5L),🥤 Drinks,0.7,1.65,2.3,2.05,1.43,0.7
159,Lucozade Sport (500ml),🥤 Drinks,1.2,1.32,1.7,1.58,2.15,1.2
160,Energy Drink 250ml (4pk),🥤 Drinks,3.2,3.5,4.35,4.08,3.35,3.2
161,Filter Coffee (227g),🥤 Drinks,3.2,3.4,4.2,3.95,3.3,3.2
162,Instant Coffee (200g),🥤 Drinks,8.2,5.35,8.75,10.07,7.5,5.35
163,Coffee Pods (16pk),🥤 Drinks,4.5,4.9,5.95,5.62,4.7,4.5
164,Tea Bags (80pk),🥤 Drinks,1.8,1.25,1.8,1.58,1.8,1.95
165,Tea Bags (160pk),🥤 Drinks,4.5,4.88,5.95,5.62,4.69,4.5
166,Green Tea Bags (40pk),🥤 Drinks,2.2,2.42,3.05,2.85,2.31,2.2
167,Herbal Tea Variety (20pk),🥤 Drinks,2,2.2,2.8,2.6,2.1,2
168,Hot Chocolate Powder (400g),🥤 Drinks,3.5,3.8,4.7,4.45,3.65,3.5
169,Red Wine Bottle (75cl),🥤 Drinks,7.25,7,8.5,8.1,6.75,6.5
170,White Wine Bottle (75cl),🥤 Drinks,6.5,6.5,8,7.6,6.25,6
171,Rosé Wine Bottle (75cl),🥤 Drinks,7.25,6.72,8.25,7.82,6.46,6.2
172,Prosecco (75cl),🥤 Drinks,6.5,8.7,10.5,10,8.35,8
173,Beer Lager 4pk (440ml),🥤 Drinks,4.2,4,5.7,5.4,4.4,4.2
174,Craft Beer 4pk (330ml),🥤 Drinks,5.5,6,7.3,6.9,5.75,5.5
175,Gin (70cl),🥤 Drinks,18,19.5,23,22,18.75,18
176,Vodka (70cl),🥤 Drinks,15,16.1,19.5,18.5,15.6,15
177,Whisky (70cl),🥤 Drinks,20,21.8,26,24.8,20.9,20
178,Rum (70cl),🥤 Drinks,14,15.1,18.2,17.3,14.55,14
179,Squash (1L),🥤 Drinks,2.1,1.65,2.1,1.96,1.57,1.5
180,Pasta Penne (500g),🍝 Pantry,0.95,0.65,0.9,0.92,1.6,0.89
181,Spaghetti (500g),🍝 Pantry,0.95,0.5,0.9,1.73,1.6,1.35
182,Fusilli (500g),🍝 Pantry,0.95,0.95,1.3,1.15,0.92,0.89
183,Tagliatelle (500g),🍝 Pantry,0.95,1.03,1.37,1.23,0.99,0.95
184,Chopped Tomatoes (400g),🍝 Pantry,0.7,0.8,0.8,0.78,0.8,0.7
185,Tinned Tomatoes (4pk),🍝 Pantry,2.4,2.58,3.6,3.35,2.49,2.4
186,Passata (680g),🍝 Pantry,0.9,0.99,1.26,1.18,0.94,0.9
187,Tinned Chickpeas (400g),🍝 Pantry,0.89,0.65,0.8,0.87,0.65,0.65
188,Tinned Kidney Beans (400g),🍝 Pantry,0.7,0.77,1.06,0.96,0.74,0.7
189,Tinned Lentils (400g),🍝 Pantry,0.8,0.88,1.18,1.08,0.84,0.8
190,Tinned Baked Beans (415g),🍝 Pantry,0.7,0.5,0.5,0.84,1.65,0.5
191,Tinned Sweetcorn (340g),🍝 Pantry,0.65,0.73,0.97,0.89,0.69,0.65
192,Tinned Coconut Milk (400ml),🍝 Pantry,1.1,1.2,1.55,1.44,1.15,1.1
519,Heinz Tomato Soup (400g),🍝 Pantry,2.15,1.89,2.15,2.03,2.15,1.89
520,Tomato Soup (400g),🍝 Pantry,1,1.2,0.75,0.93,2.15,0.75
521,Tinned Tuna (160g),🍝 Pantry,1.2,0.8,0.95,1.45,0.8,0.8
193,Olive Oil Extra Virgin (500ml),🍝 Pantry,6.75,7.4,7.25,5.8,3.4,7
194,Sunflower Oil (1L),🍝 Pantry,2.55,4.6,2.45,2.79,4.05,2.99
195,Vegetable Oil (1L),🍝 Pantry,4.39,2.06,2.68,2.5,1.98,1.9
196,Basmati Rice (1kg),🍝 Pantry,1.8,0.95,1.7,0.87,1.8,0.87
197,Long Grain Rice (1kg),🍝 Pantry,1.6,1.74,2.25,2.08,1.67,1.6
198,Microwave Rice (3pk),🍝 Pantry,2.4,2.62,3.28,3.08,2.51,2.4
199,Porridge Oats (500g),🍝 Pantry,0.85,0.5,0.83,0.72,1.8,1.3
200,Porridge Oats (1kg),🍝 Pantry,1.7,1,1.65,1.44,3.6,1.75
201,Cornflakes (500g),🍝 Pantry,1.6,1.75,2.2,2.05,1.67,1.6
202,Weetabix (24pk),🍝 Pantry,2.42,2.67,3.4,2.42,2.12,2.42
203,Muesli (500g),🍝 Pantry,2.1,3.45,2.1,3.68,3.25,4.15
204,Granola (500g),🍝 Pantry,2.8,3.05,3.78,3.56,2.92,2.8
205,Plain Flour (1kg),🍝 Pantry,2.1,0.95,1.05,0.99,2.15,1.65
206,Self Raising Flour (1.5kg),🍝 Pantry,1.84,1.96,2.34,2.22,1.9,1.84
207,Sugar White (1kg),🍝 Pantry,1.35,1.35,1.35,1.45,1.5,1.5
208,Caster Sugar (1kg),🍝 Pantry,2.35,1.2,1.5,1.4,1.15,1.1
209,Icing Sugar (500g),🍝 Pantry,0.9,0.99,3.1,1.16,0.94,0.9
527,White Marzipan (500g),🍝 Pantry,,,3.2,,,3.2
210,Tomato Ketchup (460g),🍝 Pantry,1.3,1,1.8,1.16,2.5,1.7
211,Mayonnaise (400g),🍝 Pantry,1.9,1.95,1.8,1.61,2.65,2.65
212,Brown Sauce (400ml),🍝 Pantry,2,1.76,2.25,2.1,1.68,1.6
213,English Mustard (185g),🍝 Pantry,1.4,1.54,1.98,1.84,1.47,1.4
214,Dijon Mustard (200g),🍝 Pantry,1.6,1.76,2.25,2.1,1.68,1.6
215,Soy Sauce (150ml),🍝 Pantry,1.3,1.44,1.8,1.68,1.37,1.3
216,Worcestershire Sauce (150ml),🍝 Pantry,1.5,1.65,2.1,1.96,1.57,1.5
217,Vinegar Malt (568ml),🍝 Pantry,0.95,1.04,1.33,1.23,0.99,0.95
218,Balsamic Vinegar (250ml),🍝 Pantry,1.8,1.98,2.5,2.34,1.89,1.8
219,Stock Cubes Beef (12pk),🍝 Pantry,3,1.32,1.68,1.56,1.26,1.2
220,Stock Cubes Chicken (12pk),🍝 Pantry,1.2,1.32,1.68,1.56,1.26,1.2
221,Stock Cubes Veg (12pk),🍝 Pantry,1.1,1.21,1.54,1.43,1.16,1.1
222,Honey (340g),🍝 Pantry,2.89,3.05,3.8,4.25,2.92,2.8
530,Golden Syrup (454g),🍝 Pantry,,,,1.56,,1.56
223,Peanut Butter Smooth (340g),🍝 Pantry,1.99,2.4,2.4,2.82,3.5,2.35
531,Chopped Garlic (90g),🍝 Pantry,,,,2.32,,2.32
224,Peanut Butter Crunchy (340g),🍝 Pantry,2.1,2.72,3.38,3.18,2.61,2.5
225,Strawberry Jam (454g),🍝 Pantry,1.59,1.98,2.5,2.35,1.89,1.8
226,Marmalade (454g),🍝 Pantry,1.19,2.89,1.35,1.38,2.65,2.35
227,Nutella (400g),🍝 Pantry,3.2,3.48,4.3,4.05,3.34,3.2
228,Pasta Sauce Tomato (500g),🍝 Pantry,1.5,1.65,2.1,1.95,1.57,1.5
229,Pasta Sauce Bolognese (500g),🍝 Pantry,1.8,1.98,2.5,2.34,1.89,1.8
230,Curry Paste Medium (283g),🍝 Pantry,2.2,2.4,3,2.8,2.3,2.2
231,Coconut Cream (200ml),🍝 Pantry,0.9,0.99,1.26,1.17,0.94,0.9
232,Noodles Instant (4pk),🍝 Pantry,0.9,0.99,1.26,1.17,0.94,0.9
233,Baking Powder (150g),🍝 Pantry,0.85,0.93,1.17,1.09,0.89,0.85
234,Bicarbonate of Soda (200g),🍝 Pantry,0.8,0.88,1.1,1.02,0.84,0.8
235,Vanilla Extract (60ml),🍝 Pantry,2.2,2.42,3.08,2.88,2.31,2.2
236,Cocoa Powder (250g),🍝 Pantry,2,2.2,2.8,2.6,2.1,2
237,Cornflour (250g),🍝 Pantry,1.45,0.88,1.1,1.02,0.84,0.8
238,Dried Pasta Mixed 3kg,🍝 Pantry,4.5,4.88,5.95,5.62,4.69,4.5
239,Crisps Multipack (6pk),🥨 Snacks & Treats,1.39,1,2.4,1.23,2.7,1
240,Crisps Large Sharing Bag,🥨 Snacks & Treats,1.3,2.42,3.05,2.85,2.31,2.2
241,Tortilla Chips (200g),🥨 Snacks & Treats,1.8,1.98,2.5,2.34,1.89,1.8
242,Salsa Dip (300g),🥨 Snacks & Treats,1.6,1.76,2.24,2.09,1.68,1.6
243,Hummus (200g),🥨 Snacks & Treats,1.5,1.65,2.1,1.96,1.57,1.5
244,Digestive Biscuits (400g),🥨 Snacks & Treats,0.95,2.19,1.1,0.8,0.8,2.65
245,Hobnobs (300g),🥨 Snacks & Treats,1.5,1.65,2.1,1.95,1.57,1.5
532,Malted Milk Biscuits,🥨 Snacks & Treats,,,,0.69,,0.69
533,Milk Choc Digestives,🥨 Snacks & Treats,,,,1.38,,1.38
246,Shortbread Fingers (160g),🥨 Snacks & Treats,1.4,1.54,1.96,1.83,1.47,1.4
247,Rich Tea Biscuits (300g),🥨 Snacks & Treats,1.1,1.21,1.54,1.43,1.16,1.1
248,Chocolate Digestives (300g),🥨 Snacks & Treats,1.3,1.69,1.5,1.38,1.9,1.65
249,Chocolate Bar Milk (100g),🥨 Snacks & Treats,1.5,1.65,2.1,1.95,1.57,1.5
250,Chocolate Bar Dark (100g),🥨 Snacks & Treats,1.6,1.76,2.24,2.09,1.68,1.6
251,Chocolate Fingers (114g),🥨 Snacks & Treats,1.4,1.54,1.96,1.83,1.47,1.4
252,Kit Kat 4pk,🥨 Snacks & Treats,1.94,1.43,1.82,1.7,1.37,1.3
253,Mixed Nuts (200g),🥨 Snacks & Treats,2.8,3.05,3.75,3.55,2.92,2.8
254,Cashew Nuts (200g),🥨 Snacks & Treats,3.2,3.48,4.3,4.05,3.34,3.2
255,Cereal Bars 5pk,🥨 Snacks & Treats,2.2,2.4,3,2.8,2.3,2.2
256,Rice Cakes Plain (130g),🥨 Snacks & Treats,1.4,1.54,1.96,1.83,1.47,1.4
538,Scotch Wholegrain Rice Cakes,🥨 Snacks & Treats,,,,1.67,,1.67
257,Popcorn (100g),🥨 Snacks & Treats,1.2,1.32,1.68,1.56,1.26,1.2
258,Sweets Pick n Mix (200g),🥨 Snacks & Treats,1.8,1.98,2.5,2.34,1.89,1.8
259,Jelly Babies (190g),🥨 Snacks & Treats,1.5,1.65,2.1,1.96,1.57,1.5
260,Fruit Pastilles (52g roll),🥨 Snacks & Treats,0.8,0.88,1.12,2.64,0.84,0.8
582,White Choc Cookies (5pk),🥨 Snacks & Treats,1.85,,,,,1.85
583,Peperami Original (25g),🥨 Snacks & Treats,1.3,,,,,1.3
584,NikNaks Nic Nac Spicy (125g),🥨 Snacks & Treats,2.8,,,,,2.8
585,Wotsits Flamin Hot (140g),🥨 Snacks & Treats,1.6,,,,,1.6
586,Cadbury Caramel Nibbles (120g),🥨 Snacks & Treats,3.35,,,,,3.35
587,Werthers Original Soft (145g),🥨 Snacks & Treats,4.56,,,,,4.56
588,Revels Large Pouch (159g),🥨 Snacks & Treats,2.63,,,,,4
589,Mr Kipling Apple Pies (6pk),🥨 Snacks & Treats,1.84,,,,,1.84
590,Triple Choc Sundae,🥨 Snacks & Treats,3.15,,,,,3.15
261,Kettle Chips (150g),🥨 Snacks & Treats,2.8,1.98,2.5,2.34,1.89,1.8
262,Pretzels (175g),🥨 Snacks & Treats,1.6,1.76,2.24,2.09,1.68,1.6
552,Sliced Pretzel Bites (175g),🥨 Snacks & Treats,,,,1.8,,1.8
553,LU Petit Choc Noir Biscuits,🥨 Snacks & Treats,,,,1.35,,1.35
554,Cadbury Flake 99 (4pk),🥨 Snacks & Treats,,,,3.96,,3.96
263,Washing Up Liquid (500ml),🧹 Household,1.2,0.7,0.85,0.8,1.5,1.25
264,Washing Up Liquid (900ml),🧹 Household,2,2.22,2.85,2.65,2.11,2
265,Laundry Liquid (800ml),🧹 Household,2.75,2.2,2.2,3.97,2.95,3.75
266,Laundry Tablets (30pk),🧹 Household,7.5,8.2,10,9.5,7.85,7.5
267,Laundry Capsules (32pk),🧹 Household,6.75,9.3,11.3,10.7,8.9,8.5
268,Fabric Conditioner (1L),🧹 Household,1.9,4.15,5.1,4.8,3.97,3.8
269,Toilet Rolls (9pk),🧹 Household,4.4,4.9,6.1,5.7,4.7,4.5
270,Toilet Rolls (24pk),🧹 Household,10,10.88,13.5,12.7,10.44,10
271,Kitchen Roll (2pk),🧹 Household,2.55,3.1,3,2.69,1,2.75
272,Bin Bags (30pk),🧹 Household,2.5,2.75,3.4,3.2,2.62,2.5
273,Freezer Bags (50pk),🧹 Household,1.5,1.65,2.1,1.96,1.57,1.5
276,Sandwich Bags (50pk),🧹 Household,1.2,1.32,1.68,1.56,1.26,1.2
277,All-Purpose Spray (500ml),🧹 Household,1.2,2.08,2.62,2.45,1.99,1.9
278,Bleach (750ml),🧹 Household,0.85,0.95,0.95,0.8,1.75,1
279,Bathroom Cleaner (500ml),🧹 Household,1.8,1.98,2.5,2.34,1.89,1.8
280,Floor Cleaner (1L),🧹 Household,2.2,2.42,3.05,2.85,2.31,2.2
281,Dishwasher Tablets (30pk),🧹 Household,6.5,7.1,8.7,8.3,6.8,6.5
282,Dishwasher Salt (1.5kg),🧹 Household,1.8,1.98,2.5,2.34,1.89,1.8
283,Washing Up Gloves,🧹 Household,1.8,1.98,2.5,2.34,1.89,1.8
285,Light Bulb LED (4pk),🧹 Household,4.5,4.9,6.1,5.7,4.7,4.5
286,Batteries AA (4pk),🧹 Household,5.2,3.82,4.7,4.45,3.66,3.5
287,Batteries AAA (4pk),🧹 Household,5.2,3.82,4.7,4.45,3.66,3.5
288,Candles (4pk),🧹 Household,2.2,2.42,3.05,2.85,2.31,2.2
289,Shampoo (400ml),💊 Health & Beauty,2.5,2.95,1.25,3.13,1.25,1.25
290,Conditioner (400ml),💊 Health & Beauty,2.55,2.75,3.45,3.25,2.62,2.5
291,2-in-1 Shampoo (400ml),💊 Health & Beauty,2.8,3.08,3.8,3.6,2.94,2.8
292,Body Wash / Shower Gel (250ml),💊 Health & Beauty,2.35,1.25,1.2,1.05,1.25,1.05
293,Body Wash (500ml),💊 Health & Beauty,2.2,2.42,3.05,2.85,2.31,2.2
294,Bar Soap (4pk),💊 Health & Beauty,1.8,1.98,2.5,2.34,1.89,1.8
295,Liquid Hand Soap (300ml),💊 Health & Beauty,1,1.79,0.9,1.05,1,0.9
296,Hand Sanitiser (250ml),💊 Health & Beauty,1.8,1.98,2.5,2.34,1.89,1.8
297,Moisturiser Face (50ml),💊 Health & Beauty,3.8,4.15,5.1,4.8,3.97,3.8
298,Body Lotion (400ml),💊 Health & Beauty,2.8,3.08,3.8,3.6,2.94,2.8
299,Toothpaste (75ml),💊 Health & Beauty,1.3,1.22,3,1.34,1,1
300,Toothpaste Electric Compat,💊 Health & Beauty,2.5,2.75,3.45,3.25,2.62,2.5
301,Toothbrush Manual (2pk),💊 Health & Beauty,0.95,2.42,3.05,2.85,2.31,2.2
302,Dental Floss (50m),💊 Health & Beauty,1.5,1.65,2.1,1.96,1.57,1.5
303,Mouthwash (500ml),💊 Health & Beauty,3.15,3.33,3.45,3.25,2.62,2.5
304,Anti-Perspirant Spray (250ml),💊 Health & Beauty,2.85,3,2.4,2.5,2.4,2.4
305,Deodorant Roll-On (50ml),💊 Health & Beauty,2,2.2,2.8,2.6,2.1,2
522,Deodorant Spray Women's (250ml),💊 Health & Beauty,2.4,2.85,1.55,2.23,1.55,1.55
306,Razor Cartridges (4pk),💊 Health & Beauty,5.5,6,7.3,6.9,5.75,5.5
307,Shaving Gel (200ml),💊 Health & Beauty,2.05,2.1,3.9,1.59,2.5,1.59
308,Sun Cream SPF50 (200ml),💊 Health & Beauty,5.5,6,7.3,6.9,5.75,5.5
309,Paracetamol (16pk),💊 Health & Beauty,0.65,0.73,0.95,0.87,0.69,0.65
310,Ibuprofen (16pk),💊 Health & Beauty,0.47,1.22,1.55,1.44,1.16,1.1
311,Cold & Flu Tablets (16pk),💊 Health & Beauty,3.5,3.82,4.7,4.45,3.66,3.5
312,Vitamin C (60pk),💊 Health & Beauty,6.75,4.9,6.1,5.7,4.7,4.5
313,Vitamin D (90pk),💊 Health & Beauty,5,5.45,6.7,6.32,5.23,5
314,Plasters Assorted (40pk),💊 Health & Beauty,2.2,2.42,3.05,2.85,2.31,2.2
315,Cotton Wool Pads (100pk),💊 Health & Beauty,1.4,1.54,1.96,1.83,1.47,1.4
316,Lip Balm,💊 Health & Beauty,1.8,1.98,2.5,2.34,1.89,1.8
317,Feminine Pads (12pk),💊 Health & Beauty,2.39,3.08,3.8,3.6,2.94,2.8
318,Tampons (16pk),💊 Health & Beauty,3.95,3.08,3.8,3.6,2.94,2.8
319,Condoms (12pk),💊 Health & Beauty,6.5,7.1,8.7,8.3,6.8,6.5
320,Nappies Size 3 (40pk),🍼 Baby & Child,6.3,8.18,10,9.5,7.84,7.5
321,Nappies Size 4 (36pk),🍼 Baby & Child,6.3,8.5,10.4,9.9,8.15,7.8
322,Nappies Size 5 (34pk),🍼 Baby & Child,6.3,8.72,10.65,10.1,8.36,8
323,Baby Wipes (72pk),🍼 Baby & Child,3.15,1.98,2.5,2.34,1.89,1.8
324,Baby Wipes (3pk),🍼 Baby & Child,4.5,4.92,6.1,5.7,4.71,4.5
325,Baby Shampoo (300ml),🍼 Baby & Child,1.73,3.28,4.1,3.85,3.14,3
326,Baby Lotion (400ml),🍼 Baby & Child,3.5,3.82,4.7,4.45,3.66,3.5
327,Baby Food Purée (4pk),🍼 Baby & Child,3.2,3.48,4.35,4.08,3.34,3.2
328,Baby Rice Cereal (125g),🍼 Baby & Child,2.8,3.05,3.78,3.56,2.92,2.8
329,Formula Milk Stage 1 (800g),🍼 Baby & Child,11,12,14.5,13.8,11.5,11
330,Formula Milk Stage 2 (800g),🍼 Baby & Child,10.5,11.45,13.9,13.2,10.97,10.5
331,Kids Multivitamins (30pk),🍼 Baby & Child,5.5,6,7.3,6.9,5.75,5.5
332,Children's Paracetamol Liq.,🍼 Baby & Child,3.8,4.15,5.1,4.8,3.97,3.8
333,Dog Food Dry (2kg),🐾 Pet Care,3.65,8.72,10.65,10.1,8.36,8
334,Dog Food Wet Cans (6pk),🐾 Pet Care,4.5,4.92,6.1,5.7,4.71,4.5
335,Dog Treats (150g),🐾 Pet Care,2.8,3.08,3.8,3.6,2.94,2.8
336,Cat Food Dry (2kg),🐾 Pet Care,3.85,8.18,10,9.5,7.84,7.5
337,Cat Food Wet Pouches (12pk),🐾 Pet Care,3.6,6,7.3,6.9,5.75,5.5
338,Cat Treats (60g),🐾 Pet Care,1.8,1.98,2.5,2.34,1.89,1.8
339,Cat Litter (10L),🐾 Pet Care,5.5,6,7.3,6.9,5.75,5.5
340,Pet Shampoo (250ml),🐾 Pet Care,4.5,4.92,6.1,5.7,4.71,4.5
341,Flea Treatment Spot On (3pk),🐾 Pet Care,12,13.1,16.2,15.3,12.55,12
342,Fish Food (100g),🐾 Pet Care,2.5,2.75,3.45,3.25,2.62,2.5
343,GF Loaf (500g),🌱 Free From,2.35,2.35,3.75,3.56,2.35,3.95
344,GF Pasta (500g),🌱 Free From,1.65,1.5,2.25,2.17,1.5,2.35
345,GF Oats (500g),🌱 Free From,2.8,3.08,3.8,3.6,2.94,2.8
346,GF Crackers (150g),🌱 Free From,2.5,2.75,3.45,3.25,2.62,2.5
347,Dairy Free Cheese (200g),🌱 Free From,3.5,3.82,4.7,4.45,3.66,3.5
348,Vegan Butter (250g),🌱 Free From,2.8,3.08,3.8,3.6,2.94,2.8
349,Soya Yoghurt (400g),🌱 Free From,2.2,2.42,3.05,2.85,2.31,2.2
350,Vegan Mince (350g),🌱 Free From,3.5,3.82,4.7,4.45,3.66,3.5
351,Vegan Sausages (8pk),🌱 Free From,3.2,3.5,4.35,4.08,3.35,3.2
352,Vegan Burgers (2pk),🌱 Free From,3,3.28,4.1,3.85,3.14,3
353,Chickpea Dhal (400g jar),🌱 Free From,2.5,2.75,3.45,3.25,2.62,2.5
354,Oat Cream (250ml),🌱 Free From,1.8,1.98,2.5,2.34,1.89,1.8
355,Jersey Royal Potatoes (750g),🥔 Local Jersey,1.5,1.65,1.99,1.85,1.57,1.5
356,Jersey Royals (1.5kg),🥔 Local Jersey,2.8,3.05,3.6,3.4,2.92,2.8
357,Jersey Royals (5kg),🥔 Local Jersey,7.5,8.15,9.5,9.1,7.83,7.5
358,Jersey Dairy Cream (300ml),🥔 Local Jersey,1.4,1.55,1.8,1.7,1.47,1.4
359,Jersey Dairy Butter (250g),🥔 Local Jersey,2.4,2.6,3,2.85,2.5,2.4
360,Jersey Dairy Milk (2L),🥔 Local Jersey,1.95,2.13,2.5,2.35,2.04,1.95
361,Jersey Dairy Ice Cream (1L),🥔 Local Jersey,4.2,4.58,5.3,5.1,4.39,4.2
362,Local Jersey Tomatoes (500g),🥔 Local Jersey,1.8,1.95,2.4,2.2,1.87,1.8
363,Local Cucumber (each),🥔 Local Jersey,0.75,0.83,1.03,0.97,0.79,0.75
364,"Jersey Crab (whole, ~600g)",🥔 Local Jersey,7.5,7.99,9.5,8.99,7.74,7.5
365,Jersey Lobster (per 500g),🥔 Local Jersey,12,12.8,14.5,14,12.4,12
366,Local Mussels (1kg),🥔 Local Jersey,4.5,4.88,5.7,5.45,4.69,4.5
367,Jersey Black Butter (jar),🥔 Local Jersey,3.2,3.5,4.1,3.9,3.35,3.2
368,Local Apple Juice (1L),🥔 Local Jersey,2.8,3.05,3.6,3.4,2.92,2.8
369,Jersey Wonders (6pk),🥔 Local Jersey,2,2.2,2.6,2.45,2.1,2
370,Local Honey (250g),🥔 Local Jersey,5.5,6,7,6.7,5.75,5.5
371,Jersey Elderflower Cordial,🥔 Local Jersey,4.8,5.24,6.1,5.8,5.02,4.8
372,Local Free Range Eggs (6pk),🥔 Local Jersey,1.9,2,1.8,1.74,2.45,2.2
374,Halloumi (225g),🥛 Dairy & Eggs,2.85,2.39,3.5,3.2,2.68,2.5
376,Vine Tomatoes (220g),🥦 Fruit & Veg,1.45,2.15,2.5,1.87,1.28,1.2
378,Florette Salad (125g),🥦 Fruit & Veg,1.35,1.25,1.6,1.45,1.28,1.2
379,Fresh Coriander (30g),🥦 Fruit & Veg,0.75,0.6,0.9,0.8,0.7,0.65
380,Fresh Basil (pot),🥦 Fruit & Veg,1.65,1.6,2,1.8,1.61,1.5
381,Cherries (500g),🥦 Fruit & Veg,3.35,3.5,4.2,3.8,3.21,3
382,Pears (4pk),🥦 Fruit & Veg,1.65,1.55,2,1.8,1.61,1.5
383,Strawberry Punnet (400g),🥦 Fruit & Veg,2.75,2.75,3.2,2.9,2.68,2.5
384,Seedless Grapes (500g),🥦 Fruit & Veg,3.15,3.2,3,2.9,2.8,3.25
387,Chicken Wings (750g),🥩 Meat & Fish,3.35,3,4,3.6,3.21,3
388,Beef Diced (350g),🥩 Meat & Fish,4.45,4.25,5.2,4.7,4.28,4
389,Beef Sirloin Steak (200g),🥩 Meat & Fish,5,4,5.8,5.2,4.82,4.5
390,Smoked Haddock (240g),🥩 Meat & Fish,4.45,5,5.5,5,4.28,4
391,Cod Portions (240g),🥩 Meat & Fish,4.45,5,5.5,5,4.28,4
392,King Prawns (225g),🥩 Meat & Fish,4.45,4.25,5.2,4.7,4.28,4
393,Wafer Thin Ham (170g),🥩 Meat & Fish,1.65,1.4,2,1.8,1.61,1.5
394,Chorizo Ring (200g),🥩 Meat & Fish,3.1,3,3.6,3.25,3,2.8
395,Frozen Berries (500g),🧊 Frozen,2.75,2.75,3.2,2.9,2.68,2.5
396,Frozen Hash Browns (700g),🧊 Frozen,2.25,2.2,2.6,2.35,2.14,2
397,Frozen Waffles (8pk),🧊 Frozen,2,1.79,2.3,2.1,1.93,1.8
398,Chopped Tomatoes (4pk),🍝 Pantry,2.65,1.88,3,2.7,2.57,2.4
399,Coconut Milk (400ml),🍝 Pantry,1.35,1.3,1.6,1.45,1.28,1.2
400,Gravy Granules (200g),🍝 Pantry,1.19,1.59,2.65,1.16,1.75,1.85
401,Custard (400g),🍝 Pantry,1.45,1.4,1.7,1.28,1.39,1.28
402,Breadcrumbs (400g),🍝 Pantry,1.35,1.25,1.6,1.45,1.28,1.2
403,Lemon Juice (250ml),🍝 Pantry,1,0.95,1.2,1.1,0.96,0.9
404,Tropicana Orange Juice (850ml),🥤 Drinks,2.75,2.5,3.2,2.9,2.68,2.5
405,Ribena Squash (850ml),🥤 Drinks,2.25,2.1,2.6,2.44,2.14,2
406,Coconut Water (1L),🥤 Drinks,4.45,4,5,4.5,4.28,4
407,Carex Hand Wash (250ml),💊 Health & Beauty,1.69,1.5,1.9,1.75,1.61,1.5
408,Radox Shower Gel (500ml),💊 Health & Beauty,2.75,3,3.2,2.9,2.68,2.5
409,Dove Body Wash (400ml),💊 Health & Beauty,3.1,3,3.6,3.25,3,2.8
410,Oral-B Toothbrush,💊 Health & Beauty,3.85,3.75,4.5,4.1,3.75,3.5
411,Listerine Mouthwash (500ml),💊 Health & Beauty,3.15,3.33,3.8,3.45,3.21,3
412,Comfort Fabric Conditioner (1L),🧹 Household,3.1,2.99,3.6,3.25,3,2.8
413,Flash All Purpose Spray (500ml),🧹 Household,2,1.9,2.3,2.1,1.93,1.8
414,Domestos Bleach (750ml),🧹 Household,1.35,1.25,1.6,1.74,1.28,1.2
415,Sponge Scourers (5pk),🧹 Household,1.35,1.25,1.6,1.45,1.28,1.2
416,Bin Bags (20pk),🧹 Household,1.65,1.6,1.9,1.75,1.61,1.5
417,Foil Roll (30m),🧹 Household,2,1.9,2.3,2.1,1.93,1.8
418,Cling Film (30m),🧹 Household,1.65,1.6,1.9,1.75,1.61,1.5
419,Baby Wipes (64pk),🍼 Baby & Child,2.25,2.1,2.6,2.35,2.14,2
420,Sudocrem (125g),🍼 Baby & Child,3.85,3.75,4.5,4.1,3.75,3.5
421,Felix Cat Food 12pk,🐾 Pet Care,5.55,5.25,6.5,5.85,5.35,5
422,Pedigree Dog Food (1.5kg),🐾 Pet Care,5,4.75,5.8,5.2,4.82,4.5
423,Jersey Dairy Fresh Milk 1% (500ml),🥔 Local Jersey,0.87,0.88,0.87,0.87,0.87,0.87
430,Jersey Dairy Fresh Milk 1% (1L),🥔 Local Jersey,,,,1.65,,1.65
431,Lurpak Salted Spread,🥛 Dairy & Eggs,,,,3.5,3.57,
542,Lurpak Slightly Salted Butter (500g),🥛 Dairy & Eggs,,,,6.4,,6.4
432,Pepsi Cream Soda (8pk),🥤 Drinks,,,,5.12,,5.12
433,Ribena Blackcurrant (ready to drink),🥤 Drinks,,,,2.44,,2.44
434,Waitrose Cauliflower Cheese,🍝 Pantry,,,,4.06,,4.06
435,Waitrose Beef Lasagne,🍝 Pantry,,,,4.76,,4.76
436,Waitrose Essential Cheese & Tomato Pizza,🍝 Pantry,,,,3.17,,3.17
437,Waitrose Essential Potato Salad,🥦 Fruit & Veg,,,,1.51,,1.51
438,Waitrose Melton Mowbray Pork Pie,🥩 Meat & Fish,,,,3.77,,3.77
439,"Peas, Cabbage & Broccoli (frozen)",🥦 Fruit & Veg,,,,2.85,,2.85
440,Waitrose Essential Mature Cheddar,🥛 Dairy & Eggs,,,,5.75,,5.75
441,Walkers Cheese & Onion Crisps,🥨 Snacks & Treats,,,,2.4,,2.4
442,Walkers Ready Salted Crisps,🥨 Snacks & Treats,,,,2.4,,2.4
524,Walkers Max Crisps,🥨 Snacks & Treats,1.53,1.53,1.53,1.53,1.53,1.53
443,Alpro Mango Protein Yogurt,🥛 Dairy & Eggs,,,,1.86,,1.86
548,Alpro Strawberry Peach Yogurt,🥛 Dairy & Eggs,,,,2.05,,2.05
444,Muller Corner Fruit Yogurt,🥛 Dairy & Eggs,,,,3.68,,3.68
445,Waitrose Essential Mineral Water,🥤 Drinks,,,,1.69,,1.69
446,Waitrose Chocolate Raisins,🥨 Snacks & Treats,,,,2.09,,2.09
447,Waitrose Wine Gums,🥨 Snacks & Treats,,,,1.33,,1.34
448,Waitrose No.1 Sea Salt Crisps,🥨 Snacks & Treats,,,,0.87,,0.87
424,Jersey Dairy Fresh Milk 2.5% (500ml),🥔 Local Jersey,0.87,,,,,0.87
425,Cornish Pasty,🍝 Pantry,2.8,2.8,2.8,2.8,2.8,2.8
426,Chicken & Bacon Pasty,🍝 Pantry,2.8,2.8,2.8,2.8,2.8,2.8
427,Dauphinoise Potatoes (400g),🍝 Pantry,3.65,3.65,3.65,3.65,3.65,3.65
428,Unsmoked Back Bacon (300g),🥩 Meat & Fish,2.8,3,3,3.19,2.8,2.8
429,Jacobs Twiglets (6x23g),🥨 Snacks & Treats,,,,2.55,,2.55
449,7UP Zero (4pk),🥤 Drinks,,,,4.23,,4.23
450,Waitrose Essential Double Cream,🥛 Dairy & Eggs,,,,1.51,,1.51
451,Waitrose Essential Back Bacon (10),🥩 Meat & Fish,,,,3.19,,3.19
452,Waitrose Frozen Quarter Pounder,🧊 Frozen,,,,4.6,,4.6
453,McCain Southern Fries,🧊 Frozen,,,,2.9,,2.9
454,Jersey Full Fat Milk (1ltr),🥛 Dairy & Eggs,1.64,1.64,1.65,1.65,1.64,1.64
455,Jersey Salted Butter (250g),🥛 Dairy & Eggs,2.2,2.35,1.9,1.9,1.9,1.9
456,Tortilla Wraps Large (8pk),🍞 Bread & Bakery,1.8,1.8,1.8,1.8,1.8,1.8
555,White Toastie Loaf,🍞 Bread & Bakery,1.25,,,,,1.25
556,Cheese Baps (4pk),🍞 Bread & Bakery,1.89,,,,,1.89
557,Jumbo Finger Rolls (6pk),🍞 Bread & Bakery,2.79,,,,,2.79
558,Tiger Bloomer Loaf,🍞 Bread & Bakery,2.15,,,,,2.15
457,Large White Baps (4pk),🍞 Bread & Bakery,1.5,1.5,1.5,1.5,1.5,1.5
458,Smoked Streaky Bacon (250g),🥩 Meat & Fish,3.49,3.49,3.49,3.49,3.49,3.49
460,Iceberg Lettuce,🥦 Fruit & Veg,1.6,1.6,1.6,1.6,1.6,1.6
461,Monster Energy Original (500ml),🥤 Drinks,2.1,2.1,2.1,2.1,2.1,2.1
462,Chicken Dippers (20pk),🥩 Meat & Fish,3.4,3.4,3.4,3.4,3.4,3.4
463,Garlic Chicken Kiev (2pk),🥩 Meat & Fish,3.6,3.6,3.6,3.6,3.6,3.6
464,Beef Mince 20% Fat (500g),🥩 Meat & Fish,5.3,4,5.25,4.35,5.3,4.35
465,Parmentier Potatoes (400g),🧊 Frozen,,,,2.79,,2.79
466,Jacobs Cream Crackers (200g),🍪 Snacks,,,,1.55,,1.55
467,Jam Doughnuts (5pk),🍞 Bread & Bakery,,,,1.57,,1.57
468,Carlsberg Pilsner (4x440ml),🥤 Drinks,,4.3,,,,4.3
469,Batchelors BBQ Beef Noodles,🍱 Cupboard,,1.4,,,,1.4
470,Cadbury Dairy Milk Biscuit,🍪 Snacks,,1.65,,,,1.65
471,McVities Club Biscuits (8pk),🍪 Snacks,,1.3,,,,1.3
472,Islands Choice Portuguese Roll,🍞 Bread & Bakery,,2.28,,,,2.28
473,Hula Hoops Cheese & Onion,🍪 Snacks,,2,,,,2
474,Hula Hoops Original,🍪 Snacks,,2,,,,2
475,Popchips BBQ (85g),🍪 Snacks,,2.59,,,,2.59
476,Popchips Sour Cream & Onion (85g),🍪 Snacks,,2.59,,,,2.59
477,Quavers Cheese (6pk),🍪 Snacks,2.25,,,,,2.25
478,Cp Organic Cheesy Pie,🥩 Meat & Fish,2.1,,,,,2.1
479,Cp Roast Chicken Pieces,🥩 Meat & Fish,1.6,,,,,1.6
480,Roast Multipack Crisps (3x22.5g),🍪 Snacks,4.4,,,,,4.4
481,Eclairs Variety Pack,🍪 Snacks,2.78,,,,,2.78
482,Switchcorn Puff Pop,🍪 Snacks,2.39,,,,,2.39
483,Cp Veg Straws,🍪 Snacks,3.55,,,,,3.55
484,Organic Clouds Multipack,🍪 Snacks,4,,,,,4
485,Jason Jungle Z (4x200ml),🥤 Drinks,2.1,,,,,2.1
486,Lil Con Carn Pouch,🍱 Cupboard,2.5,,,,,2.5
487,Apples (4pk),🥦 Fruit & Veg,2.2,3.2,2.4,2.15,1.6,3.3
488,Unsalted Butter (250g),🥛 Dairy & Eggs,2.35,2.35,2.4,2.58,2.35,2.35
528,Salted Butter (250g),🥛 Dairy & Eggs,,,4.75,,,4.75
489,White Bread (800g),🍞 Bread & Bakery,1.25,0.8,0.9,1.16,1.95,1.45
551,Brown Bloomer Loaf,🍞 Bread & Bakery,,,,1.19,,1.19
490,Potatoes (1.5kg),🥦 Fruit & Veg,1.4,2.6,1.65,2.09,2.5,2.79
491,Toilet Rolls (4pk),🧹 Household,2.49,2,3,2.09,1.55,2.75
497,Ginger Nuts (400g),🥨 Snacks & Treats,2.09,1.05,0.9,0.9,2,1.4
498,Cream Cleaner (500ml),🧹 Household,1.65,1.83,1.65,1.74,1.95,2.15
499,Furniture Polish (300ml),🧹 Household,2.09,2.2,1.8,1.8,1.8,2.5
500,Multi-purpose Spray (750ml),🧹 Household,0.89,2.75,2.4,1,1.25,0.89
559,Quilted Bathroom Tissue (9pk),🧹 Household,2.49,,,,,2.49
560,Multi Kitchen Towel (3pk),🧹 Household,2.05,,,,,2.05
561,Mammoth Refuse Sacks (20pk),🧹 Household,2.1,,,,,2.1
562,All Purpose Cloths (10pk),🧹 Household,1.69,,,,,2.99
501,Pringles (165g),🥨 Snacks & Treats,2.85,2.75,1.8,1.8,3.1,1.95
502,Flora Original Margarine (500g),🥛 Dairy & Eggs,3.15,3.5,3.4,2.2,3.5,3.3
503,Orange Squash (1L),🥤 Drinks,1.25,1.69,2.65,2.09,1.67,1.6
504,Corn Flakes (500g),🍝 Pantry,1.65,1.35,1.15,1.15,4.3,1.15
505,Bisto Gravy Granules (180g),🍝 Pantry,3.6,3.49,3.49,3.72,3.5,3.4
506,White Rice (1kg),🍝 Pantry,1.95,1.59,1.5,1.86,2.5,2.35
529,Arborio Risotto Rice (500g),🍝 Pantry,,,,3.08,,3.08
535,Rigatoni Pasta (500g),🍝 Pantry,,,,1,,1
536,Ambrosia Rice Pudding (400g),🍝 Pantry,2.1,,,1.25,,1.25
577,Basmati Microwave Rice (250g),🍝 Pantry,2.1,,,,,2.1
578,Plain Microwave Rice (250g),🍝 Pantry,1,,,,,1
579,Brussels Pate (125g),🍝 Pantry,1.35,,,,,1.35
580,Orange Marmalade (454g),🍝 Pantry,1.19,,,,,1.19
581,Stonebaked Meat Feast Pizza,🍝 Pantry,4.45,,,,,4.45
507,Fruit Shoot Blackcurrant (6pk),🥤 Drinks,3.83,3.83,3.83,3.83,3.83,3.83
508,Rolo Creme Dessert (4pk),🥨 Snacks & Treats,1.16,1.16,1.16,1.16,1.16,1.16
509,Cathedral City Grated Cheddar,🥛 Dairy & Eggs,2.3,2.3,2.3,2.3,2.3,2.3
525,Babybel Mini Original (6pk),🥛 Dairy & Eggs,2.99,2.99,2.99,2.99,2.99,2.99
539,Whipping Cream (300ml),🥛 Dairy & Eggs,,,,2.09,,2.09
570,Yeo Valley Raspberry Yogurt,🥛 Dairy & Eggs,,,,1.8,,1.8
571,Cheese Singles (10pk),🥛 Dairy & Eggs,1.5,,,,,1.5
510,Albert Bartlett Bake Pot (4pk),🥦 Fruit & Veg,2.96,2.96,2.96,2.96,2.96,2.96
511,Lucozade Energy Orange (500ml),🥤 Drinks,2.73,2.73,2.73,2.73,2.73,2.73
523,Capri-Sun Juice Drink (10pk),🥤 Drinks,1.5,1.5,1.5,1.5,1.5,1.5
595,Lucozade Pink Lemonade (500ml),🥤 Drinks,1.35,,,,,1.35
596,Robinsons Double Strength Orange (1L),🥤 Drinks,1.2,,,,2.1,
597,Cp Closed Cup Mushrooms,🥦 Fruit & Veg,1.1,,,,,1.1
598,Cp Cauliflower (head),🥦 Fruit & Veg,1.4,,,,,1.4
599,Cp Spring Onions (100g),🥦 Fruit & Veg,0.85,,,,,0.85
600,Cp Peeled Sprouts,🥦 Fruit & Veg,1.9,,,,,1.9
601,Cp Fairtrade Bananas,🥦 Fruit & Veg,1.35,,,,,1.35
602,Cp Blackcurrant & Liquorice,🥨 Snacks & Treats,3.22,,,,,3.22
603,Cp Buttermintoes,🥨 Snacks & Treats,1.2,,,,,1.2
604,Cp Apple Lidded Pie,🥨 Snacks & Treats,2.3,,,,,2.3
605,Regina Blitz Kitchen Roll,🧹 Household,7.38,,,,,7.38
606,El Paso Salsa Sauce,🍝 Pantry,2.39,,,,,2.39
607,Nature Valley Crunchy Bar,🥨 Snacks & Treats,1.84,,,,,1.84
608,Vienna Bakery Baguette,🍞 Bread & Bakery,1.99,,,,,1.99
609,Plain Cooked Ham,🥩 Meat & Fish,3.22,,,,,3.22
610,Cp Tortilla Dip,🥨 Snacks & Treats,2.2,,,,,2.2
611,Cp Parsnips Loose,🥦 Fruit & Veg,2.11,,,,,2.11
612,Cp Lemons Loose,🥦 Fruit & Veg,1.92,,,,,1.92
613,Cp Limes,🥦 Fruit & Veg,2,,,,,2
614,Cp Strawberries (packet),🥦 Fruit & Veg,3.4,,,,,3.4
615,Cp Ir Easy Peelers,🥦 Fruit & Veg,2.65,,,,,2.65
616,Cp Blueberries Large,🥦 Fruit & Veg,3.4,,,,,3.4
617,Cp Water Melon,🥦 Fruit & Veg,2.1,,,,,2.1
618,Cp Org Pink Lady 4pk,🥦 Fruit & Veg,7.7,,,,,7.7
619,Bartlett Potatoes,🥦 Fruit & Veg,4.5,,,,,4.5
620,Jersey Green Fresh Milk (1L),🥛 Dairy & Eggs,4.92,,,,,4.92
621,Fp Fromage Frais,🥛 Dairy & Eggs,2,,,,,2
622,Organix Clouds Mo,🍼 Baby & Child,8,,,,,8
623,Lotus Original Caramel Biscuits,🥨 Snacks & Treats,3.7,,,,,3.7
624,Ella's Kitchen Chicken 7M (130g),🍼 Baby & Child,2.5,,,,,2.5
625,Yoplait Mc Variety,🥛 Dairy & Eggs,2.78,,,,,2.78
626,Kiddylicious Apple Biscotti,🍼 Baby & Child,3.25,,,,,3.25
627,Cp Shortbread Fingers,🥨 Snacks & Treats,1.95,,,,,1.95
628,Regina Gentle Soft,🧹 Household,11.5,,,,,11.5
629,Chilli Con Carne Pouch,🍝 Pantry,5,,,,,5
630,Ella's Kitchen Stew & Apple (120g),🍼 Baby & Child,1.65,,,,,1.65
631,Kiddylicious Veg Straws,🍼 Baby & Child,7.1,,,,,7.1
632,Fruit Shoot Pack of 4,🥤 Drinks,2.1,,,,,2.1
633,LF Beef Lasagne White Cheese,🍝 Pantry,4.2,,,,,4.2
634,Ella's Kitchen Banana & Coconut (120g),🍼 Baby & Child,1.65,,,,,1.65
635,Ella's Kitchen Beef 7M (130g),🍼 Baby & Child,2.5,,,,,2.5
636,Ella's Kitchen Broccoli Pudding,🍼 Baby & Child,1.95,,,,,1.95
543,Guinness Cans (4pk),🥤 Drinks,,,,13.86,,13.86
512,Oven Chips (1kg),🧊 Frozen,3.9,2,2.4,3.89,2.5,3.45
513,Frozen Roast Potatoes (700g),🧊 Frozen,3.4,3.35,3.65,1.86,1.86,2.25
514,Vegetarian Sausages (6pk),🧊 Frozen,2.9,3.31,2.81,2.81,2.81,3.35
526,Itsu Chicken Gyoza (210g),🧊 Frozen,4.12,4.12,4.12,4.12,4.12,4.12
534,Beef Meatballs 12pk,🧊 Frozen,,,,5.4,,5.4
572,McCain Spiced Wedges (750g),🧊 Frozen,1.6,,,,,1.6
573,Crispy French Fries (900g),🧊 Frozen,3.89,,,,,3.9
574,Garlic Kiev (260g),🧊 Frozen,3.95,,,,,3.59
575,Hot Crunchy Mini Fillets,🧊 Frozen,4.85,,,,,3.6
576,Chicken Nuggets (240g),🧊 Frozen,3.35,,,,,3.35
515,GF Self-raising Flour (1kg),🌱 Free From,2.34,2.45,2.55,2.34,2.34,2.95
516,GF Gravy Granules (165g),🌱 Free From,2.62,2.62,2.62,2.62,2.62,2.75
517,Heinz Tomato Ketchup (500ml),🍝 Pantry,3.15,3.73,4.25,2.9,2,4.1
518,Gammon Steaks (2pk),🥩 Meat & Fish,5.25,4,7,4.64,3.15,4.75
492,Aptamil 1 (800g),🍼 Baby & Child,14.75,14.89,14.89,14.89,14.89,14.89
493,Aptamil 2 (800g),🍼 Baby & Child,14.75,14.75,14.75,15.66,14.75,14.75
494,Aptamil 3 (800g),🍼 Baby & Child,15.75,14.69,13.89,15.66,13.89,13.89
495,Baby Shampoo (500ml),🍼 Baby & Child,2.4,1.59,1.59,3.53,1.59,1.59
496,Antiseptic Cream (125g),💊 Health & Beauty,1.45,5.15,1.45,5.63,4.95,5.5
565,Lenor Summer Breeze (1L),🧹 Household,2.1,,,,,2.1
566,Co-op 2in1 Shampoo (400ml),💊 Health & Beauty,1.65,,,,,1.65
567,Sure Fresh Anti-perspirant (250ml),💊 Health & Beauty,3.95,,,,,3.95
568,Gentle Whitening Toothpaste,💊 Health & Beauty,1.7,,,,,1.7
637,Baco Foil (300mm x 10m),🧹 Household,,5.16,,,,
638,Cruzcampo Lager (10 pack),🥤 Drinks,,12.75,,,,
639,M&S Auth Greek Yoghurt (200g),🥛 Dairy & Eggs,,,1.5,,,
640,M&S Auth Greek Yoghurt (400g),🥛 Dairy & Eggs,,,2.85,,,
642,Sweet Chilli Sauce,🍝 Pantry,,,1.6,,,
643,Peanut Pad Thai Sauce,🍝 Pantry,,,2.1,,,
644,M&S English Medium Cheddar (350g),🥛 Dairy & Eggs,,,3.4,,,
645,Sweet Potato Jackets (2pk),🥦 Fruit & Veg,,,2.75,,,
646,M&S Beef Strips,🥩 Meat & Fish,,,6.7,,,
647,Mixed Pepper Stir Fry,🥦 Fruit & Veg,,,2.4,,,
648,Lime & Coriander Seasoning,🍝 Pantry,,,2.4,,,
649,New Potatoes (500g),🥦 Fruit & Veg,,,2.6,,,
650,Salad Cream (425g),🍝 Pantry,,,2.3,,,
651,Avocado Oil (250ml),🍝 Pantry,,,3.65,,,
652,Fresh Ginger (200g),🥦 Fruit & Veg,,,2.4,,,
653,Fresh Flat Parsley (bunch),🥦 Fruit & Veg,,,1.05,,,
654,Fresh Cut Mint (bunch),🥦 Fruit & Veg,,,1.05,,,
655,Rosa Verde Salad (80g),🥦 Fruit & Veg,,,1.95,,,
656,Single Pepper,🥦 Fruit & Veg,,,0.85,,,
657,Brown Onion Net,🥦 Fruit & Veg,,,1.8,,,
658,Pistachio & Caramel Snack,🥨 Snacks & Treats,,,1.7,,,
659,Tilda Caster Sugar (1kg),🍝 Pantry,2.6,,,,,
660,Co-op Plain White Flour (1.5kg),🍝 Pantry,1.05,,,,,
661,Co-op Wholemeal Flour (1.5kg),🍝 Pantry,1.65,,,,,
662,Tilda Medium Grain Rice (500g),🍝 Pantry,1.75,,,,,
663,Co-op Chicken Breast Fillets (580g),🥩 Meat & Fish,6.2,,,,,
664,Signal Post Chardonnay (75cl),🥤 Drinks,5.5,,,,,
665,Tenderstem Broccoli (200g),🥦 Fruit & Veg,2.3,,,,,
666,Stork Baking Block (250g),🥛 Dairy & Eggs,1.49,,,,1.45,
667,Nando's Sauce,🍝 Pantry,1.84,,,,,
668,Tuna in Spring Water (145g),🍝 Pantry,2.4,,,,,
669,Co-op Peanuts (110g),🥨 Snacks & Treats,1.95,,,,,
670,Co-op Green Pesto (190g),🍝 Pantry,1.69,,,,,
671,Co-op Mozzarella Slices,🥛 Dairy & Eggs,3.95,,,,,
672,Co-op Greek Style Yoghurt,🥛 Dairy & Eggs,1.6,,,,,
673,Co-op Smoked Back Bacon,🥩 Meat & Fish,4.2,,,,,
674,Chicken & Chickpea Italian,🍝 Pantry,4.2,,,,,
675,Co-op Medium Free Range Eggs (6pk),🥛 Dairy & Eggs,2.4,,,,,
676,Co-op Wholemeal Fusilli (500g),🍝 Pantry,0.95,,,,,
677,Magnum Salted Caramel,🧊 Frozen,,,,2,,
678,Morrisons Crispy Salad,🥦 Fruit & Veg,,1.35,,,,
679,Morrisons Savers Soft Cheese,🥛 Dairy & Eggs,,1.1,,,,
680,Morrisons Stain Remover Whites,🧹 Household,,3.84,,,,
681,Fanta Grape (500ml),🥤 Drinks,,2.25,,,,
682,Galbani Italian Burrata,🥛 Dairy & Eggs,,2.35,,,,
683,Maldon Salt Flakes,🍝 Pantry,,,,3.48,,
684,TruFru Frozen Strawberries,🧊 Frozen,,,,4.5,,
685,WR Garlic Half Chicken,🥩 Meat & Fish,,,,5.51,,
686,Mango & Strawberry Smoothie,🥤 Drinks,,,,3.09,,
687,Gem Lettuce,🥦 Fruit & Veg,,,,1.05,,
688,Small White Baguette,🍞 Bread & Bakery,,,,0.99,,
689,WR Parmentier Potatoes,🥦 Fruit & Veg,,,,2.79,,
690,WR Sweet Mixed Baby Bell Peppers,🥦 Fruit & Veg,,,,2.56,,
691,WR Protein Strawberry Yoghurt,🥛 Dairy & Eggs,,,,1.51,,
692,CI Cucumber Portion,🥦 Fruit & Veg,,,,0.9,,
693,WR Fruit Salad,🥦 Fruit & Veg,,,,4.59,,
694,WR Protein Vanilla Yoghurt,🥛 Dairy & Eggs,,,,1.51,,
695,Wotsits Crunch Hot,🥨 Snacks & Treats,,,,2.71,,
696,White Marzipan,🍝 Pantry,,,3.2,,,
698,Co-op Wholemeal Farmhouse Loaf,🍞 Bread & Bakery,1.25,,,,,
699,Coca-Cola Zero Sugar (1.75L),🥤 Drinks,2.3,,,,,
890,Coca-Cola Zero Sugar (18 cans),🥤 Drinks,4.75,,,,,
2567,Coca-Cola Zero Sugar (4 cans),🥤 Drinks,2.9,,,,,
2568,Coca-Cola Zero Sugar (12 cans),🥤 Drinks,5.25,,,,,
2569,Co-op Extra Thick Foil,🧹 Household,2.45,,,,,
2570,Cadbury Daim Bar,🍫 Confectionery,1.58,,,,,
2571,Co-op Garlic & Coriander Naan,🍞 Bread & Bakery,1.19,,,,,
2572,Co-op Sausage & Bean Slice,🥩 Meat & Fish,1.6,,,,,
2573,Co-op Chocolate Twist,🍰 Cakes & Bakery,1.19,,,,,
2574,Co-op Pear Drops,🍫 Confectionery,1.05,,,,,
2575,Bakers Small Dog Beef & Veg,🐾 Pet,3.15,,,,,
2576,Youngs Cod Cakes,🥩 Meat & Fish,1.7,,,,,
2577,Co-op Salted Caramel Chocolate Bar,🍫 Confectionery,3.15,,,,,
2578,Patak's Korma Curry Paste Pot,🍝 Pantry,1.58,,,,,
2579,WR Essential Salted Butter,🥛 Dairy & Eggs,,,,2.3,,
2580,WR Diced Chicken Breast,🥩 Meat & Fish,,,,6.38,,
2581,Robinsons Creations,🥤 Drinks,,,,1.75,,
2582,Hellmann's Light Mayo,🍝 Pantry,,,,2.6,,
2583,Fanta Orange Zero (8x330ml),🥤 Drinks,,,,4.72,,
2584,WR Durafold Bag,🧹 Household,,,,1,,
2585,Dr Pepper Zero (330ml),🥤 Drinks,,,,2.09,,
2586,Sprite (8x330ml),🥤 Drinks,,,,3.75,,
2587,Budweiser Budvar Lager (500ml),🍷 Wine & Beer,,,,2.14,,
2588,WR Essential Smoked Lardons,🥩 Meat & Fish,,,,3.72,,
2589,WR Cumberland Sausages,🥩 Meat & Fish,,,,4,,
2590,Essential British Chicken Wings,🥩 Meat & Fish,,,,2.32,,
2591,WR Slow Cooked Sweet & Sticky Pork Ribs,🥩 Meat & Fish,,,,7.88,,
2592,Essential Garlic Kyivs,🧊 Frozen,,,,4.06,,
2593,WR Stonebaked Pepperoni Pizza,🧊 Frozen,,,,6.33,,
2594,WR Garlic Breadsticks,🍞 Bread & Bakery,,,,3.17,,
2595,WR Stonebaked Ham & Pineapple Pizza,🧊 Frozen,,,,6.33,,
2596,WR Charlotte Potato Salad,🥗 Deli & Salads,,,,2.73,,
2597,Betty Crocker Vanilla Cake Mix,🍝 Pantry,,,,3.89,,
2598,Betty Crocker Lemon Icing,🍝 Pantry,,,,1.38,,
2599,WR Essential Strawberry Jam,🍝 Pantry,,,,1.38,,
2600,Coca-Cola (Bottles),🥤 Drinks,,,,5.98,,
2601,Always Discreet Sensitive (Large Pack),💊 Health & Beauty,,,,5.98,,
2602,Always Discreet Sensitive (Small Pack),💊 Health & Beauty,,,,3,,
2603,J20 Orange & Passionfruit,🥤 Drinks,,,,2.19,,
2604,WR Essential Still Water,🥤 Drinks,,,,1,,
2605,WR Fusilli,🍝 Pantry,,,,1.96,,
2606,WR Essential Table Salt,🍝 Pantry,,,,1.98,,
2607,WR Greek Yogurt with Honey,🥛 Dairy & Eggs,,,,3.48,,
2608,Lindt Dark Sea Salt,🍫 Confectionery,,,,3.48,,
2609,Lindt Mint Dark,🍫 Confectionery,,,,3.48,,
2610,Yazoo Milk Strawberry,🥤 Drinks,,2.8,,,,
2611,Morrisons Flavoured Milk Banana,🥤 Drinks,,1.55,,,,
2612,Morrisons Flavoured Milk Strawberry,🥤 Drinks,,1.55,,,,
2613,Youngs Scampi,🧊 Frozen,,4.8,,,,
2614,Butter (1kg),🥛 Dairy & Eggs,,,,,5.8,
2615,Grove Mill Sauvignon Blanc (75cl),🍷 Wine & Beer,9.75,,,,,
2616,Islands Choice Custard,🥛 Dairy & Eggs,3.45,,,,,
2617,English Cheesecake Company Vanilla & Biscoff Cheesecake (484g),🍰 Cakes & Desserts,4.73,,,,,
2618,Co-op Double Pepperoni Stonebaked Pizza,🧊 Frozen,1.95,,,,,
2619,7UP Zero (8pk),🥤 Drinks,3.95,,,,,
2620,Co-op Sweet & Sour Egg Rice,🥗 Deli & Salads,4.5,,,,,
2621,Co-op Unsmoked Back Bacon (Thick Cut),🥩 Meat & Fish,3.49,,,,,
700,Jersey Green Fat Reduced Milk,🥛 Dairy & Eggs,1.64,,,1.65,,
701,Carte D'Or Vanilla Ice Cream (900ml),🧊 Frozen,2.9,,,,,
702,Good Boy Mega Stick Dog Treat,🐾 Pet Care,,,,2.95,,
703,Good Boy Twist Chicken Dog Treat,🐾 Pet Care,,,,2.98,,
704,Good Boy T&T Chicken Roll,🐾 Pet Care,,,,1.99,,
705,KP Roasted Peanuts,🥨 Snacks & Treats,,,,4.35,,
706,Albert's Fries,🥨 Snacks & Treats,,,,2.55,,
707,New York Bakery Plain Bagels,🍞 Bread & Bakery,,,,2,,
708,Seabrook Sea Salted Crisps,🥨 Snacks & Treats,,,,1.64,,
709,WR CI Fresh Basil,🥦 Fruit & Veg,,,,0.39,,
710,WR Chicken Homemade Fillet,🥩 Meat & Fish,,,,6.38,,
711,WR Jazz Apples,🥦 Fruit & Veg,,,,3.06,,
712,Walkers Sensations Chilli Crisps,🥨 Snacks & Treats,,,,2.4,,
713,Mini Cheddars (6pk),🥨 Snacks & Treats,,,,2.04,,
714,WR Brioche Burger Buns,🍞 Bread & Bakery,,,,2.03,,
715,WR CI Big Peppercorn Grinder,🍝 Pantry,,,,2.09,,
716,Jersey Dairy Fudge Toffee,🥨 Snacks & Treats,,,,1,,
717,WR Deli Style Coleslaw,🥗 Deli & Salads,,,,1.85,,
718,Actimel Strawberry,🥛 Dairy & Eggs,,,,3.3,,
719,Muller Corner Crunch,🥛 Dairy & Eggs,,,,4.53,,
720,WR CI Root Ginger,🥦 Fruit & Veg,,,,0.99,,
721,WR Sultana Scones (4pk),🍞 Bread & Bakery,,,,1.26,,
722,WR Garlic Olive Pot Salt,🍝 Pantry,,,,2.67,,
723,Vita Coco Organic Coconut Water (1L),🥤 Drinks,,,,3.55,,
724,WR CI Turmeric Grinder,🍝 Pantry,,,,2.09,,
725,WR Custard Slices,🍞 Bread & Bakery,,,,1.9,,
726,WR Raspberry Celebration Cake,🍞 Bread & Bakery,,,,1.45,,
727,Bear Strawberry Snack,🥨 Snacks & Treats,,,,2.96,,
728,Forest Feast Dried Mango,🥨 Snacks & Treats,,,,9.2,,
729,Gingerbread Man,🍞 Bread & Bakery,,,,1.25,,
730,Co-op Spinach Salad,🥦 Fruit & Veg,1.5,,,,,
731,Philadelphia Light,🥛 Dairy & Eggs,0.28,,,,,
732,Co-op Chicken Breast Fillets (850g),🥩 Meat & Fish,7.9,,,,,
733,Iceland Large Eggs (10pk),🥛 Dairy & Eggs,,,,,3.1,2.65
734,Iceland Whole Chicken (1.5kg),🥩 Meat & Fish,,,,,,10.5
735,WR Choc Chip Brioche,🍞 Bread & Bakery,,,,1.74,,
736,WR Sweet Potato Fries,🧊 Frozen,,,,3.48,,
737,Old El Paso Taco Shells,🍝 Pantry,,,,2.61,,
738,Bear Fruit Mango,🥨 Snacks & Treats,,,,3.48,,
739,Della Almonds Orange,🥨 Snacks & Treats,,,,3.84,,
740,Brit Soured Cream (150ml),🥛 Dairy & Eggs,,,,1.05,,
741,Brit Soured Cream (300ml),🥛 Dairy & Eggs,,,,1.4,,
742,CI Irresinante Soave Classico,🥤 Drinks,6.5,,,,,
743,Starbucks Frappuccino Mocha,🥤 Drinks,1.9,,,,,
744,Cathedral City Mature Cheddar,🥛 Dairy & Eggs,4.9,,,,,
745,Co-op Mozzarella Grated (250g),🥛 Dairy & Eggs,1.55,,,,,
746,Doritos Tangy Cheese,🥨 Snacks & Treats,1.3,,,,,
747,Co-op All Day Breakfast (tin),🍝 Pantry,3.6,,,,,
748,Co-op Mozzarella & Cheddar Mix Grated,🥛 Dairy & Eggs,1.55,,,,,
749,Co-op White Thistle Loaf,🍞 Bread & Bakery,2.5,,,,,
750,Co-op Snack Pepperoni,🥨 Snacks & Treats,1.05,,,,,
751,Cathedral City Mini Mature (2pk),🥛 Dairy & Eggs,5.1,,,,,
752,Fridge Raiders Roast Chicken (90g),🥨 Snacks & Treats,2,,,,,
753,Co-op Honey Roast Ham,🥩 Meat & Fish,3.15,,,,,
754,Fruit & Go Fruit Puree Pouches (20pk),🥨 Snacks & Treats,8.2,,,,,
755,Co-op Pancakes (6pk),🍞 Bread & Bakery,1.3,,,,,
756,Babybel Mini Originals (12x20g),🥛 Dairy & Eggs,4.59,,,,,
757,M&S Scottish Still Water (2L),🥤 Drinks,,,1.1,,,
758,M&S Diet Lemonade,🥤 Drinks,,,1.15,,,
759,M&S Fruity Cocktail (tin),🍝 Pantry,,,4.75,,,
760,M&S Sour Cream & Chive Dip,🥛 Dairy & Eggs,,,2.1,,,
761,M&S Soured Cream (300ml),🥛 Dairy & Eggs,,,1.75,,,
762,M&S Classic Scotch Eggs,🥩 Meat & Fish,,,2.4,,,
763,M&S Honey Roast Ham Slices,🥩 Meat & Fish,,,3,,,
764,M&S 9 Mini Mixed Rolls,🍞 Bread & Bakery,,,3.3,,,
765,M&S British Butter,🥛 Dairy & Eggs,,,2.45,,,
766,M&S Donkey Fig Cheese,🥛 Dairy & Eggs,,,4.85,,,
767,M&S Pork Sausage Roll,🥩 Meat & Fish,,,4.7,,,
768,M&S Donkey Manchego Pork Pate,🥩 Meat & Fish,,,4.85,,,
769,Ariel Pods Original,🧴 Household,3.65,,,,5.55,
771,Andrex Toilet Tissue,🧴 Household,3.29,,,,,
775,Bakers Rewards Dog Food,🐾 Pet,1.49,,,,,
776,Bakers Sizzlers Bacon Dog Food,🐾 Pet,1.49,,,,,
808,WR Organic Fairtrade Bananas,🥦 Fruit & Veg,,,,1.95,,
809,Radox Feel Uplifted Shower Gel,🧴 Household,,,,1.49,,
810,Hovis Wholemeal 400g,🍞 Bread & Bakery,,,,1.28,,
811,Soreen Sliced Loaf,🍞 Bread & Bakery,,,,2.32,,
812,Persil Wonder Wash Ultra Care,🧴 Household,,,,9.94,,
813,Andrex Supreme Quilt (16 rolls),🧴 Household,,,,8.9,,
814,Rachel's Coconut Yogurt,🥛 Dairy & Eggs,,,,3.02,,
815,Rachel's Organic Rhubarb Yogurt,🥛 Dairy & Eggs,,,,3.02,,
816,Kallo Corn Cakes (Low Salt),🥨 Snacks & Treats,,,,1.45,,
817,Green Riced Cauliflower,🥦 Fruit & Veg,,,,1.73,,
818,WR Cauliflower & Broccoli,🥦 Fruit & Veg,,,,1.73,,
819,Vadasz Raw Kimchi,🥗 Deli & Salads,,,,5.7,,
821,Tofoo Co Naked XL,🥩 Meat & Fish,,,,4.3,,
822,Lindahls Protein Quark,🥛 Dairy & Eggs,,,,2.3,,
823,Fage Total 0% Yogurt,🥛 Dairy & Eggs,,,,4.59,,
824,WR Mediterranean Style Veg,🧊 Frozen,,,,3.77,,
825,WR Frozen Grilled Veg,🧊 Frozen,,,,3.37,,
826,Essential Blueberries,🥦 Fruit & Veg,,,,3.83,,
827,Heineken 0.0 (4pk),🥤 Drinks,,,,5.95,,
828,WR Tandoori Sizzlers,🥩 Meat & Fish,,,,6.38,,
829,WR NY Cheesecake,🥨 Snacks & Treats,,,,6.67,,
830,Cheestrings 3 Pack,🥛 Dairy & Eggs,,,,2.67,,
831,WR Essential Medium Cheddar,🥛 Dairy & Eggs,,,,3.28,,
832,WR Spanish Chorizo Slices,🥩 Meat & Fish,,,,2.9,,
833,WR Spanish Olive & Manchego,🥗 Deli & Salads,,,,4.6,,
834,Squares Multipack,🥨 Snacks & Treats,,,,1.8,,
835,Fox's Choc Rocky,🥨 Snacks & Treats,,,,1.8,,
836,McVities Penguin,🥨 Snacks & Treats,,,,1.6,,
837,Bahlsen Pick Up Milk,🥨 Snacks & Treats,,,,1.35,,
838,Fairy Heavy Duty Original (520ml),🧴 Household,,,,1.98,,
839,Colgate Deep Clean,🧴 Household,,,,3.13,,
840,WR Strawberries (600g),🥦 Fruit & Veg,,,,4.18,,
841,WR BB Jersey Royal New Potatoes,🥦 Fruit & Veg,,,,2.5,,
842,CI Jersey Peppers,🥦 Fruit & Veg,,,,2.4,,
843,CI Jersey Cucumber,🥦 Fruit & Veg,,,,1,,
844,Big Hoops Beef Grab Bag,🥨 Snacks & Treats,,,,1.28,,
845,Chicken Chorizo Lettuce Wrap,🥗 Deli & Salads,,,,4.59,,
846,Oasis Summer Fruits,🥤 Drinks,,,,2.14,,
847,Jersey Vanilla Ice Cream,🧊 Frozen,,,,5.96,,
848,WR Goats Milk (FCRM),🥛 Dairy & Eggs,,,,2.9,,
849,WR Speciality Figs,🥦 Fruit & Veg,,,,3.43,,
850,WR Mixed Berries,🥦 Fruit & Veg,,,,3.14,,
851,Piccolo Cheeseballs,🥨 Snacks & Treats,,,,3.53,,
852,WR Romaine Lettuce,🥦 Fruit & Veg,,,,1.4,,
853,WR Essential Hazelnut Choc Spread,🍝 Pantry,,,,1.16,,
854,WR Soft White Medium Loaf,🍞 Bread & Bakery,,,,1.16,,
855,WR Bah Petit Pains,🍞 Bread & Bakery,,,,1.74,,
856,WR Bah Baguettes,🍞 Bread & Bakery,,,,1.74,,
857,WR Wafer Cones,🥨 Snacks & Treats,,,,1.16,,
858,Carnation Caramel Drizzle,🍝 Pantry,,,,3.77,,
859,WR Scottish Salmon Steak,🥩 Meat & Fish,,,,15.58,,
860,Jersey Dairy Yogurt,🥛 Dairy & Eggs,,,,2.3,,
861,Biotiful Strawberry Kefir,🥛 Dairy & Eggs,,,,3.5,,
862,Actimel Multifruit,🥛 Dairy & Eggs,,,,5.51,,
863,Yeo Valley Honey Yogurt,🥛 Dairy & Eggs,,,,3.19,,
864,WR Extra Strong Lager 30cl Tall,🥤 Drinks,,,,4.42,,
865,Mitchum Floral Citrus Deodorant,🧴 Household,,,,3.98,,
866,Bionsen Deodorant Roll-On,🧴 Household,,,,2.98,,
867,Lu Petit Beurre Salted,🥨 Snacks & Treats,,,,1.35,,
868,Stork Spread,🍝 Pantry,2.75,,,,2.65,
869,Co-op Irresistable Victoria Sponge,🍞 Bread & Bakery,2.84,,,,,
870,WR 4 Fresh Pork Sausages,🥩 Meat & Fish,,,,6.04,,
871,WR Sausage Patties,🥩 Meat & Fish,,,,4.6,,
872,WR Pork Round Sausages,🥩 Meat & Fish,,,,4.6,,
873,WR Essential Dutch Edam,🥛 Dairy & Eggs,,,,3.57,,
874,Vienna Floured Rolls,🍞 Bread & Bakery,,,,3.02,,
875,M&S Outdoor Bred Wafer Thin Ham,🥩 Meat & Fish,,,4,,,
876,M&S Cheddar & Bacon Crispbakes,🥨 Snacks & Treats,,,3,,,
877,M&S Miniature New Potatoes,🥦 Fruit & Veg,,,2.9,,,
878,M&S Superberry Granola,🥣 Breakfast,,,3,,,
879,M&S Free Range Medium Eggs (12pk),🥛 Dairy & Eggs,,,4,,,
880,M&S Orzo & Tomato Pasta,🍝 Pantry,,,3.65,,,
881,M&S Moroccan Fruity Couscous,🍝 Pantry,,,5.2,,,
882,M&S Reduced Fat Coleslaw,🥗 Deli & Salads,,,1.6,,,
883,Oat Flaked Rolls,🍞 Bread & Bakery,,,,2.85,,
884,Pepsi Max Cans (multipack),🥤 Drinks,,,,5.12,,
885,Tony's Caramel Chocolate Bar,🥨 Snacks & Treats,,,,3.83,,
886,WR CI White Fondant Icing,🍝 Pantry,,,,2.32,,
887,WR Salted Danish Butter (250g),🥛 Dairy & Eggs,,,,3.88,,
888,WR Essential Single Cream,🥛 Dairy & Eggs,,,,1.69,,
889,WR Essential Iceberg Lettuce,🥦 Fruit & Veg,,,,1,,
891,Olde Oak Hot Dogs,🥩 Meat & Fish,2.05,,,,,
892,McCain Hash Browns (600g),❄️ Frozen,3.4,,,,,
893,Co-op Cherryade (330ml),🥤 Drinks,0.99,,,,,
894,Fry's Clean & Fresh Pomegranate,🧴 Toiletries,1.45,,,,,
895,Ribena Blackcurrant (500ml),🥤 Drinks,2.1,,,,,
896,Carnation Condensed Milk (397g),🥛 Dairy & Eggs,2.75,,,,,
897,Heinz Spaghetti Bolognese (400g),🥫 Tins & Jars,2.55,,,,,
898,Old El Paso Taco Mix (25g),🌍 World Foods,1.5,,,,,
899,Kellogg's Crunchy Nut Original,🥣 Cereals,3.15,,,,,
900,Sure Invisible Ice (250ml),🧴 Toiletries,1.85,,,,,
901,Hula Hoops Family Bag,🍿 Snacks,1.6,,,,,
902,Co-op Garlic Slices (220g),🥖 Bakery,2.65,,,,,
903,Cadbury Caramel Buttons (95g),🍫 Confectionery,1.58,,,,,
904,Bolands Coconut Kimberley (400g),🍪 Biscuits,1.8,,,,,
905,Co-op Soft White Cheese (300g),🥛 Dairy & Eggs,1.3,,,,,
906,Co-op Irresistable Bakewell Blondie,🍰 Cakes & Desserts,2.65,,,,,
907,Dime Bolognese Pasta Sauce (500g),🥫 Tins & Jars,3.15,,,,,
908,Co-op Fresh Single Cream (150ml),🥛 Dairy & Eggs,1.49,,,,,
909,Co-op Breaded Ham (125g),🥩 Meat & Fish,2.79,,,,,
910,Muller Corner Choc Digestive,🥛 Dairy & Eggs,1.05,,,,,
911,Muller Corner Vanilla Choc,🥛 Dairy & Eggs,1.05,,,,,
912,Muller Corner Banana Choc,🥛 Dairy & Eggs,1.05,,,,,
913,Co-op Lemon Cheesecake,🍰 Cakes & Desserts,1.85,,,,,
914,Snickers Duo (83.4g),🍫 Confectionery,1.6,,,,,
915,KitKat Chunky Peanut Butter (42g),🍫 Confectionery,1.05,,,,,
916,Cadbury Twirl Orange (43g),🍫 Confectionery,1.2,,,,,
917,Cadbury Raspberry Ruffle Rolls,🍫 Confectionery,4.35,,,,,
918,Co-op Fresh Pork Mince (500g),🥩 Meat & Fish,3.95,,,,,
919,Co-op Closed Cup Mushrooms (300g),🥦 Fruit & Veg,1.3,,,,,
920,Skittles Fruits (136g),🍫 Confectionery,1.19,,,,,
921,Co-op Melon (each),🥦 Fruit & Veg,1.6,,,,,
922,Co-op White Potatoes (1.5kg),🥦 Fruit & Veg,1.4,,,,,
923,Lucozade Energy Cherry (500ml),🥤 Drinks,1.35,,,,,
924,Co-op Sorbet Coconut Ice Cream,❄️ Frozen,3.15,,,,,
925,Werthers Original Soft Box (42g),🍫 Confectionery,1.05,,,,,
926,Wotsits Giants Spicy (130g),🍿 Snacks,2.65,,,,,
927,T&L Fairtrade Icing Sugar (1kg),🍝 Pantry,2.75,,,,,
928,Co-op English Black Pudding (per kg),🥩 Meat & Fish,4.8,,,,,
929,Heinz Sweet & Sour Chicken (400g),🥫 Tins & Jars,2.5,,,,,
930,Monster Energy 9x500ml,🥤 Drinks,9.45,,,,,
931,WR Linguine,"🍝 Pasta, Rice & Grains",,,,1.9,,
932,Cirio Chopped Tomatoes (400g),🥫 Tins & Cans,,,,3.82,,
933,Stoats Raisin & Honey Oat Bar,🍫 Snacks & Confectionery,,,,1.8,,
934,Stoats Blueberry & Hemp Oat Bar,🍫 Snacks & Confectionery,,,,1.8,,
935,McVities Fig Rolls,🍫 Snacks & Confectionery,,,,1.97,,
936,Batchelors Super Noodles Chicken,"🍝 Pasta, Rice & Grains",,,,1.57,,
7074,Batchelors Super Noodles Chicken 4 x 90g,"🍝 Pasta, Rice & Grains",,,,3.95,,
937,Method Oven & Hob Cleaner,🧹 Household & Cleaning,,,,2.97,,
938,Sparkling Blood Orange (750ml),🥤 Drinks,,,,1.59,,
939,Soreen Banana Loaf,🍞 Bread & Bakery,,,,2.27,,
940,WR Onions (4S),🥦 Fruit & Veg,,,,1.3,,
941,Cif Cream Cleaner Original (500ml),🧹 Household & Cleaning,,,,,1.85,
942,Keep It Handy Drain Cleaning Liquid (500ml),🧹 Household & Cleaning,,,,,1,
943,Persil Wonder Wash Black (470ml),🧺 Laundry,,,,,8.79,
944,Persil Wonder Wash Colour (470ml),🧺 Laundry,,,,,8.55,
945,Persil Non-Bio Capsules,🧺 Laundry,,,,,6.7,
946,Morrisons Non-Bio Laundry Liquid 60 wash,🧺 Laundry,,,,,3.7,
947,Fairy Non-Bio Laundry Liquid 36 wash,🧺 Laundry,,,,,9.89,
948,Ariel Gel Original 26 wash,🧺 Laundry,,,,,8.55,
949,Morrisons Non-Bio Laundry Capsules,🧺 Laundry,,,,,3.4,
950,Morrisons Bio Tropical Sunrise Capsules,🧺 Laundry,,,,,3.4,
951,Morrisons Dishwasher Cleaner,🧹 Household & Cleaning,,,,,3.3,
952,Finish Dishwasher Cleaner,🧹 Household & Cleaning,,,,,5.69,
953,Finish Dishwasher Salt (2kg),🧹 Household & Cleaning,,,,,4.19,
954,Morrisons All In One Dishwasher Tablets Lemon 40pk,🧹 Household & Cleaning,,,,,4.4,
955,Morrisons All In One Dishwasher Tablets Original 40pk,🧹 Household & Cleaning,,,,,4.4,
956,Fairy Original Power Dishwasher Capsules 88pk,🧹 Household & Cleaning,,,,,14.15,
957,Oasis Strawberry (500ml),🥤 Drinks,,,,,2.15,
958,Red Bull Original 4pk (4x250ml),🥤 Drinks,,,,,5.25,
959,Red Bull Pink Edition 4pk (4x250ml),🥤 Drinks,,,,,5.25,
960,Red Bull Blue Edition 4pk (4x250ml),🥤 Drinks,,,,,5.25,
961,Monster Energy 4pk (4x500ml),🥤 Drinks,,,,,7.5,
962,Monster Juiced 4pk (4x500ml),🥤 Drinks,,,,,4.88,
963,Relentless Energy 4pk (4x500ml),🥤 Drinks,,,,,6.88,
964,Boost Energy Original (250ml),🥤 Drinks,,,,,1.67,
965,Robinsons Double Strength Summer Fruits (1L),🥤 Drinks,,,,,2.1,
966,Robinsons Double Strength Apple & Blackcurrant (1L),🥤 Drinks,,,,,2.1,
967,Robinsons Single Strength Orange (1.5L),🥤 Drinks,,,,,1.69,
968,Robinsons Single Strength Summer Fruits (1.5L),🥤 Drinks,,,,,1.69,
969,Robinsons Fruit & Barley Orange (1L),🥤 Drinks,,,,,1.99,
970,Robinsons Fruit & Barley Summer Fruits (1L),🥤 Drinks,,,,,1.99,
971,Morrisons High Juice Orange,🥤 Drinks,,,,,2.4,
972,Morrisons High Juice Apple & Mango,🥤 Drinks,,,,,2.4,
973,Morrisons Fruit & Barley Apple & Pear,🥤 Drinks,,,,,1.95,
974,Morrisons Fruit & Barley Peach,🥤 Drinks,,,,,1.45,
975,Morrisons Savers Orange Juice Drink,🥤 Drinks,,,,,1.85,
976,Vimto (1.5L),🥤 Drinks,,,,,4.25,
977,Galbani Mozzarella Mini (125g),🥛 Dairy & Eggs,,,,,3.45,
978,Philadelphia Original,🥛 Dairy & Eggs,,,,2.82,3.45,
979,Philadelphia Chives,🥛 Dairy & Eggs,,,,,3.45,
980,Anchor Spreadable (500g),🥛 Dairy & Eggs,,,,,1.75,
981,Flora Buttery (500g),🥛 Dairy & Eggs,,,,,3.5,
982,Clover Spread (500g),🥛 Dairy & Eggs,,,,,3.5,
983,Lurpak Spreadable (400g),🥛 Dairy & Eggs,,,,,3.57,
984,Utterly Butterly (500g),🥛 Dairy & Eggs,2.2,,,,2.15,
985,British Butter Salted (250g),🥛 Dairy & Eggs,,,,,2.83,
986,Anchor Butter Block (250g),🥛 Dairy & Eggs,,,,,3.25,
987,Jus-Rol Puff Pastry Sheet,🥛 Dairy & Eggs,,,,3.1,2.55,
988,Cif Bathroom Limescale Spray,🧹 Household & Cleaning,,,,,3.91,
989,Flash Apple Blossom Spray (800ml),🧹 Household & Cleaning,,,,,2.89,
990,Flash Lemon XXL Spray,🧹 Household & Cleaning,,,,,4.3,
991,Flash Spray Wipe Kitchen,🧹 Household & Cleaning,,,,,4,
992,Flash Spray Wipe Bathroom,🧹 Household & Cleaning,,,,,2.85,
993,Dettol Multi-Purpose Cleaner,🧹 Household & Cleaning,,,,,3.4,
994,Dettol Antiseptic Liquid (750ml),🧹 Household & Cleaning,,,,,4.95,
995,Pledge Furniture Polish,🧹 Household & Cleaning,,,,,2.2,
996,Method Clementine Kitchen Cleaner,🧹 Household & Cleaning,,,,,4.87,
997,Fairy Non-Bio Pods 15pk,🧺 Laundry,,,,,5.55,
998,Fairy Non-Bio Pods 30pk Sensitive,🧺 Laundry,,,,,11,
999,Fairy Pods 30pk,🧺 Laundry,,,,,7.65,
1000,Bold 2in1 Pods,🧺 Laundry,,,,,5.55,
1001,Daz Universal Powder,🧺 Laundry,,,,,4.26,
1002,Ariel 4in1 Pods 33pk,🧺 Laundry,,,,,12.18,
1003,Regina Soft Bamboo Toilet Roll,🧻 Toiletries,,,,,2.45,
1004,Kleenex Original Tissues,🧻 Toiletries,,,,,2.1,
1005,Kleenex Tissues 6pk,🧻 Toiletries,,,,,2.13,
1006,Kleenex XL Tissues 4pk,🧻 Toiletries,,,,,3.65,
1007,L'Oreal Elvive Colour Protect Shampoo,🧻 Toiletries,,,,,3.96,
1008,L'Oreal Elvive Colour Protect Conditioner,🧻 Toiletries,,,,,3.95,
1009,L'Oreal Elvive Glycolic Gloss,🧻 Toiletries,,,,,7.25,
1010,L'Oreal Elvive Extraordinary Oil,🧻 Toiletries,,,,,3.35,
1011,Alberto Balsam Raspberry Shampoo,🧻 Toiletries,,,,,1.35,
1012,Alberto Balsam Green Apple Shampoo,🧻 Toiletries,,,,,1.35,
1013,Alberto Balsam Green Apple Conditioner,🧻 Toiletries,,,,,1.85,
1014,Herbal Essences Dazzling Shine Shampoo,🧻 Toiletries,,,,,2.95,
1015,Herbal Essences Hello Hydration Shampoo,🧻 Toiletries,,,,,3.5,
1016,Pantene Repair & Protect Conditioner,🧻 Toiletries,,,,,3.15,
1017,TRESemmé Moisture Shampoo,🧻 Toiletries,,,,,6.15,
1018,TRESemmé Smooth Shampoo,🧻 Toiletries,,,,,5,
1019,Always Ultra Day 2+,🧻 Toiletries,,,,,3.99,
1020,Always Ultra Day 3+,🧻 Toiletries,,,,,4.5,
1021,Always Sensitive 1+,🧻 Toiletries,,,,,1.35,
1022,Tena Discreet Normal,🧻 Toiletries,,,,,3.25,
1023,Tena Discreet Extra,🧻 Toiletries,,,,,3.25,
1024,Tena Men,🧻 Toiletries,,,,,5.5,
1025,Dreamies Cat Treats,🐾 Pet,,,,,1.65,
1026,Purina ONE Bifensis Adult Cat Food,🐾 Pet,,,,,7.9,
1027,GoCat Adult/Senior Cat Food,🐾 Pet,,,,,3.45,
1028,GoCat Kitten Cat Food,🐾 Pet,,,,,3.83,
1029,Morrisons Kitty Sticks Cat Treats,🐾 Pet,,,,,1.3,
1030,Morrisons Cat Snack Pillows,🐾 Pet,,,,,1.1,
1031,Lucozade Sport Raspberry (500ml),🥤 Drinks,,,,,2.15,
1033,Robinsons Fruit & Barley Orange (2L),🥤 Drinks,,,,,2.1,
1034,ProActiv Spread,🥛 Dairy & Eggs,,,,,1.99,
1035,Vitalite Dairy Free Spread,🥛 Dairy & Eggs,,,,,1.9,
1036,Morrisons Savers Spread,🥛 Dairy & Eggs,,,,,2.3,
1037,Lurpak Spreadable Large,🥛 Dairy & Eggs,,,,,3.85,
1038,Perfectly Buttery Spread,🥛 Dairy & Eggs,,,,,3.45,
1039,Andrex Toilet Tissue 5pk,🧻 Toiletries,,,,,5.25,
1041,Kleenex Original Tissues 6pk,🧻 Toiletries,,,,,2.13,
1042,Kleenex XL Extra Large Tissues 6pk,🧻 Toiletries,,,,,3.05,
1043,Oh So Soft Toilet Tissue 2pk,🧻 Toiletries,,,,,2.45,
1044,L'Oreal Elvive Colour Protect Large,🧻 Toiletries,,,,,8,
1045,L'Oreal Elvive Extraordinary Oil Large,🧻 Toiletries,,,,,3.7,
1046,Aussie Miracle Moist Shampoo,🧻 Toiletries,,,,,5.48,
1047,Aussie Miracle Moist Conditioner,🧻 Toiletries,,,,,5.48,
1048,Alberto Balsam Sunkissed Raspberry Shampoo,🧻 Toiletries,,,,,1.35,
1049,Alberto Balsam Coconut & Lychee Conditioner,🧻 Toiletries,,,,,1.35,
1050,Herbal Essences Dazzling Shine Conditioner,🧻 Toiletries,,,,,2.95,
1051,TRESemme Large Shampoo,🧻 Toiletries,,,,,8,
1052,Colgate Classic Clean 2in1 Toothpaste,🧻 Toiletries,,,,,4,
1053,Bold 2in1 Tropical Large,🧺 Laundry,,,,,14,
1054,Bold 2in1 Spring Awakening Large,🧺 Laundry,,,,,16,
1055,Bold 2in1 Sea Minerals Large,🧺 Laundry,,,,,11.7,
1056,Bold Lavender Pods,🧺 Laundry,5.5,,,,,
1057,Daz Universal Large,🧺 Laundry,,,,,6.79,
1058,Ariel Original Pods 51pk,🧺 Laundry,,,,,5.55,
1059,Persil Small,🧺 Laundry,,,,,8.15,
1060,Persil Medium,🧺 Laundry,,,,,8.55,
1061,Persil Large,🧺 Laundry,,,,,9.75,
1062,Comfort Pure Mega Pack,🧺 Laundry,,,,,10,
1063,Morrisons Non-Bio Laundry Liquid,🧺 Laundry,,,,,4.31,
1064,Flash Spray Wipe Done Hinched Multi-Purpose,🧹 Household & Cleaning,,,,,3.7,
1065,Mr Muscle Oven Cleaner,🧹 Household & Cleaning,4.25,,,,3.65,
1066,Star Drops Black Mould Remover,🧹 Household & Cleaning,,,,,5.79,
1067,Zoflora Concentrated Disinfectant,🧹 Household & Cleaning,,,,,3.1,
1068,Carefree Cotton Feel Normal 20pk,🧻 Toiletries,,,,,1.26,
1069,Always Daily Fresh Normal,🧻 Toiletries,,,,,1.59,
1070,Morrisons Comfort Pads Normal 12pk,🧻 Toiletries,,,,,1.7,
1071,Morrisons Ultra Sanitary Towels with Wings 12pk,🧻 Toiletries,,,,,0.6,
1072,Tampons Non-Applicator,🧻 Toiletries,,,,,1.4,
1073,Tena Pants Super Medium,🧻 Toiletries,,,,,18.2,
1074,Dreamies Cat Treats Chicken,🐾 Pet,,,,,1.65,
1075,Dreamies Cat Treats Fish,🐾 Pet,,,,,1.65,
1076,Dreamies Cat Treats Duck,🐾 Pet,,,,,1.65,
1077,Dreamies Cat Treats Turkey,🐾 Pet,,,,,1.65,
1078,Dreamies Cat Treats Tuna,🐾 Pet,,,,,1.65,
1079,Purina GoCat Senior Cat Food,🐾 Pet,,,,,3.45,
1080,Morrisons Kitty Sticks Salmon & Liver,🐾 Pet,,,,,1.3,
1081,Morrisons Kitty Sticks Chicken & Liver,🐾 Pet,,,,,1.3,
1082,Morrisons Cheese Cat Snack Pillows,🐾 Pet,,,,,1.1,
1083,Morrisons Salmon Cat Snack Pillows,🐾 Pet,,,,,1.1,
1084,Fanta Zero Orange (500ml),🥤 Drinks,2.1,,,,,
1085,Crispy French Fries Crisps,🍿 Snacks,1.85,,,,,
1086,Jersey Dairy 1% Fat Milk,🥛 Dairy & Eggs,1.64,,,,,
1087,Pepsi Max 4pk (4x330ml),🥤 Drinks,3.15,,,,,
1088,CP Iceberg Lettuce,🥦 Fruit & Veg,1.6,,,,,
1089,KitKat Chunky Peanut Butter,🍫 Confectionery,0.95,,,,,
1090,CP Deli Chicken Stuffing Sandwich,🥪 Food To Go,3.6,,,,,
1091,Buxton Sports Water (500ml),🥤 Drinks,1.5,,,,,
1092,Fairy Original Power Dishwasher Tablets,🧹 Household & Cleaning,4.2,,,,,
1093,Primula Cheese with Chives,🥛 Dairy & Eggs,2.2,,,,,
1094,Warburtons White/Wholemeal Loaf,🍞 Bakery,1.75,,,,,
1095,CP Chilli Chicken Pizza,🍝 Pantry,1.95,,,,,
1096,Cadbury Mint Crisp (5pk),🍫 Confectionery,1.5,,,,,
1097,Jersey Pouring/Single Cream,🥛 Dairy & Eggs,1.45,,,,1.55,
1098,Sprite No Sugar (500ml),🥤 Drinks,2.1,,,,,
1099,CP Still Mineral Water,🥤 Drinks,0.75,,,,,
1100,CP Cheese Coleslaw,🥗 Deli & Salads,2.9,,,,,
1101,CP Potato Salad,🥗 Deli & Salads,1.65,,,,,
1102,Leerdammer Original Mild-Nutty 160g,🥛 Dairy & Eggs,2.79,,,,3.55,
1103,Olympus Halloumi Original 225g,🥛 Dairy & Eggs,,,,,3.9,
1104,Cheesy Singles 10pk 170g,🥛 Dairy & Eggs,,,,,1.35,
1105,Babybel Mini Mix Pack 9pk 180g,🥛 Dairy & Eggs,,,,,4.4,
1106,Philadelphia Original Soft Cream Cheese 165g,🥛 Dairy & Eggs,2.65,,,,3,
1107,Philadelphia Garlic & Herbs Soft Cheese 165g,🥛 Dairy & Eggs,2.65,,,,2.95,
1108,Philadelphia Full Fat Cream Cheese 280g,🥛 Dairy & Eggs,,,,,4.25,
1109,Philadelphia Garlic & Herbs Soft Cheese 280g,🥛 Dairy & Eggs,,,,,4.25,
1110,Seriously Spreadable Original 110g,🥛 Dairy & Eggs,,,,,2.6,
1111,Seriously Lighter Spreadable 110g,🥛 Dairy & Eggs,,,,,2.6,
1112,Philadelphia Snack Soft Cheese Dip & Breadsticks 3pk,🥛 Dairy & Eggs,,,,,2.65,
1113,Dairylea Dunkers Jumbo Tubes 3pk 123g,🥛 Dairy & Eggs,,,,,2.95,
1114,Dairylea Strip Cheese 140g,🥛 Dairy & Eggs,,,,,3.9,
1115,Galbani Mozzarella 125g,🥛 Dairy & Eggs,,,,,2.55,
1116,Cathedral City Lighter Mature Cheddar 6x20g,🥛 Dairy & Eggs,,,,,3.1,
1117,Philadelphia Light Soft Cheese 280g,🥛 Dairy & Eggs,,,,,4.25,
1118,Dairylea Dunkers Ritz 43g,🥛 Dairy & Eggs,,,,,4.4,
1119,The Laughing Cow 16 Original Triangles 240g,🥛 Dairy & Eggs,,,,,3.9,
1120,Babybel Mini Original Cheese 6pk 120g,🥛 Dairy & Eggs,,,,,3.3,
1121,Boursin Garlic & Herbs 150g,🥛 Dairy & Eggs,3.69,,,,4.2,
1122,Castello Danablu Danish Blue Cheese 150g,🥛 Dairy & Eggs,,,,,3.45,
1123,Cathedral City Cheddar Sticks with Branston Pickle 60g,🥛 Dairy & Eggs,,,,,1.9,
1124,Cathedral City Mature Cheddar Grated 180g,🥛 Dairy & Eggs,3,,,,3.5,
1125,Cathedral City Kids Snack Nibbles Lighter 5x16g,🥛 Dairy & Eggs,,,,,2.25,
1126,Cathedral City Mature Cheddar 350g,🥛 Dairy & Eggs,,,,,5.25,
1127,Cathedral City Sandwich Slices Mature Cheddar 150g,🥛 Dairy & Eggs,,,,,3.5,
1128,Cathedral City Lighter Mature Cheddar 350g,🥛 Dairy & Eggs,4.9,,,,5.25,
1129,Cathedral City Mini Mature Cheddar 6x20g,🥛 Dairy & Eggs,,,,,3.1,
1130,Cathedral City Mature Cheddar Snack Bar 24g,🥛 Dairy & Eggs,,,,,0.75,
1131,Cheestrings Original 80g (4x20g),🥛 Dairy & Eggs,,,,,2.35,
1132,Cricket St Thomas Brie 135g,🥛 Dairy & Eggs,,,,,2.6,
1133,Dairylea Cheese Spread 145g,🥛 Dairy & Eggs,,,,,2.6,
1134,Dairylea Cheese Spread 270g,🥛 Dairy & Eggs,,,,,3.7,
1135,Dairylea Cheese Triangles 16pk 250g,🥛 Dairy & Eggs,,,,,3.9,
1136,Dairylea Soft Cheese Triangles 8pk 125g,🥛 Dairy & Eggs,,,,,2.35,
1137,Dairylea Filled Crackers 5pk 96g,🥛 Dairy & Eggs,,,,,3.1,
1138,Longley Farm Yorkshire Cottage Cheese 250g,🥛 Dairy & Eggs,,,,,2.7,
1139,Mexicana Original Cheddar Slices 160g,🥛 Dairy & Eggs,,,,,3.9,
1140,Babybel Mini Light 6pk 120g,🥛 Dairy & Eggs,,,,,3.35,
1141,Mlekpol Edam Slices 150g,🥛 Dairy & Eggs,,,,,1.95,
1142,Mlekpol Gouda Cheese Sliced 150g,🥛 Dairy & Eggs,,,,,1.85,
1143,Mlekpol Krolewski Cheese Slices 150g,🥛 Dairy & Eggs,,,,,2.1,
1144,Olympus Feta Original 200g,🥛 Dairy & Eggs,,,,,3.7,
1145,Primula Cheese & Ham 140g,🥛 Dairy & Eggs,,,,,2.65,
1146,Primula Cheese & Prawns 140g,🥛 Dairy & Eggs,,,,,2.65,
1147,Primula Spicy Cheese & Jalapenos 140g,🥛 Dairy & Eggs,,,,,2.65,
1148,Primula Original Cheese 140g,🥛 Dairy & Eggs,,,,,2.65,
1149,Cheestrings Pizza Flavour 80g (4x20g),🥛 Dairy & Eggs,,,,,2.35,
1150,The Laughing Cow Dip & Crunch 4x35g,🥛 Dairy & Eggs,,,,,3.35,
1151,Iceland Smoked Cheese Slices 7pk 150g,🥛 Dairy & Eggs,,,,,3.75,
1152,Dairylea Processed Cheese Slices 300g,🥛 Dairy & Eggs,,,,,3.75,
1153,Cheerafa Happy Twist Cheese Sticks 4x20g,🥛 Dairy & Eggs,,,,,2.1,
1154,Cathedral City Extra Mature Cheddar 6x20g,🥛 Dairy & Eggs,,,,,3.1,
1155,Castelli Parmigiano Reggiano 200g,🥛 Dairy & Eggs,,,,,5.25,
1156,Iceland Sliced Red Leicester 250g,🥛 Dairy & Eggs,,,,,3.75,
1157,Iceland Sliced Mozzarella 250g,🥛 Dairy & Eggs,,,,,3.75,
1158,Iceland Red Leicester 750g,🥛 Dairy & Eggs,,,,,5.55,
1159,Iceland Red Leicester 400g,🥛 Dairy & Eggs,,,,,4.25,
1160,Iceland Onion & Chive Double Gloucester 200g,🥛 Dairy & Eggs,,,,,3.75,
1161,Iceland Mild White Cheddar 750g,🥛 Dairy & Eggs,,,,,5.7,
1162,Iceland Mild White Cheddar 400g,🥛 Dairy & Eggs,,,,,4.25,
1163,Iceland Mild White Cheddar 250g,🥛 Dairy & Eggs,,,,,3.65,
1164,Iceland Mild Sliced Cheddar 250g,🥛 Dairy & Eggs,,,,,3.75,
1165,Iceland Medium Cheddar 400g,🥛 Dairy & Eggs,,,,,4.25,
1166,Iceland Medium Cheddar 250g,🥛 Dairy & Eggs,,,,,3.65,
1167,Iceland Mature White Cheddar 750g,🥛 Dairy & Eggs,,,,,5.55,
1168,Iceland Mature White Cheddar 400g,🥛 Dairy & Eggs,,,,,4.25,
1169,Iceland Mature White Cheddar 250g,🥛 Dairy & Eggs,,,,,3.65,
1170,Iceland Mature Sliced Cheddar 250g,🥛 Dairy & Eggs,,,,,3.75,
1171,Iceland Lighter Mature Cheddar 400g,🥛 Dairy & Eggs,,,,,4.25,
1172,Iceland Grated Red Leicester 250g,🥛 Dairy & Eggs,,,,,3.75,
1173,Iceland Grated Mozzarella 250g,🥛 Dairy & Eggs,,,,,3.75,
1174,Iceland Grated Mild Cheddar 250g,🥛 Dairy & Eggs,,,,,3.75,
1175,Iceland Grated Mature Cheddar 250g,🥛 Dairy & Eggs,,,,,3.75,
1176,Iceland Grated Cheddar & Mozzarella 250g,🥛 Dairy & Eggs,,,,,3.75,
1177,Iceland Extra Mature Cheddar 250g,🥛 Dairy & Eggs,,,,,3.65,
1178,Iceland Extra Mature Cheddar 400g,🥛 Dairy & Eggs,,,,,4.25,
1179,Iceland Extra Mature Cheddar 750g,🥛 Dairy & Eggs,,,,,5.55,
1180,Iceland Edam Slices 250g,🥛 Dairy & Eggs,,,,,3.75,
1181,Iceland Red Leicester Cheese 250g,🥛 Dairy & Eggs,,,,,3.65,
1182,Philadelphia Light Soft Cream Cheese 165g,🥛 Dairy & Eggs,,,,,3,
1183,Bertolli Spread 450g,🥛 Dairy & Eggs,,,,,3.75,
1184,Lurpak Slightly Salted Spreadable 400g,🥛 Dairy & Eggs,5.25,,,3,6.25,
1185,Country Life Salted Butter 200g,🥛 Dairy & Eggs,,,,,2.95,
1186,Flora Buttery 1kg,🥛 Dairy & Eggs,,,,,5.8,
1187,Anchor Spreadable 750g,🥛 Dairy & Eggs,,,,,9.2,
1188,Willow Spread 200g,🥛 Dairy & Eggs,,,,,1.8,
1189,Dairypak Irish Butter Blend 500g,🥛 Dairy & Eggs,,,,,2.95,
1190,Just Like Butter Spread 1kg,🥛 Dairy & Eggs,,,,,2.55,
1191,Just Like Butter Spread 450g,🥛 Dairy & Eggs,,,,,1.1,
1192,Meadow Churn Lard 250g,🥛 Dairy & Eggs,,,,,0.85,
1193,Stork 1kg,🥛 Dairy & Eggs,,,,,5.8,
1194,Utterly Butterly Lightly 500g,🥛 Dairy & Eggs,1.6,,,,2.15,
1195,Utterly Butterly 1kg,🥛 Dairy & Eggs,,,,,4.15,
1196,Vitalite Dairy Free 500g,🥛 Dairy & Eggs,,,,,2.5,
1197,Flora Original 1kg,🥛 Dairy & Eggs,,,,,5.8,
1198,Flora Natural Ingredients Lighter 1kg,🥛 Dairy & Eggs,,,,,5.8,
1199,Jersey Dairy Spreadable Salted 500g,🥛 Dairy & Eggs,4.55,,,,4.8,
1200,Jersey Butter Very Low Salt 250g,🥛 Dairy & Eggs,2.35,,,,2.5,
1201,Jersey Butter Unsalted 250g,🥛 Dairy & Eggs,2.35,,,,2.5,
1202,Jersey Butter Salted 250g,🥛 Dairy & Eggs,,,,,2.5,
1203,Lurpak Lighter Slightly Salted 400g,🥛 Dairy & Eggs,5.25,,,,6.25,
1204,Arla Lacto Free Whole Milk 1L,🥛 Dairy & Eggs,,,,,2.75,
1205,Arla Lacto Free Semi Skimmed Milk 1L,🥛 Dairy & Eggs,,,,,2.75,
1206,Alpro Oat No Sugar Chilled 1L,🥛 Dairy & Eggs,,,,,2.7,
1207,Alpro Oat Original Chilled 1L,🥛 Dairy & Eggs,,,,,2.8,
1208,Alpro Soya Plant-Based Chilled 1L,🥛 Dairy & Eggs,,,,,2.75,
1209,Alpro Soya Original Chilled 1L,🥛 Dairy & Eggs,,,,,2.65,
1210,Oatly Oat Drink Barista Edition 1L,🥛 Dairy & Eggs,2.29,,,,1.85,
1211,Jersey Lactose Free Milk 2.5% 1L,🥛 Dairy & Eggs,,,,,1.95,
1212,Alpro Almond No Sugar Chilled 1L,🥛 Dairy & Eggs,,,,,2.95,
1213,Krasnystaw Kefir 500g,🥛 Dairy & Eggs,,,,,1.4,
1214,Jersey Organic Fat Reduced Milk 1L,🥛 Dairy & Eggs,2.12,,,,2.25,
1215,Jersey Milk Skimmed 500ml,🥛 Dairy & Eggs,,,,,0.95,
1216,Jersey Milk Fat Reduced 1L,🥛 Dairy & Eggs,,,,,1.75,
1217,Jersey Milk 1% 500ml,🥛 Dairy & Eggs,,,,,0.95,
1218,Jersey Milk 1% 1L,🥛 Dairy & Eggs,,,,,1.75,
1219,Elmlea Single Cream 270ml,🥛 Dairy & Eggs,,,,,2,
1220,Elmlea Double Cream 500ml,🥛 Dairy & Eggs,,,,,3.3,
1221,Iceland Sweetened Dairy Cream 250g,🥛 Dairy & Eggs,,,,,2.45,
1222,Iceland Lighter Sweetened Squirty Cream,🥛 Dairy & Eggs,,,,,2.45,
1223,Iceland Mixed Weight Eggs 10pk,🥛 Dairy & Eggs,,,,,2.75,
1224,Iceland Large Eggs 10pk,🥛 Dairy & Eggs,,,,,2.8,
1225,Hamptonne Farm Medium Eggs 6pk,🥛 Dairy & Eggs,2.65,,,,2.8,
1226,Hamptonne Farm Large Eggs 6pk,🥛 Dairy & Eggs,2.75,,,,2.9,
1227,7 Days Double Croissant Cocoa & Vanilla 5pk 185g,🍞 Bread & Bakery,,,,,2.35,
1228,7 Days Croissant Family Pack 5pk 185g,🍞 Bread & Bakery,,,,,2.35,
1229,7 Days Double Max Croissant Cocoa & Vanilla 80g,🍞 Bread & Bakery,,,,,1.1,
1230,7 Days Double Max Croissant Vanilla & Strawberry 80g,🍞 Bread & Bakery,,,,,1.1,
1231,La Boulangere 6 Croissants 240g,🍞 Bread & Bakery,,,,,2.1,
1232,La Boulangere 6 Pains Au Chocolat 270g,🍞 Bread & Bakery,,,,,2.4,
1233,La Boulangere 8 Nature Plain Brioche Rolls 280g,🍞 Bread & Bakery,,,,,2.4,
1234,La Boulangere 8 Choc Chip Brioche Rolls 280g,🍞 Bread & Bakery,,,,,2.4,
1235,La Boulangere 6 Briochettes Milk Chocolate Chips 210g,🍞 Bread & Bakery,,,,,2.4,
1236,La Boulangere Sliced Brioche 500g,🍞 Bread & Bakery,,,,,2.65,
1237,St Pierre 6 Brioche Swirls,🍞 Bread & Bakery,,,,,3.35,
1238,St Pierre 6 Chocolate Chip Brioche Swirls,🍞 Bread & Bakery,,,,,3.35,
1239,St Michel Choco Crepes 180g,🍞 Bread & Bakery,,,,,2.35,
1240,St Michel White Chocolate Choco Crepes 180g,🍞 Bread & Bakery,,,,,2.35,
1241,McVities 8 Toasting Waffles 200g,🍞 Bread & Bakery,,,,,2.4,
1242,McVities 8 Toasting Waffles Chocolate 200g,🍞 Bread & Bakery,,,,,2.4,
1243,The Daily Bakery 6 Hot Cross Buns,🍞 Bread & Bakery,,,,,2.25,
1244,The Daily Bakery 4 Devon Scones,🍞 Bread & Bakery,,,,,2.1,
1245,Warburtons Soft White Farmhouse Thick 800g,🍞 Bread & Bakery,,,,,2.45,
1246,Warburtons Medium Soft White 400g,🍞 Bread & Bakery,,,,,1.45,
1247,Warburtons 12 Protein Power Seeds & Grains 500g,🍞 Bread & Bakery,,,,,2.35,
1248,Warburtons 9 Seeds & Grain Fibre Fix 500g,🍞 Bread & Bakery,1.85,,,,2.3,
1249,Warburtons Danish Lighter White Bread 400g,🍞 Bread & Bakery,1.49,,,,1.7,
1250,Warburtons Farmhouse 800g,🍞 Bread & Bakery,2,,,,2.25,
1251,Warburtons Medium Half & Half 800g,🍞 Bread & Bakery,1.75,,,,2.1,
1252,Warburtons Thick Half & Half 800g,🍞 Bread & Bakery,1.75,,,,2.1,
1253,Warburtons Medium Soft White 800g,🍞 Bread & Bakery,,,,,2.1,
1254,Warburtons Medium Sliced Wholemeal 400g,🍞 Bread & Bakery,1.25,,,,1.45,
1255,Warburtons Original Seeded Batch 800g,🍞 Bread & Bakery,2.3,,,,2.55,
1256,Warburtons Thick Slice Soft Tiger Bloomer 600g,🍞 Bread & Bakery,2.05,,,,2.3,
1257,Warburtons The True Taste of Wholemeal 800g,🍞 Bread & Bakery,1.75,,,,2.1,
1258,Warburtons Toastie Soft Thick White 400g,🍞 Bread & Bakery,,,,,1.45,
1259,Warburtons Soft Thick White Toastie 800g,🍞 Bread & Bakery,,,,,2.1,
1260,Warburtons 4 White Soft Pittas,🍞 Bread & Bakery,1.6,,,,1.85,
1261,Warburtons 4 Wholemeal Soft Pittas,🍞 Bread & Bakery,,,,,1.9,
1262,Warburtons Fruit Loaf with Cinnamon & Raisin 400g,🍞 Bread & Bakery,,,,,2.5,
1263,Warburtons 8 Crumpet Thins,🍞 Bread & Bakery,1.49,,,,1.7,
1264,Warburtons 4 Protein Flatbreads,🍞 Bread & Bakery,1.9,,,,2.25,
1265,Warburtons 6 Pancakes,🍞 Bread & Bakery,,,,,1.45,
1266,Warburtons 4 Breakfast Muffins,🍞 Bread & Bakery,1.55,,,,1.65,
1267,Warburtons 4 Fruity Teacakes,🍞 Bread & Bakery,1.85,,,,2.25,
1268,Warburtons 4 Large Sliced Rolls,🍞 Bread & Bakery,,,,,2.25,
1269,Warburtons 4 Seeded Protein Thin Bagels,🍞 Bread & Bakery,,,,,2.4,
1270,Warburtons 6 Crumpets,🍞 Bread & Bakery,,,,,1.45,
1271,Warburtons 6 Thin Bagels Original,🍞 Bread & Bakery,,,,,2.4,
1272,Warburtons 6 Potato Cakes,🍞 Bread & Bakery,,,,,1.65,
1273,Warburtons 6 Sliced Hotdog Rolls,🍞 Bread & Bakery,1.75,,,,2.1,
1274,Warburtons 6 Soft & Sliced White Rolls,🍞 Bread & Bakery,1.65,,,,1.95,
1275,Warburtons 6 Sliced Wholemeal Rolls,🍞 Bread & Bakery,,,,,1.95,
1276,Warburtons 6 Thins Soft Brown Sliced,🍞 Bread & Bakery,,,,,2.1,
1277,Warburtons 6 Thins Soft White Sliced,🍞 Bread & Bakery,,,,,2.1,
1278,Warburtons 9 Original Crumpets,🍞 Bread & Bakery,1.69,,,,2,
1279,Warburtons 5 Original Bagels,🍞 Bread & Bakery,2.19,,,,2.4,
1280,Warburtons Soft Round White Bread Milk Roll 400g,🍞 Bread & Bakery,1.7,,,,1.9,
1281,Baker Street 6 Pre-Sliced Burger Buns,🍞 Bread & Bakery,,,,,2.15,
1282,Baker Street 4 Hot Dog Rolls Pre-Cut,🍞 Bread & Bakery,,,,,2.15,
1283,Baker Street 6 Pre-Sliced Seeded Burger Buns,🍞 Bread & Bakery,,,,,2.15,
1284,Baker Street Sliced Brown 600g,🍞 Bread & Bakery,,,,,2.8,
1285,Baker Street White Sliced 550g,🍞 Bread & Bakery,,,,,2.8,
1286,Hovis Tasty Wholemeal Medium 800g,🍞 Bread & Bakery,,,,,1.9,
1287,Black Sheep White Tiger Bloomer 800g,🍞 Bread & Bakery,,,,,2.6,
1288,Delifrance Baguettes 250g (2x125g),🍞 Bread & Bakery,,,,,2,
1289,Delifrance Petits Pains 250g (4x62.5g),🍞 Bread & Bakery,,,,,2,
1290,Schär Gluten-Free White Ciabatta Rolls 200g,🍞 Bread & Bakery,3.05,,,,3,
1291,Schär Gluten-Free Brown Ciabatta Rolls 200g,🍞 Bread & Bakery,2.95,,,,3,
1292,Schär Wholesome White Loaf 300g,🍞 Bread & Bakery,3.65,,,,3.85,
1293,Schär Wholesome Seeded Loaf 300g,🍞 Bread & Bakery,3.65,,,,3.85,
1294,BFree Tiger Rolls 165g,🍞 Bread & Bakery,3.4,,,,3.4,
1295,Sharwoods 4 Plain Mini Naans,🍞 Bread & Bakery,2.45,,,,2.7,
1296,Sharwoods 4 Garlic & Coriander Mini Naans,🍞 Bread & Bakery,,,,,2.7,
1297,Sharwoods 8 Plain Poppadoms,🍞 Bread & Bakery,,,,,3.1,
1298,The Deli 6 Plain Pittas,🍞 Bread & Bakery,,,,,1.35,
1299,The Deli Burger Buns 4pk,🍞 Bread & Bakery,,,,,1.9,
1300,Leicester Bakery 2 Garlic & Coriander Naan Breads,🍞 Bread & Bakery,,,,,2,
1301,Mission Wraps Original 367g,🍞 Bread & Bakery,,,,,2.1,
1302,New York Bakery Co 5 Original Bagels 425g,🍞 Bread & Bakery,,,,,2.45,
1303,Old El Paso 6 Large Flour Tortillas 350g,🍞 Bread & Bakery,,,,,2.4,
1304,Tortilla Wraps 496g,🍞 Bread & Bakery,,,,,1.65,
1305,Las Iguanas 8pk Tortilla Wraps 320g,🍞 Bread & Bakery,,,,,1.35,
1306,Luxury Brioche Rolls 4pk,🍞 Bread & Bakery,,,,,2,
1307,Iceland 6 White Part Baked Petits Pains,🍞 Bread & Bakery,,,,,1.6,
1308,Iceland 2 Naan Breads 220g,🍞 Bread & Bakery,,,,,1.6,
1309,Iceland 2 Garlic & Coriander Naan Breads 220g,🍞 Bread & Bakery,,,,,1.6,
1310,Iceland Luxury 4 Extra Fruity Hot Cross Buns,🍞 Bread & Bakery,,,,,2.3,
1311,Iceland White Finger Rolls 6pk,🍞 Bread & Bakery,,,,,1.35,
1312,Iceland Wholemeal Deli Rolls 4pk,🍞 Bread & Bakery,,,,,1.2,
1313,Iceland White Deli Rolls 4pk,🍞 Bread & Bakery,,,,,1.2,
1314,Iceland Tiger Rolls 4pk,🍞 Bread & Bakery,,,,,1.8,
1315,Iceland Panini Rolls 4pk,🍞 Bread & Bakery,,,,,1.65,
1316,Iceland Cheese Topped Rolls 4pk,🍞 Bread & Bakery,,,,,1.8,
1317,Iceland Medium Sliced Tiger Bloomer 800g,🍞 Bread & Bakery,,,,,2.25,
1318,Iceland Malted Medium Sliced Bloomer 800g,🍞 Bread & Bakery,,,,,2.25,
1319,Iceland White Bloomer 800g,🍞 Bread & Bakery,,,,,2.25,
1320,Iceland Seeded Bloomer 800g,🍞 Bread & Bakery,,,,,2.25,
1321,Iceland Doorstop Thick White 800g,🍞 Bread & Bakery,,,,,1.55,
1322,Iceland Wholemeal Thick Bread 800g,🍞 Bread & Bakery,,,,,1.55,
1323,Iceland White Thick Bread 800g,🍞 Bread & Bakery,,,,,1.55,
1324,Daily Bakery Multiseed Rolls 4pk,🍞 Bread & Bakery,,,,,1.4,
1325,Daily Bakery Brioche Hot Dog Rolls 4pk,🍞 Bread & Bakery,,,,,1.5,
1326,Daily Bakery 4 Ciabatta Rolls,🍞 Bread & Bakery,,,,,1.95,
1327,Daily Bakery 4pk Tiger Sub Rolls 360g,🍞 Bread & Bakery,,,,,1.75,
1328,McVities Jamaica Ginger Sticky Pudding Cake,🍰 Cakes & Bakery,,,,,2.4,
1329,McVities Lyles Golden Syrup Sticky Pudding Cake,🍰 Cakes & Bakery,,,,,2.4,
1330,Mycakes Angel Cake,🍰 Cakes & Bakery,,,,,2.1,
1331,Mycakes Madeira Cake,🍰 Cakes & Bakery,,,,,2.1,
1332,Mr Kipling Manor House 390g,🍰 Cakes & Bakery,,,,,4,
1333,Mr Kipling 8 Angel Slices,🍰 Cakes & Bakery,,,,,3.35,
1334,Mr Kipling 6 Bakewell Slices,🍰 Cakes & Bakery,3.15,,,,3.35,
1335,Mr Kipling 6 Bramley Apple & Blackcurrant Pies,🍰 Cakes & Bakery,,,,,3.35,
1336,Mr Kipling 6 Viennese Whirls,🍰 Cakes & Bakery,3.15,,,,3.55,
1337,Mr Kipling 6 Cherry Bakewells,🍰 Cakes & Bakery,2.7,,,,3.55,
1338,Mr Kipling 6 Bramley Apple Pies,🍰 Cakes & Bakery,3.15,,,,3.55,
1339,Mr Kipling 8 Chocolate Slices,🍰 Cakes & Bakery,,,,,3.35,
1340,Mr Kipling 4 Birthday Cake Tarts,🍰 Cakes & Bakery,,,,,2.4,
1341,Mr Kipling Lunchbox 4 Raspberry Slices,🍰 Cakes & Bakery,,,,,2.15,
1342,Mr Kipling Lunchbox 4 Banana Slices,🍰 Cakes & Bakery,,,,,2.15,
1343,Cadbury 5 Cake Bars Fudge,🍰 Cakes & Bakery,,,,,2.95,
1344,Cadbury 10 Milk Chocolate Mini Rolls,🍰 Cakes & Bakery,4.35,,,,4.25,
1345,Nutella Muffin 172g,🍰 Cakes & Bakery,,,,,3.35,
1346,Nutella Donut 120g,🍰 Cakes & Bakery,,,,,3.35,
1347,Dunkin Rocky Road 2pk,🍰 Cakes & Bakery,,,,,3.3,
1348,Dunkin Yum n Crumble Cheesecake Crumble 146g,🍰 Cakes & Bakery,,,,,3.35,
1349,Dunkin Special Edition Pistachio 142g,🍰 Cakes & Bakery,,,,,3.35,
1350,Brompton House Deep Filled Apple Puffs 3pk 150g,🍰 Cakes & Bakery,,,,,1.35,
1351,Brompton House Choc Chip Muffins 6pk 150g,🍰 Cakes & Bakery,,,,,1.35,
1352,The Cake Crew 4 School Cakes,🍰 Cakes & Bakery,,,,,2.65,
1353,Chelsea Bakery Chocolate Sponge Round Cake 415g,🍰 Cakes & Bakery,,,,,4,
1354,Chelsea Bakery Victoria Sponge Round Cake 415g,🍰 Cakes & Bakery,,,,,4,
1355,Chelsea Bakery 4 Chocolate Mini Loaf Cakes 300g,🍰 Cakes & Bakery,,,,,4,
1356,Balconi Trancetto Yogurt & Strawberry 10x28g,🍰 Cakes & Bakery,,,,,2,
1357,Barny 5pk Chocolate Soft Baked Bears 125g,🍰 Cakes & Bakery,,,,,2.45,
1358,Dulcesol Plain Madeira Slices 370g,🍰 Cakes & Bakery,,,,,2.35,
1359,Lago Party Wafer Strawberry 250g,🍰 Cakes & Bakery,,,,,2.4,
1360,Milka Choc Chip Cake 175g,🍰 Cakes & Bakery,,,,,2,
1361,Real Lancashire Eccles Cakes,🍰 Cakes & Bakery,3.05,,,,2.65,
1362,Regal Bakery Crunchy Rusk 200g,🍰 Cakes & Bakery,,,,,1.95,
1363,The Daily Bakery White Ring Donuts 4pk 232g,🍰 Cakes & Bakery,,,,,2,
1364,The Daily Bakery Raspberry Jam Donuts 4pk,🍰 Cakes & Bakery,,,,,2,
1365,The Daily Bakery Pink Ring Donuts 4pk 220g,🍰 Cakes & Bakery,,,,,2,
1366,The Daily Bakery Custard Donuts 4pk,🍰 Cakes & Bakery,,,,,2,
1367,The Daily Bakery Chocolate Ring Donuts 4pk 220g,🍰 Cakes & Bakery,,,,,2,
1368,The Daily Bakery 4 Choc Slices 185g,🍰 Cakes & Bakery,,,,,2,
1369,The Daily Bakery 4 Assorted Slices 185g,🍰 Cakes & Bakery,,,,,2,
1370,The Daily Bakery 2 Belgian Buns,🍰 Cakes & Bakery,,,,,2,
1371,The Daily Bakery 15pk Chocolate Cookies,🍰 Cakes & Bakery,,,,,6.6,
1372,The Daily Bakery 4pk Triple Chocolate Muffins,🍰 Cakes & Bakery,,,,,1.85,
1373,Daily Bakery Cinnamon Buns 2pk,🍰 Cakes & Bakery,,,,,2,
1374,Bakersworth 5pk Panda Bars,🍰 Cakes & Bakery,,,,,1.35,
1375,Bakersworth Marimbas 5pk,🍰 Cakes & Bakery,,,,,1.35,
1376,Assorted Jam Tarts,🍰 Cakes & Bakery,,,,,1.65,
1377,Delasheras 12 Mini Traditional Fairy Cakes 280g,🍰 Cakes & Bakery,,,,,1.65,
1378,Hoppers Farmhouse 12 Iced Fairy Cakes,🍰 Cakes & Bakery,,,,,2,
1379,Soreen The Original Malt Loaf 190g,🍰 Cakes & Bakery,,,,,1.85,
1380,Mica 4 Belgian Frangipans Almond Flavoured Cakes,🍰 Cakes & Bakery,,,,,2.15,
1381,Mars Doughnut 2x57g,🍰 Cakes & Bakery,,,,,2.65,
1382,Iceland Victoria Sponge 345g,🍰 Cakes & Bakery,,,,,3.35,
1383,Iceland Syrup Sponge Pudding 100g,🍰 Cakes & Bakery,,,,,1.35,
1384,Iceland Raspberry Jam Sponge Pudding 100g,🍰 Cakes & Bakery,,,,,1.1,
1385,Iceland Chocolate Sponge Pudding 100g,🍰 Cakes & Bakery,,,,,1.1,
1386,Calvet Cuvee du Cap Sauvignon Blanc 75cl,🍷 Wine & Beer,,,,,10.5,
1387,Yellow Tail Chardonnay 750ml,🍷 Wine & Beer,,,,,8.95,
1388,Isla Negra Seashore Sauvignon Blanc 75cl,🍷 Wine & Beer,,,,,6.85,
1389,Mad Fish Sauvignon Blanc 750ml,🍷 Wine & Beer,,,,,10,
1390,Isla Negra Seashore Chardonnay 75cl,🍷 Wine & Beer,,,,,6.85,
1391,Shearwater Marlborough Sauvignon Blanc 75cl,🍷 Wine & Beer,,,,,11.1,
1392,KWV Classic Collection Sauvignon Blanc 750ml,🍷 Wine & Beer,,,,,6.85,
1393,Canaletto Pinot Grigio Delle Venezie 75cl,🍷 Wine & Beer,,,,,6.85,
1394,Yellow Tail Pinot Grigio 750ml,🍷 Wine & Beer,,,,,8.95,
1395,Villa Maria Private Bin Sauvignon Blanc 750ml,🍷 Wine & Beer,,,,,8.4,
1396,Oyster Bay Marlborough Chardonnay 750ml,🍷 Wine & Beer,,,,,12.1,
1397,Oyster Bay Marlborough Sauvignon Blanc 750ml,🍷 Wine & Beer,,,,,12.1,
1398,KWV Classic Collection Chardonnay 750ml,🍷 Wine & Beer,,,,,6.85,
1399,KWV Classic Collection Chenin Blanc 750ml,🍷 Wine & Beer,,,,,6.85,
1400,La Vieille Ferme White 750ml,🍷 Wine & Beer,,,,,10.5,
1401,Kumala Chardonnay 750ml,🍷 Wine & Beer,,,,,8.95,
1402,PEMO Pecorino 75cl,🍷 Wine & Beer,,,,,10.5,
1403,Kumala Sauvignon Blanc 750ml,🍷 Wine & Beer,,,,,8.95,
1404,Isla Negra Sauvignon Blanc 2.25 Litres,🍷 Wine & Beer,,,,,18.9,
1405,Echo Falls Chardonnay 750ml,🍷 Wine & Beer,,,,,8.95,
1406,Echo Falls Pinot Grigio 750ml,🍷 Wine & Beer,,,,,8.95,
1407,Echo Falls Sauvignon Blanc 750ml,🍷 Wine & Beer,,,,,8.95,
1408,Echo Falls White Wine 75cl,🍷 Wine & Beer,,,,,7.35,
1409,Hardys VR Chardonnay 750ml,🍷 Wine & Beer,,,,,8.95,
1410,Hardys VR Pinot Grigio 750ml,🍷 Wine & Beer,,,,,8.95,
1411,Hardys Voyage Chardonnay 750ml,🍷 Wine & Beer,,,,,7.35,
1412,Kumala Cape Classic White Wine 750ml,🍷 Wine & Beer,,,,,7.35,
1413,Kumala Chenin Blanc 750ml,🍷 Wine & Beer,,,,,8.95,
1414,Jack Rabbit Chardonnay 750ml,🍷 Wine & Beer,,,,,8.95,
1415,Jack Rabbit Sauvignon Blanc 750ml,🍷 Wine & Beer,,,,,8.95,
1416,The Whale Caller Sauvignon Blanc Colombard 750ml,🍷 Wine & Beer,,,,,7.35,
1417,When in Rome Pecorino White Wine 187ml,🍷 Wine & Beer,,,,,3.45,
1418,Gordon Ramsay Pinot Grigio 750ml,🍷 Wine & Beer,,,,,9.45,
1419,Very Cautious Riesling 750ml,🍷 Wine & Beer,,,,,6.3,
1420,Terredavino Venturina Gavi 75cl,🍷 Wine & Beer,,,,,10.5,
1421,Solini Trebbiano Pinot Grigio 75cl,🍷 Wine & Beer,,,,,6.85,
1422,Paul Mas Viognier Sauvignon 75cl,🍷 Wine & Beer,,,,,10.5,
1423,Paul Mas Reserve Languedoc Blanc 75cl,🍷 Wine & Beer,,,,,8.4,
1424,McGuigan Gold Label Chardonnay 75cl,🍷 Wine & Beer,,,,,5.8,
1425,McGuigan Family Release Chardonnay 75cl,🍷 Wine & Beer,,,,,8.95,
1426,McGuigan Black Label Sauvignon Blanc 75cl,🍷 Wine & Beer,,,,,9.25,
1427,Lago Vinho Verde DOC 750ml,🍷 Wine & Beer,,,,,8.95,
1428,Lago Cerqueira Vinho Verde DOC 750ml,🍷 Wine & Beer,,,,,8.95,
1429,Namaqua Dry White 3ltr,🍷 Wine & Beer,,,,,23.1,
1430,Louis Latour Bourgogne Chardonnay 75cl,🍷 Wine & Beer,,,,,16.8,
1431,La Monetta Gavi 75cl,🍷 Wine & Beer,,,,,11.55,
1432,The Ned Marlborough Pinot Grigio 750ml,🍷 Wine & Beer,,,,,11.55,
1433,Blossom Hill Sauvignon Blanc 750ml,🍷 Wine & Beer,,,,,8.4,
1434,Blossom Hill Crisp & Fruity White Wine 750ml,🍷 Wine & Beer,,,,,6.85,
1435,Boschendal Chardonnay 750ml,🍷 Wine & Beer,,,,,11.1,
1436,Gary Barlow Malbec 750ml,🍷 Wine & Beer,,,,,9.45,
1437,El Companero Malbec 75cl,🍷 Wine & Beer,,,,,10,
1438,Jam Shed Malbec 750ml,🍷 Wine & Beer,,,,,10,
1439,Yellow Tail Shiraz 750ml,🍷 Wine & Beer,,,,,8.95,
1440,Isla Negra Seashore Merlot 75cl,🍷 Wine & Beer,,,,,6.85,
1441,Deporte De Reyes Malbec 75cl,🍷 Wine & Beer,,,,,9.45,
1442,McGuigan Black Label Malbec 75cl,🍷 Wine & Beer,,,,,9.25,
1443,KWV Classic Collection Shiraz 750ml,🍷 Wine & Beer,,,,,6.85,
1444,Mad Fish Shiraz 750ml,🍷 Wine & Beer,,,,,10,
1445,Campo Viejo Tempranillo 750ml,🍷 Wine & Beer,,,,,8.4,
1446,Campo Viejo Tempranillo 187ml,🍷 Wine & Beer,,,,,3.45,
1447,KWV Classic Merlot 75cl,🍷 Wine & Beer,,,,,6.85,
1448,KWV Classic Collection Cabernet Sauvignon 750ml,🍷 Wine & Beer,,,,,6.85,
1449,Terre Di Faiano Primitivo Organic Wine 75cl,🍷 Wine & Beer,,,,,11.1,
1450,Terre Di Faiano Primitivo Organic Wine 250ml,🍷 Wine & Beer,,,,,3.7,
1451,Blason du Rhone Chateauneuf-du-Pape 750ml,🍷 Wine & Beer,,,,,25.2,
1452,Isla Negra Seashore Cabernet Sauvignon 75cl,🍷 Wine & Beer,,,,,6.85,
1453,Kumala Shiraz 750ml,🍷 Wine & Beer,,,,,8.95,
1454,Isla Negra Seashore Cabernet Sauvignon 2.25L,🍷 Wine & Beer,,,,,18.9,
1455,Echo Falls Merlot 750ml,🍷 Wine & Beer,,,,,8.95,
1456,Echo Falls Merlot 187ml,🍷 Wine & Beer,,,,,2.65,
1457,Echo Falls Chardonnay 187ml,🍷 Wine & Beer,,,,,2.65,
1458,Jam Shed Shiraz 750ml,🍷 Wine & Beer,,,,,10,
1459,Isla Negra Malbec 75cl,🍷 Wine & Beer,,,,,6.85,
1460,Yellow Tail Jammy Red Roo 750ml,🍷 Wine & Beer,,,,,9.25,
1461,Porta 6 750ml,🍷 Wine & Beer,,,,,10,
1462,Echo Falls Red Wine 750ml,🍷 Wine & Beer,,,,,7.35,
1463,Hardys VR Merlot 750ml,🍷 Wine & Beer,,,,,8.95,
1464,McGuigan Gold Label Shiraz 75cl,🍷 Wine & Beer,,,,,9.45,
1465,Hardys Varietal Range Shiraz 750ml,🍷 Wine & Beer,,,,,8.95,
1466,Kumala Pinotage 750ml,🍷 Wine & Beer,,,,,8.95,
1467,Hardys Voyage Shiraz 750ml,🍷 Wine & Beer,,,,,7.35,
1468,De Vina Non-Alcoholic Sparkling Red Grape 75cl,🍷 Wine & Beer,,,,,2.65,
1469,Jack Rabbit Merlot 750ml,🍷 Wine & Beer,,,,,8.95,
1470,Jack Rabbit Shiraz 750ml,🍷 Wine & Beer,,,,,8.95,
1471,Oyster Bay Hawkes Bay Merlot 75cl,🍷 Wine & Beer,,,,,12.1,
1472,Echo Falls Shiraz 750ml,🍷 Wine & Beer,,,,,8.95,
1473,The Whale Caller Shiraz Cabernet Sauvignon 750ml,🍷 Wine & Beer,,,,,7.35,
1474,Melini Riserva Chianti DOCG 750ml,🍷 Wine & Beer,,,,,10,
1475,Melini Chianti Classico 750ml,🍷 Wine & Beer,,,,,11.1,
1476,McGuigan Family Release Shiraz 75cl,🍷 Wine & Beer,,,,,8.95,
1477,Louis Pardon Brouilly 75cl,🍷 Wine & Beer,,,,,13.15,
1478,Graham Norton He-Devil Malbec 750ml,🍷 Wine & Beer,,,,,10.5,
1479,Georges Duboef Fleurie 75cl,🍷 Wine & Beer,,,,,14.7,
1480,Faustino VI Tempranillo 75cl,🍷 Wine & Beer,,,,,10.5,
1481,Cotes du Rhone 75cl,🍷 Wine & Beer,,,,,8.7,
1482,Canaletto Montepulciano D'Abruzzo 75cl,🍷 Wine & Beer,,,,,7.9,
1483,Blason du Rhone Cotes Du Rhone Villages 750ml,🍷 Wine & Beer,,,,,10,
1484,Terredavino Barolo Vendemmia 75cl,🍷 Wine & Beer,,,,,23.1,
1485,Sorcova Pinot Noir 75cl,🍷 Wine & Beer,,,,,9.45,
1486,Namaqua Smooth Dry Red 75cl,🍷 Wine & Beer,,,,,6.85,
1487,Namaqua Dry Red 3ltr,🍷 Wine & Beer,,,,,23.1,
1488,Yellow Tail Merlot 750ml,🍷 Wine & Beer,,,,,8.95,
1489,Very Cautious Shiraz 750ml,🍷 Wine & Beer,,,,,6.3,
1490,Cellier des Dauphins Merlot Grenache 75cl,🍷 Wine & Beer,,,,,9.45,
1491,Beaujolais Cuvee Des Vignerons 75cl,🍷 Wine & Beer,,,,,10.5,
1492,Mateus The Original Rose 75cl,🍷 Wine & Beer,,,,,7.9,
1493,Mirabeau Belle Annee Rose 75cl,🍷 Wine & Beer,,,,,11.55,
1494,Kylie Minogue Signature Rose 75cl,🍷 Wine & Beer,,,,,9.45,
1495,La Vieille Ferme Rose 750ml,🍷 Wine & Beer,,,,,10.5,
1496,Isla Negra Seashore Rose 75cl,🍷 Wine & Beer,,,,,6.85,
1497,Echo Falls White Zinfandel Rose 75cl,🍷 Wine & Beer,,,,,8.95,
1498,Echo Falls White Grenache 750ml,🍷 Wine & Beer,,,,,8.95,
1499,Echo Falls Pinot Grigio Rose 750ml,🍷 Wine & Beer,,,,,8.95,
1500,Jack Rabbit Pinot Grigio Rose 750ml,🍷 Wine & Beer,,,,,8.95,
1501,Italia Pinot Grigio Rose 750ml,🍷 Wine & Beer,,,,,7.9,
1502,Esprit de Buganay Cotes de Provence 75cl,🍷 Wine & Beer,,,,,15.75,
1503,Bijou Grenache Rose 250ml,🍷 Wine & Beer,,,,,3.7,
1504,La Gioiosa Alcohol Free Rose 75cl,🍷 Wine & Beer,,,,,6.3,
1505,Blossom Hill White Zinfandel 750ml,🍷 Wine & Beer,,,,,8.4,
1506,Yellow Tail Jammy Rose Roo 750ml,🍷 Wine & Beer,,,,,9.25,
1507,Most Wanted Malbec 187ml,🍷 Wine & Beer,,,,,3.45,
1508,JP Chenet Colombard-Chardonnay 25cl,🍷 Wine & Beer,,,,,3.7,
1509,La Gioiosa Prosecco DOC Treviso 75cl,🍷 Wine & Beer,,,,,13.65,
1510,La Gioiosa Prosecco Treviso 75cl,🍷 Wine & Beer,,,,,11.55,
1511,La Gioiosa Rosea Brut 75cl,🍷 Wine & Beer,,,,,11.1,
1512,Lagioiosa Prosecco Rose Millesimato 750ml,🍷 Wine & Beer,,,,,12.6,
1513,La Gioiosa Prosecco DOC Treviso 20cl,🍷 Wine & Beer,,,,,4.2,
1514,La Gioiosa Prosecco Rose DOC Millesimato 20cl,🍷 Wine & Beer,,,,,4.2,
1515,Kylie Minogue Prosecco DOC 75cl,🍷 Wine & Beer,,,,,11.55,
1516,Kylie Minogue Alcohol Free Sparkling Rose 75cl,🍷 Wine & Beer,,,,,7.35,
1517,MARTINI Asti Italian Sparkling Wine 75cl,🍷 Wine & Beer,,,,,11.55,
1518,Dolly Prosecco 75cl,🍷 Wine & Beer,,,,,11.55,
1519,San Leo Prosecco 75cl,🍷 Wine & Beer,,,,,8.4,
1520,Charles Lecouvey Brut Champagne 750ml,🍷 Wine & Beer,,,,,26.25,
1521,Freixenet Prosecco 75cl,🍷 Wine & Beer,,,,,11.55,
1522,Cockburns Special Reserve Port 75cl,🍷 Wine & Beer,,,,,18.9,
1523,MARTINI Rosso Vermouth Aperitivo 75cl,🍷 Wine & Beer,,,,,14.7,
1524,Lech Premium Beer 500ml,🍷 Wine & Beer,,,,,3.45,
1525,Tyskie Gronie Beer 500ml,🍷 Wine & Beer,,,,,3.7,
1526,Asahi Super Dry Beer 620ml,🍷 Wine & Beer,,,,,4,
1527,Peroni Nastro Azzurro Lager 620ml,🍷 Wine & Beer,,,,,3.8,
1528,Peroni Nastro Azzurro Gluten Free 330ml,🍷 Wine & Beer,,,,,2.1,
1529,Liberation IPA 4.8% 500ml,🍷 Wine & Beer,,,,,3.1,
1530,Asahi Super Dry Beer 4x330ml,🍷 Wine & Beer,,,,,5.55,
1531,Carlsberg Danish Pilsner 10x440ml,🍷 Wine & Beer,,,,,11.55,
1532,Carlsberg Danish Pilsner 4x500ml,🍷 Wine & Beer,,,,,6.85,
1533,Stella Artois Belgium Premium Lager 4x440ml,🍷 Wine & Beer,,,,,5.55,
1534,Corona Extra 4x330ml,🍷 Wine & Beer,,,,,5.25,
1535,Carlsberg Export Lager 4x500ml,🍷 Wine & Beer,,,,,6.3,
1536,Budweiser Lager Beer Bottles 4x300ml,🍷 Wine & Beer,,,,,5.1,
1537,Budweiser Beer 12x300ml,🍷 Wine & Beer,,,,,11.55,
1538,Corona Extra Bottles 10x330ml,🍷 Wine & Beer,,,,,10.5,
1539,Carlsberg Export Lager 10x440ml,🍷 Wine & Beer,,,,,14.7,
1540,Desperados Tequila Lager 3x330ml,🍷 Wine & Beer,,,,,7.1,
1541,Carling Limited Edition 10x440ml,🍷 Wine & Beer,,,,,12.1,
1542,Peroni Nastro Azzurro 12x330ml,🍷 Wine & Beer,,,,,18.9,
1543,Carling Original Lager 4x500ml,🍷 Wine & Beer,,,,,6.85,
1544,Madri Excepcional 4x440ml,🍷 Wine & Beer,,,,,6.4,
1545,San Miguel Especial Premium Lager 4x440ml,🍷 Wine & Beer,,,,,7.35,
1546,Birra Moretti Premium Lager Cans 4x440ml,🍷 Wine & Beer,,,,,7.65,
1547,Cruzcampo Sevilla Beer Cans 4x440ml,🍷 Wine & Beer,,,,,7.65,
1548,John Smiths Extra Smooth Ale Cans 4x440ml,🍷 Wine & Beer,,,,,7.15,
1549,Guinness Draught Stout Beer Cans 4x440ml,🍷 Wine & Beer,,,,,7.9,
1550,Guinness Draught Stout Beer 10x440ml,🍷 Wine & Beer,,,,,16.8,
1551,Newcastle Brown Ale Bottle 550ml,🍷 Wine & Beer,,,,,3.1,
1552,Doom Bar Amber Ale 4x500ml,🍷 Wine & Beer,,,,,6.85,
1553,Shipyard American Pale Ale 500ml,🍷 Wine & Beer,,,,,2.6,
1554,King Goblin Imperial Ruby Beer 500ml,🍷 Wine & Beer,,,,,2.6,
1555,BrewDog Black Heart Draught Stout 4x440ml,🍷 Wine & Beer,,,,,8.6,
1556,Thatchers Apple & Blackcurrant Cider 4x440ml,🍷 Wine & Beer,,,,,7.15,
1557,Strongbow Original Cider Cans 4x440ml,🍷 Wine & Beer,,,,,7.35,
1558,Thatchers Gold Somerset Cider 10x440ml,🍷 Wine & Beer,,,,,14.7,
1559,Inchs Medium Apple Cider Cans 4x440ml,🍷 Wine & Beer,,,,,7.15,
1560,Thatchers Gold Somerset Cider 4x440ml,🍷 Wine & Beer,,,,,6.6,
1561,Thatchers Rose Cider 4x440ml,🍷 Wine & Beer,,,,,7.15,
1562,Thatchers Haze Somerset Cider 10x440ml,🍷 Wine & Beer,,,,,14.2,
1563,Thatchers Haze Somerset Cider 4x440ml,🍷 Wine & Beer,,,,,6.6,
1564,Thatchers Cloudy Lemon Cider 4x440ml,🍷 Wine & Beer,,,,,7.15,
1565,Strongbow Dark Fruit Cider Cans 4x440ml,🍷 Wine & Beer,,,,,7.9,
1566,Rekorderlig Strawberry-Lime Cider 4x330ml,🍷 Wine & Beer,,,,,7.9,
1567,Thatchers Blood Orange Cider 4x440ml,🍷 Wine & Beer,,,,,7.15,
1568,Thatchers Juicy Apple Cider 4x440ml,🍷 Wine & Beer,,,,,6.6,
1569,Thatchers Haze Somerset Cider 500ml,🍷 Wine & Beer,,,,,3.1,
1570,Rekorderlig Cider Strawberry & Lime 500ml,🍷 Wine & Beer,,,,,3.55,
1571,Rekorderlig Cider Berries 500ml,🍷 Wine & Beer,,,,,3.55,
1572,Rekorderlig Mango & Raspberry 500ml,🍷 Wine & Beer,,,,,3.55,
1573,Rekorderlig Wild Berries Cider 4x330ml,🍷 Wine & Beer,,,,,7.9,
1574,Thatchers Rascal Somerset Cider 500ml,🍷 Wine & Beer,,,,,3.1,
1575,Thatchers Rose Cider 500ml,🍷 Wine & Beer,,,,,2.95,
1576,Thatchers Blood Orange Cider 500ml,🍷 Wine & Beer,,,,,2.95,
1577,Old Mout Cider Pineapple & Raspberry 500ml,🍷 Wine & Beer,,,,,3.1,
1578,Rekorderlig Peach-Raspberry Cider 500ml,🍷 Wine & Beer,,,,,3.55,
1579,Birra Moretti Zero Alcohol Free Beer 4x330ml,🍷 Wine & Beer,,,,,5.1,
1580,Thatchers Zero% Somerset Cider 4x440ml,🍷 Wine & Beer,,,,,5.55,
1581,San Miguel Alcohol Free Beer 4x330ml,🍷 Wine & Beer,,,,,5.55,
1582,Guinness Draught Alcohol Free Stout 4x440ml,🍷 Wine & Beer,,,,,6.3,
1583,Butcombe Goram Zero 330ml,🍷 Wine & Beer,,,,,1.9,
1584,Thatchers Zero% Somerset Cider 500ml,🍷 Wine & Beer,,,,,2.2,
1585,Kopparberg Alcohol-Free Mixed Fruit Cider 500ml,🍷 Wine & Beer,,,,,2.1,
1586,Kopparberg Alcohol-Free Strawberry & Lime 500ml,🍷 Wine & Beer,,,,,2.1,
1587,Becks Blue Alcohol Free Beer 6x275ml,🍷 Wine & Beer,,,,,6.1,
1588,Sharps Doom Bar Zero Alcohol-Free Beer 500ml,🍷 Wine & Beer,,,,,2.35,
1589,Stella Artois Alcohol Free Lager 4x330ml,🍷 Wine & Beer,,,,,4.5,
1590,Eisberg Alcohol Free Cabernet Sauvignon 75cl,🍷 Wine & Beer,,,,,4.75,
1591,Eisberg Alcohol Free Chardonnay 75cl,🍷 Wine & Beer,,,,,4.75,
1592,Eisberg Alcohol Free Sauvignon Blanc 75cl,🍷 Wine & Beer,,,,,4.75,
1593,La Gioiosa Alcohol Free Sparkling 750ml,🍷 Wine & Beer,,,,,6.3,
1594,Corona Cero 4x330ml,🍷 Wine & Beer,,,,,5.55,
1595,De Vina Sparkling Mango Flavour Drink 75cl,🍷 Wine & Beer,,,,,2.65,
1596,Cobra Zero Beer 4x330ml,🍷 Wine & Beer,,,,,5.55,
1597,Dead Mans Fingers Alcohol Free Spiced Rum 70cl,🍷 Wine & Beer,,,,,17.85,
1598,Peroni Nastro Azzurro 0.0% 4x330ml,🍷 Wine & Beer,,,,,5.55,
1599,Kylie Minogue Alcohol Free Sparkling Blanc 75cl,🍷 Wine & Beer,,,,,7.35,
1600,Captain Morgan Spiced Gold & Pepsi MAX Premix 250ml,🍷 Wine & Beer,,,,,3.45,
1601,Smirnoff Raspberry Crush & Lemonade RTD 250ml,🍷 Wine & Beer,,,,,3.45,
1602,Crabbies Original Alcoholic Ginger Beer 500ml,🍷 Wine & Beer,,,,,3.35,
1603,Smirnoff Vodka and Cola RTD 250ml,🍷 Wine & Beer,,,,,3.45,
1604,Gordons Premium Pink Gin & Tonic RTD 250ml,🍷 Wine & Beer,,,,,3.45,
1605,Smirnoff Vodka & Cranberry RTD 250ml,🍷 Wine & Beer,,,,,3.45,
1606,Smirnoff Miami Peach & Lemonade RTD 250ml,🍷 Wine & Beer,,,,,3.45,
1607,Gordons London Dry Gin & Diet Tonic RTD 250ml,🍷 Wine & Beer,,,,,3.45,
1608,Pimms No.1 Cup & Lemonade RTD 250ml,🍷 Wine & Beer,,,,,3.45,
1609,Gordons London Dry Gin & Tonic RTD 250ml,🍷 Wine & Beer,,,,,3.45,
1610,Smirnoff Ice Original Vodka Mixed Drink 70cl,🍷 Wine & Beer,,,,,5.35,
1611,Lagioiosa White Fizz 200ml,🍷 Wine & Beer,,,,,3.7,
1612,Lagioiosa Rosea Fizz 200ml,🍷 Wine & Beer,,,,,3.7,
1613,Captain Morgan Original Spiced Rum 5cl,🍷 Wine & Beer,,,,,3.45,
1614,Malibu Original White Rum with Coconut 70cl,🍷 Wine & Beer,,,,,21.55,
1615,Glens Gin 70cl,🍷 Wine & Beer,,,,,21,
1616,Gordons Premium Pink Gin 70cl,🍷 Wine & Beer,,,,,24.7,
1617,Gordons Special Dry London Gin 70cl,🍷 Wine & Beer,,,,,23.1,
1618,Glens Gin 35cl,🍷 Wine & Beer,,,,,11.55,
1619,Gordons Special Dry London Gin 5cl,🍷 Wine & Beer,,,,,3.45,
1620,Glens London Dry Gin 1ltr,🍷 Wine & Beer,,,,,28.35,
1621,Jack Daniels Tennessee Honey 5cl,🍷 Wine & Beer,,,,,3.45,
1622,Jack Daniels Tennessee Apple 5cl,🍷 Wine & Beer,,,,,3.45,
1623,High Commissioner Blended Scotch Whisky 1L,🍷 Wine & Beer,,,,,30.45,
1624,Bells Blended Scotch Whisky 20cl,🍷 Wine & Beer,,,,,10.3,
1625,Jack Daniels Old No.7 Tennessee Whiskey 70cl,🍷 Wine & Beer,,,,,33.6,
1626,High Commissioner Blended Scotch Whisky 70cl,🍷 Wine & Beer,,,,,22.1,
1627,Bells Original Blended Scotch Whisky 70cl,🍷 Wine & Beer,,,,,24.15,
1628,The Famous Grouse Finest Scotch Whisky 5cl,🍷 Wine & Beer,,,,,3.45,
1629,Bells Blended Scotch Whisky 5cl,🍷 Wine & Beer,,,,,3.45,
1630,High Commissioner Blended Scotch Whisky 35cl,🍷 Wine & Beer,,,,,13.15,
1631,Grey Goose Premium French Vodka 70cl,🍷 Wine & Beer,,,,,42,
1632,Smirnoff No.21 Vodka 20cl,🍷 Wine & Beer,,,,,9.25,
1633,Smirnoff No.21 Vodka 70cl,🍷 Wine & Beer,,,,,22.6,
1634,Smirnoff Red Label Vodka 1L,🍷 Wine & Beer,,,,,31.5,
1635,Glens Vodka 70cl,🍷 Wine & Beer,,,,,24.15,
1636,Smirnoff No.21 Vodka 5cl,🍷 Wine & Beer,,,,,3.45,
1637,Smirnoff No.21 Vodka 35cl,🍷 Wine & Beer,,,,,14.2,
1638,Absolut Vodka 700ml,🍷 Wine & Beer,,,,,31.5,
1639,Kahlua Coffee Liqueur 70cl,🍷 Wine & Beer,,,,,22.1,
1640,Baileys Original Irish Cream 1L,🍷 Wine & Beer,,,,,29.4,
1641,Baileys Original Irish Cream 70cl,🍷 Wine & Beer,,,,,22.1,
1642,Baileys Original Irish Cream 50ml,🍷 Wine & Beer,,,,,3.45,
1643,Jagermeister Herbal Liqueur 70cl,🍷 Wine & Beer,,,,,33.6,
1644,Disaronno Originale 500ml,🍷 Wine & Beer,,,,,23.95,
1645,Tia Maria Cold Brew Coffee Liqueur 700ml,🍷 Wine & Beer,,,,,26.25,
1646,Harveys Solera Sherry 1L,🍷 Wine & Beer,,,,,19.95,
1647,Glens Dark Rum 70cl,🍷 Wine & Beer,,,,,22.1,
1648,Bacardi Carta Blanca Superior White Rum 70cl,🍷 Wine & Beer,,,,,26.8,
1649,Three Barrels Brandy 70cl,🍷 Wine & Beer,,,,,28.9,
1650,7UP Zero Sugar 2L,🥤 Drinks,,,,,2.75,
1651,Kingsley Cola 2L,🥤 Drinks,,,,,1.1,
1652,Kingsley Lemonade 2L,🥤 Drinks,,,,,1.1,
1653,Kingsley Cherryade 2L,🥤 Drinks,,,,,1.1,
1654,Kingsley Orangeade 2L,🥤 Drinks,,,,,1.1,
1655,Coca-Cola Original Taste 1.75L,🥤 Drinks,,,,,3.6,
1656,Tango Sugar Free Strawberry Smash 2L,🥤 Drinks,,,,,2.75,
1657,Pepsi 2L,🥤 Drinks,,,,,2.65,
1658,Sunny D Pink Lemonade 1L,🥤 Drinks,,,,,1.65,
1659,Tango Zero Cherry Sugar Free 2L,🥤 Drinks,,,,,2.85,
1660,Appletiser Sparkling Apple Juice 750ml,🥤 Drinks,,,,,2.65,
1661,Coca-Cola Cherry 1.75L,🥤 Drinks,,,,,3.6,
1662,Coca-Cola Original Taste 1.25L,🥤 Drinks,,,,,2.9,
1663,Coca-Cola Zero Sugar 2L,🥤 Drinks,,,,,3.5,
1664,Diet Coke 2L,🥤 Drinks,,,,,2.8,
1665,Diet Coke No Caffeine 2L,🥤 Drinks,,,,,3.5,
1666,Dr Pepper 2L,🥤 Drinks,,,,,3.15,
1667,Dr Pepper Zero 2L,🥤 Drinks,,,,,3.15,
1668,Fanta Fruit Twist 2L,🥤 Drinks,,,,,2.65,
1669,Fanta Fruit Twist Zero 2L,🥤 Drinks,,,,,2.65,
1670,Fanta Orange 2L,🥤 Drinks,,,,,2.65,
1671,Fanta Orange Zero 2L,🥤 Drinks,,,,3.05,2.65,
1672,Irn-Bru 2L,🥤 Drinks,,,,,2.95,
1673,Irn-Bru Xtra Sugar Free 2L,🥤 Drinks,,,,,2.95,
1674,Lipton Ice Tea Peach 1.25L,🥤 Drinks,,,,,2.5,
1675,Oasis Citrus Punch 1.5L,🥤 Drinks,,,,,2.35,
1676,Oasis Summer Fruits 1.5L,🥤 Drinks,,,,,2.35,
1677,Pepsi Max Cherry 3L,🥤 Drinks,,,,,3.95,
1678,Pepsi Diet 2L,🥤 Drinks,,,,,2.65,
1679,Pepsi Max 2L,🥤 Drinks,,,,,2.65,
1680,Pepsi Max Cherry 1.25L,🥤 Drinks,,,,,1.85,
1681,Pepsi Max Cherry No Sugar 2L,🥤 Drinks,,,,,2.65,
1682,Pepsi Max 1.25L,🥤 Drinks,,,,,1.85,
1683,Schweppes Lemonade 2L,🥤 Drinks,,,,,2.3,
1684,Schweppes Slimline Lemonade 2L,🥤 Drinks,,,,,2.3,
1685,Sprite 2L,🥤 Drinks,,,,,3.15,
1686,Tango Apple Sugar Free 2L,🥤 Drinks,,,,,2.85,
1687,Tango Orange 2L,🥤 Drinks,,,,,2.65,
1688,Vimto 2.1L,🥤 Drinks,,,,,2.1,
1689,Lipton Lemon Ice Tea 1.25L,🥤 Drinks,,,,,2.5,
1690,Fanta Lemon 2L,🥤 Drinks,,,,,2.65,
1691,R Whites Lemonade 3L,🥤 Drinks,,,,,1.1,
1692,Vimto 3L,🥤 Drinks,,,,,4.65,
1693,Vimto No Added Sugar Real Fruit Squash 3L,🥤 Drinks,,,,,4.65,
1694,Robinsons Summer Fruits 750ml,🥤 Drinks,,,,,1.75,
1695,Ribena Blackcurrant Squash 1.5L,🥤 Drinks,,,,,3.95,
1696,Robinsons Mini Summer Fruits 66ml,🥤 Drinks,,,,,2.9,
1697,Robinsons Double Strength Orange & Pineapple 1.75L,🥤 Drinks,,,,,4.75,
1698,Robinsons Orange 1.75L,🥤 Drinks,,,,,4.75,
1699,Robinsons Double Strength Summer Fruits 1.75L,🥤 Drinks,,,,,4.75,
1700,Robinsons Juicy Peach & Raspberry Fruit Creations 1L,🥤 Drinks,,,,,3.1,
1701,Robinsons Zesty Orange & Mango Fruit Creations 1L,🥤 Drinks,,,,,2.65,
1702,Robinsons Mini Orange 66ml,🥤 Drinks,,,,,2.9,
1703,Robinsons Orange 3L,🥤 Drinks,,,,,4.75,
1704,Robinsons Peach 1L,🥤 Drinks,,,,,1.7,
1705,Robinsons Lemon 1L,🥤 Drinks,,,,,1.7,
1706,Robinsons Summer Fruits 1L,🥤 Drinks,,,,,1.7,
1707,Vimto Raspberry Orange & Passionfruit Squash 1.5L,🥤 Drinks,,,,,2.65,
1708,Vimto Mango Strawberry & Pineapple Squash 1.5L,🥤 Drinks,,,,,2.65,
1709,Ribena Blackcurrant No Added Sugar Squash 1.5L,🥤 Drinks,,,,,3.95,
1710,Jucee Orange Lemon & Pineapple 2L,🥤 Drinks,,,,,1.4,
1711,Jucee Orange 2L,🥤 Drinks,,,,,1.4,
1712,Robinsons Orange 750ml,🥤 Drinks,,,,,1.75,
1713,Robinsons Apple & Blackcurrant 750ml,🥤 Drinks,,,,,1.75,
1714,Robinsons Apple & Blackcurrant 3L,🥤 Drinks,,,,,4.75,
1715,Robinsons Rich Blackberry & Blueberry 1L,🥤 Drinks,,,,,3.1,
1716,Jucee Apple & Blackcurrant 2L,🥤 Drinks,,,,,1.4,
1717,Schweppes Slimline Tonic Water 12x150ml,🥤 Drinks,,,,,7.9,
1718,Schweppes Slimline Tonic Water 1L,🥤 Drinks,,,,,2.35,
1719,Schweppes Indian Tonic Water 1L,🥤 Drinks,,,,,2.35,
1720,Walkers Sensations Thai Sweet Chilli Grab Bag 40g,🍿 Snacks,1.3,,,,1.1,
1721,Walkers Smoky Bacon Grab Bag 45g,🍿 Snacks,1.3,,,,1.1,
1722,Walkers Salt & Vinegar Grab Bag 45g,🍿 Snacks,1.3,,,,1.1,
1723,Walkers Prawn Cocktail Grab Bag 45g,🍿 Snacks,1.3,,,,1.1,
1724,Walkers Roast Chicken Grab Bag 45g,🍿 Snacks,1.3,,,,1.1,
1725,Goldies Chilli Rice Crackers 70g,🍿 Snacks,,,,,1.35,
1726,Cofresh Chilli & Lemon Grills 80g,🍿 Snacks,,,,,1.75,
1727,Cofresh Jalapeno Flavour Potato Grills 80g,🍿 Snacks,,,,,1.75,
1728,Hula Hoops Big Hoops Irresistibly Salted 45g,🍿 Snacks,1.3,,,,1.35,
1729,Jack Links Beef Jerky Sweet & Hot 25g,🍿 Snacks,,,,,1.95,
1730,Love Corn Sea Salt Crunchy Corn 45g,🍿 Snacks,,,,,1.35,
1731,Love Corn Delicious Crunchy Corn 45g,🍿 Snacks,,,,,1.25,
1732,McCoys Ridge Cut Cheddar & Onion 45g,🍿 Snacks,,,,,1.35,
1733,McCoys Ridge Cut Flame Grilled Steak 45g,🍿 Snacks,,,,,1.35,
1734,McCoys Ridge Cut Salt & Malt Vinegar 45g,🍿 Snacks,,,,,1.35,
1735,McCoys Ridge Cut Thai Sweet Chicken 45g,🍿 Snacks,,,,,1.35,
1736,Walkers Monster Munch Sweet & Spicy 40g,🍿 Snacks,,,,,1.1,
1737,Popchips Barbeque 23g,🍿 Snacks,,,,,1.1,
1738,Snack a Jacks Salt & Vinegar Rice Cakes 23g,🍿 Snacks,,,,,0.9,
1739,Snack a Jacks Sour Cream & Chive Rice Cakes 23g,🍿 Snacks,,,,,0.9,
1740,Tyrrells Lightly Sea Salted 40g,🍿 Snacks,,,,,1.35,
1741,Walkers Baked Cheese & Onion Grab Bag 37.5g,🍿 Snacks,,,,,1,
1742,Walkers Cheese & Onion Grab Bag 45g,🍿 Snacks,1.3,,,,1.1,
1743,Walkers Max Zingy Salt & Malt Vinegar 50g,🍿 Snacks,,,,,1.2,
1744,Walkers Monster Munch Roast Beef 40g,🍿 Snacks,,,,,1.1,
1745,Walkers Baked Sea Salt Grab Bag 37.5g,🍿 Snacks,,,,,1.1,
1746,Walkers Quavers Cheese Grab Bag 34g,🍿 Snacks,,,,,1.1,
1747,Walkers Ready Salted Grab Bag 45g,🍿 Snacks,1.3,,,,1.1,
1748,Walkers Squares Salt & Vinegar Grab Bag 40g,🍿 Snacks,,,,,1.1,
1749,The Temple of Our Gods Jerky 25g,🍿 Snacks,,,,,1.55,
1750,Werther's Original Caramel Popcorn 140g,🍿 Snacks,,,,,3.35,
1751,Butterkist Crunchy Toffee Popcorn 140g,🍿 Snacks,2,,,,2.15,
1752,PROPERCORN Sea Salted Popcorn 20g,🍿 Snacks,,,,,1.1,
1753,Propercorn Sweet & Salty Popcorn 30g,🍿 Snacks,,,,,1.1,
1754,Regal Snacks Lightly Salted Popcorn 180g,🍿 Snacks,,,,,2.1,
1755,Regal Snacks Sweet & Salted Popcorn 200g,🍿 Snacks,,,,,2.1,
1756,Regal Snacks Sweet Popcorn 200g,🍿 Snacks,,,,,2.1,
1757,The Big Night In Butter Toffee Popcorn 350g,🍿 Snacks,,,,,3.65,
1758,Big Night In Sweet & Salted Popcorn 250g,🍿 Snacks,,,,,3.7,
1759,Heera Popcorn 500g,🍿 Snacks,,,,,1.35,
1760,Forest Feast Salted Dark Chocolate Almonds 40g,🍿 Snacks,,,,,1.85,
1761,That's Nuts Walkers Salt & Vinegar Coated Peanuts 160g,🍿 Snacks,,,,,2.25,
1762,That's Nuts Wotsits Really Cheesy Coated Peanuts 160g,🍿 Snacks,,,,,2.25,
1763,Cofresh Hot Bombay Mix 200g,🍿 Snacks,,,,,1.75,
1764,That's Nuts Walkers Max Paprika Coated Peanuts 160g,🍿 Snacks,,,,,2.25,
1765,East End Red Peanuts 400g,🍿 Snacks,,,,,2.65,
1766,Cofresh Balti Mix 200g,🍿 Snacks,,,,,1.75,
1767,Cofresh London Mix 200g,🍿 Snacks,,,,,1.75,
1768,Go Nuts Roasted & Salted Cashews 100g,🍿 Snacks,,,,,1.35,
1769,Heera Jumbo Pistachios 700g,🍿 Snacks,,,,,10.55,
1770,Madinah Delight Khudri Dates 450g,🍿 Snacks,,,,,3.65,
1771,KP Dry Roasted Peanuts 250g,🍿 Snacks,3.4,,,,3.65,
1772,KP Honey Roast Peanuts 225g,🍿 Snacks,3.4,,,,3.65,
1773,KP Original Salted Peanuts 250g,🍿 Snacks,3.4,,,,3.65,
1774,Snack Foods Beer Nuts 150g,🍿 Snacks,,,,,1.95,
1775,Walkers Sensations Thai Sweet Chilli Coated Peanuts 150g,🍿 Snacks,,,,,2.5,
1776,Whitworths Yoghurt Coated Peanuts 115g,🍿 Snacks,,,,,2.65,
1777,Whitworths Walnuts 90g,🍿 Snacks,,,,,1.65,
1778,Whitworths Fruit & Nut Mix 140g,🍿 Snacks,,,,,2.65,
1779,Whitworths Chocolatey Raisins 115g,🍿 Snacks,,,,,2.65,
1780,Whitworths Chocolatey Peanuts 115g,🍿 Snacks,,,,,2.65,
1781,Whitworths Chocolatey Brazil Nuts 95g,🍿 Snacks,,,,,2.65,
1782,Go Nuts Salted Peanuts 200g,🍿 Snacks,,,,,1.35,
1783,Go Nuts Dry Roasted Peanuts 200g,🍿 Snacks,,,,,1.35,
1784,TGI BBQ Coated Peanuts 120g,🍿 Snacks,,,,,1.35,
1785,Desime Luxury Fruit & Nut Mix 700g,🍿 Snacks,,,,,9.2,
1786,Whitworths Yoghurt Coated Raisins 115g,🍿 Snacks,,,,,2.65,
1787,Old El Paso Chunky Salsa Dip Mild 312g,🍿 Snacks,,,,,2.35,
1788,Old El Paso Guacamole Mild 320g,🍿 Snacks,,,,,2.35,
1789,Rustlers Grilled Chicken Sandwich 150g,🌡️ Chilled,,,,,3.35,
1790,Attack a Snak Ham N Cheese Wrap Kit 86g,🌡️ Chilled,1.95,,,,2,
1791,BBQ Chicken Toastie,🌡️ Chilled,,,,,4.2,
1792,Myprotein Firecracker Chicken with Rice 325g,🌡️ Chilled,4.75,,,,4.5,
1793,Myprotein Japanese Style Chicken Curry with Rice 325g,🌡️ Chilled,4.75,,,,4.5,
1794,Myprotein Chilli Chipotle Beef with Rice 310g,🌡️ Chilled,4.75,,,,4.5,
1795,Cathedral City Cottage Pie Meal For One 400g,🌡️ Chilled,,,,,5.55,
1796,Myprotein Panang Chicken with Rice 325g,🌡️ Chilled,,,,,4.5,
1797,Mash Direct Champ 400g,🌡️ Chilled,,,,,2.15,
1798,Cathedral City 4 Mature Cheddar Slices Crackers & Pickle 122g,🌡️ Chilled,,,,,3.1,
1799,Flemmings 2 Cheese Burger 261g,🌡️ Chilled,,,,,2.65,
1800,Iceland Luxury Mashed Potato 400g,🌡️ Chilled,,,,,2.75,
1801,Iceland Luxury Carrot & Swede 400g,🌡️ Chilled,,,,,2.75,
1802,Iceland Beef Casserole 300g,🌡️ Chilled,,,,,5.3,
1803,Mash Direct Broccoli with Cheese Sauce 300g,🌡️ Chilled,,,,,2.6,
1804,Richmond Meat-Free 8 Tasty Sausages 304g,🌡️ Chilled,3.4,,,,2.8,
1805,Walls 2 Pork Sausage Rolls 160g,🌡️ Chilled,,,,,1.9,
1806,Pastry Pantry 2pk Mature Cheese & Spring Onion Quiche 240g,🌡️ Chilled,,,,,3.35,
1807,Pastry Pantry 2pk Cheddar & Ham Quiche 240g,🌡️ Chilled,,,,,3.35,
1808,Pastry Pantry Cheese & Onion Quiche 375g,🌡️ Chilled,,,,,3.4,
1809,Pastry Pantry Cheese & Bacon Quiche 375g,🌡️ Chilled,,,,,3.4,
1810,Pukka 2 Microwaveable Chicken Pies,🌡️ Chilled,,,,,4.65,
1811,Tulip Bacon Grill 250g,🌡️ Chilled,,,,,2.45,
1812,Richmond 8 Thick Pork Sausages,🌡️ Chilled,3.15,,,,3.65,
1813,Mattessons Smoked Pork Sausage Original 130g,🌡️ Chilled,,,,,2.4,
1814,Richmond 8 Skinless Pork Sausages 213g,🌡️ Chilled,,,,,2.4,
1815,Sokolow Hunter Sausage,🌡️ Chilled,,,,,3.45,
1816,Sokolow Romanian Hot Dogs,🌡️ Chilled,,,,,2.1,
1817,The Bury Black Pudding Co 4 Traditional Black Pudding Slices 230g,🌡️ Chilled,1.75,,,,1.9,
1818,Iceland Streaky Bacon,🌡️ Chilled,,,,,2.95,
1819,Iceland Smoked Bacon,🌡️ Chilled,,,,,2.95,
1820,Iceland Unsmoked Medallions 200g,🌡️ Chilled,,,,,3.15,
1821,Iceland Thick Cut Unsmoked Bacon 500g,🌡️ Chilled,,,,,5.15,
1822,Iceland Thick Cut Smoked Bacon 500g,🌡️ Chilled,,,,,5.15,
1823,Iceland Thick Cut Unsmoked Bacon 300g,🌡️ Chilled,,,,,2.95,
1824,Iceland Thick Cut Smoked Bacon 300g,🌡️ Chilled,,,,,2.95,
1825,Iceland Smoked Back Bacon 1kg,🌡️ Chilled,,,,,9.2,
1826,Iceland Luxury 6 The Ultimate Sausages 300g,🌡️ Chilled,,,,,5.25,
1827,Iceland 8 Pork Sausages,🌡️ Chilled,,,,,2.65,
1828,Iceland Unsmoked Back Bacon 150g,🌡️ Chilled,,,,,1.65,
1829,Iceland Smoked Back Bacon 150g,🌡️ Chilled,,,,,1.65,
1830,Iceland Unsmoked Back Bacon 300g,🌡️ Chilled,,,,,2.95,
1831,Iceland Luxury 6 Cumberland Sausages 300g,🌡️ Chilled,,,,,5.25,
1832,Iceland Luxury 10 Pork Chipolata Sausages 454g,🌡️ Chilled,,,,,5.25,
1833,Herta The Original Frankfurter 10 Classics 350g,🌡️ Chilled,,,,,3.45,
1834,Iceland Unsmoked Back Bacon 1kg,🌡️ Chilled,,,,,9.2,
1835,Iceland Smoked Streaky Bacon 235g,🌡️ Chilled,,,,,2.95,
1836,Iceland Smoked Medallions 200g,🌡️ Chilled,,,,,3,
1837,Iceland Cumberland Sausage 360g,🌡️ Chilled,,,,,2.65,
1838,Iceland BBQ Chicken Pasta 250g,🌡️ Chilled,,,,,2.95,
1839,Country Choice Mozzarella Pesto & Tomato Ciabatta,🌡️ Chilled,,,,,4.2,
1840,Attack a Snak Chicken N Cheese Wrap Kit 86g,🌡️ Chilled,,,,,2,
1841,Deli Speciale Trio of Olives 150g,🌡️ Chilled,,,,,3.15,
1842,Chovi Allioli Creamy Garlic Dip 180ml,🌡️ Chilled,,,,,2.35,
1843,Deli Speciale Olives with Salad Cheese 150g,🌡️ Chilled,,,,,3.15,
1844,Iceland Luxury Reduced Fat Coleslaw 300g,🌡️ Chilled,,,,,2.95,
1845,Iceland Potato Salad 450g,🌡️ Chilled,,,,,2.95,
1846,Iceland Onion & Garlic Dip 200g,🌡️ Chilled,,,,,2.45,
1847,Iceland Garlic & Herb Dip 100g,🌡️ Chilled,,,,,1.35,
1848,Iceland 4pk Classic Dip Selection 400g,🌡️ Chilled,,,,,3.45,
1849,Deli Speciale Cheesy Garlic Olives 150g,🌡️ Chilled,,,,,3.15,
1850,Iceland Coleslaw,🌡️ Chilled,,,,,2.95,
1851,Iceland Sour Cream & Chive Dip 200g,🌡️ Chilled,,,,,2.45,
1852,Iceland Red Pepper Houmous 200g,🌡️ Chilled,,,,,2.45,
1853,Iceland Houmous 200g,🌡️ Chilled,,,,,2.45,
1854,Iceland Chilli Cheese Dip 200g,🌡️ Chilled,,,,,2.45,
1855,Florette Crispy Strong Salad 140g,🥦 Fruit & Veg,,,,,1.85,
1856,Iceland Broccoli,🥦 Fruit & Veg,,,,,1.35,
1857,Iceland Red Onions 3pk,🥦 Fruit & Veg,,,,,1.35,
1858,Iceland Maris Piper Potatoes,🥦 Fruit & Veg,,,,,2.65,
1859,Iceland Herby Baby Potatoes 340g,🥦 Fruit & Veg,,,,,1.65,
1860,Iceland Baby Salad Potatoes 600g,🥦 Fruit & Veg,,,,,1.7,
1861,Iceland White Potatoes 1.6kg,🥦 Fruit & Veg,,,,,2.65,
1862,Bagged Brown Onions,🥦 Fruit & Veg,,,,,1.65,
1863,Hazlemere Fine Foods Corn on the Cob,🥦 Fruit & Veg,,,,,1.65,
1864,Florette Crunchy Side Salad 220g,🥦 Fruit & Veg,,,,,2.95,
1865,Florette Sweet Iceberg 150g,🥦 Fruit & Veg,,,,,1.35,
1866,Florette Mixed Salad 125g,🥦 Fruit & Veg,,,,,1.35,
1867,Florette Baby Spinach 100g,🥦 Fruit & Veg,,,,,1.35,
1868,Hazlemere Fine Foods Whole Beetroot 500g,🥦 Fruit & Veg,,,,,1.35,
1869,Florette Sweet & Crunchy Salad 180g,🥦 Fruit & Veg,,,,,1.35,
1870,Iceland Sweet Peppers,🥦 Fruit & Veg,,,,,2.65,
1871,Keelings Spring Onions,🥦 Fruit & Veg,,,,,1.25,
1872,Iceland Tenderstem Broccoli 170g,🥦 Fruit & Veg,,,,,2.25,
1873,Iceland Red Potatoes 1.5kg,🥦 Fruit & Veg,,,,,2.65,
1874,Iceland Jacket Potatoes 1.2kg,🥦 Fruit & Veg,,,,,2.65,
1876,Garlic,🥦 Fruit & Veg,,,,,1.35,
1877,Closed Cup Mushrooms,🥦 Fruit & Veg,,,,,1.35,
1878,Brown Onion 3pk,🥦 Fruit & Veg,,,,,1.35,
1879,Iceland Chestnut Mushrooms 250g,🥦 Fruit & Veg,,,,,1.5,
1880,Iceland Ripe & Ready Avocado 2pk,🥦 Fruit & Veg,,,,,2.4,
1881,Iceland Little Gem Lettuce 2pk,🥦 Fruit & Veg,,,,,1.4,
1882,Iceland Carrots 1kg,🥦 Fruit & Veg,,,,,1.25,
1883,Iceland Green Beans 160g,🥦 Fruit & Veg,,,,,1.95,
1884,Pink Lady 4 Apples,🥦 Fruit & Veg,,,,,3.1,
1885,Fyffes Premium Bananas,🥦 Fruit & Veg,,,,,2.1,
1886,Fyffes 5 Premium Bananas,🥦 Fruit & Veg,,,,,1.35,
1887,Iceland Strawberries 227g,🥦 Fruit & Veg,,,,,3.4,
1888,Iceland Watermelon,🥦 Fruit & Veg,,,,,4.65,
1889,Iceland Raspberries 125g,🥦 Fruit & Veg,,,,,3.1,
1890,Iceland Easy Peelers,🥦 Fruit & Veg,,,,,2.65,
1891,Honeydew Melon,🥦 Fruit & Veg,,,,,2.7,
1892,Grapes Red,🥦 Fruit & Veg,,,,,2.95,
1893,Grapes Mixed,🥦 Fruit & Veg,,,,,2.95,
1894,Blueberries,🥦 Fruit & Veg,,,,,3.1,
1895,Iceland 6pk Kiwi,🥦 Fruit & Veg,,,,,2.65,
1896,Iceland 6pk Granny Smith Apples,🥦 Fruit & Veg,,,,,2.45,
1897,Iceland 6pk Braeburn Apples,🥦 Fruit & Veg,,,,,2.45,
1898,Iceland Seedless Black Grapes 500g,🥦 Fruit & Veg,,,,,2.95,
1899,Iceland Fun Size Apples 420g,🥦 Fruit & Veg,,,,,1.7,
1900,Iceland Conference Pears 4pk,🥦 Fruit & Veg,,,,,2.5,
1901,Iceland Limes 3pk,🥦 Fruit & Veg,,,,,1.35,
1902,Iceland 6 Gala Apples,🥦 Fruit & Veg,,,,,2.45,
1903,Iceland White Seedless Grapes,🥦 Fruit & Veg,,,,,2.95,
1904,4 Pack Oranges,🥦 Fruit & Veg,,,,,2.85,
1905,Iceland Lemons 3pk,🥦 Fruit & Veg,,,,,1.35,
1906,Pedigree Tasty Minis Cheese & Beef Nibbles 140g,🐾 Pet,,,,,1.4,
1907,Pedigree Schmackos Multi Mix Dog Treats 20 Strips,🐾 Pet,,,,,1.4,
1908,Bakers Whirlers Bacon & Cheese Dog Treats 130g,🐾 Pet,,,,,1.6,
1909,Winalot Meaty Chunks Mixed in Jelly 12x100g,🐾 Pet,,,,,5,
1910,Pedigree Jumbone Medium Dog Treats Beef & Poultry 2 Chews,🐾 Pet,,,,,1.4,
1911,Tidy Tails 60 Biodegradable Pet Wipes,🐾 Pet,,,,,1.35,
1912,TidyZ 240 Pocket Pack Doggy Bags,🐾 Pet,,,,,3.35,
1913,Spike Treat Bone Dog Toy,🐾 Pet,,,,,3.2,
1914,Foam Branch Dog Toy,🐾 Pet,,,,,3.2,
1915,Foam Boomerang with Ball Dog Toy,🐾 Pet,,,,,3.2,
1916,P*l 10pk Dog Play Balls,🐾 Pet,,,,,3.7,
1917,Launcher & Ball Set Multi Colour,🐾 Pet,,,,,2.1,
1918,Pedigree Dentastix Daily Dental Chews Medium 28 Sticks,🐾 Pet,,,,,7.9,
1919,Pedigree Adult Wet Dog Food Mixed Selection 6x385g,🐾 Pet,,,,,8.1,
1920,Bakers Adult Chicken & Country Vegetables 3kg,🐾 Pet,,,,,8.3,
1921,Winalot Meaty Chunks Mixed in Gravy 40x100g,🐾 Pet,,,,,18.4,
1922,Pedigree Adult Wet Dog Food Mixed Selection in Jelly 12x100g,🐾 Pet,,,,,5.6,
1923,Pedigree Adult Wet Dog Food Mixed Selection Jelly 40x100g,🐾 Pet,,,,,15.9,
1924,Cesar Classics Terrine Dog Food Mixed in Loaf 8x150g,🐾 Pet,,,,,7.3,
1925,Dreamies Creamy Snack Cat & Kitten Treat Chicken 4x10g,🐾 Pet,,,,,1.55,
1926,Felix Soup Time Farm Selection Wet Cat Food 6x48g,🐾 Pet,,,,,2.95,
1927,Felix As Good As It Looks Ocean Feasts 12x85g,🐾 Pet,,,,,7.25,
1928,Purina ONE Bifensis Adult 3kg,🐾 Pet,,,,,15.75,
1929,Felix As Good As It Looks Kitten Mixed in Jelly 12x85g,🐾 Pet,,,,,5.5,
1930,Sheba Fresh & Fine Chicken & Turkey Gravy 6x50g,🐾 Pet,,,,,3,
1931,Felix Original Mixed Selection in Gravy 12x85g,🐾 Pet,,,,,5.2,
1932,Dreamies Cat Treat Biscuits Cheese Flavour 60g,🐾 Pet,,,,,1.75,
1933,Dreamies Meaty Sticks Salmon Cat Treats 30g,🐾 Pet,,,,,1.65,
1934,Go-Cat Duck & Chicken Adult 750g,🐾 Pet,,,,,3.95,
1935,Gourmet Mon Petit Intense Fine Cuts 6x50g,🐾 Pet,,,,,2.1,
1936,Gourmet Mon Petit Turkey Chicken & Duck 6x50g,🐾 Pet,,,,,2.1,
1937,Go-Cat Chicken & Duck Dry Cat Food 2kg,🐾 Pet,,,,,7.1,
1938,Whiskas 1+ Poultry Feasts Wet Cat Food 12x85g,🐾 Pet,,,,,5.95,
1939,Whiskas 1+ Dry Chicken Cat Food 1.9kg,🐾 Pet,,,,,6.95,
1940,Whiskas Senior 7+ Poultry Feasts Wet Cat Food 40x85g,🐾 Pet,,,,,12.75,
1941,Felix Original Mixed Selection in Jelly 7+ Years 12x85g,🐾 Pet,,,,,5.2,
1942,Whiskas 1+ Fish Favourites Wet Cat Food 12x85g,🐾 Pet,,,,,6.1,
1943,Purina ONE Bifensis Adult 800g,🐾 Pet,,,,,7.3,
1944,Felix Original Mixed Selection in Jelly 40x85g,🐾 Pet,,,,,13.85,
1945,Felix As Good As It Looks Meaty Selection in Jelly 12x85g,🐾 Pet,,,,,5.5,
1946,Purina ONE Bifensis Senior 7+ 750g,🐾 Pet,,,,,7.3,
1947,Catsan Hygiene Non-Clumping Cat Litter 10L,🐾 Pet,,,,,9.25,
1948,Dreamies Cat Treat Biscuits Chicken Flavour 200g,🐾 Pet,,,,,3.95,
1949,Gourmet Perle Mini Fillets Ocean Delicacies 12x85g,🐾 Pet,,,,,7.15,
1950,Sheba Fine Flakes Poultry Selection in Jelly 12x85g,🐾 Pet,,,,,7.25,
1951,Gourmet Perle Mini Fillets Chef's Collection 40x85g,🐾 Pet,,,,,24.35,
1952,Ambrosia Rice Pudding 400g,🍝 Pantry,,,,,2.35,
1953,McDougalls Plain Flour 1.5kg,🍝 Pantry,,,,,2.35,
1954,McDougalls Self Raising Flour 1.5kg,🍝 Pantry,,,,,2.35,
1955,Ambrosia Devon Custard 400g,🍝 Pantry,2.1,,,,2.35,
1956,Ambrosia Devon Custard 500g,🍝 Pantry,2.3,,,,2.35,
1957,Carnation Evaporated Milk 410g,🍝 Pantry,1.9,,,,2.15,
1958,Brompton House Chocolate Brownies 6x20g,🍰 Cakes & Bakery,,,,,1.35,
1959,Brompton House Fantasy Brownies 6x20g,🍰 Cakes & Bakery,1.59,,,,1.35,
1960,Ambrosia Chocolate Flavour Devon Custard 400g,🍝 Pantry,,,,,1.7,
1961,Carnation Condensed Milk 397g,🍝 Pantry,,,,,2.45,
1962,Ambrosia Rice Pudding 4x120g,🍝 Pantry,,,,,3.35,
1963,Borwicks Bicarbonate of Soda 100g,🍝 Pantry,,,,,1.75,
1964,Carnation Caramel 397g,🍝 Pantry,2.75,,,,3.65,
1965,Dr Oetker 18 Party Candles,🍝 Pantry,,,,,1.45,
1966,Epicure White Marzipan 250g,🍝 Pantry,,,,,2.1,
1967,Hartley's Jelly Orange Flavour 125g,🍝 Pantry,1,,,,1,
1968,Hartley's Jelly Raspberry Flavour 125g,🍝 Pantry,,,,,1,
1969,Jif Lemon Juice 100ml,🍝 Pantry,,,,,1.35,
1970,Lees 8 Meringue Nests,🍝 Pantry,,,,,2.65,
1971,Silver Spoon Granulated Sweetener 75g,🍝 Pantry,,,,,2.35,
1972,Victoria Bakery Dumpling Mix 140g,🍝 Pantry,,,,,1.35,
1973,Hilltop Clear Honey 240g,🍝 Pantry,,,,,1.65,
1974,Heera Gram Flour Besan 2kg,🍝 Pantry,,,,,3.7,
1975,Whitworths Granulated Sugar 500g,🍝 Pantry,,,,,1,
1976,Whitworths Granulated Sugar 1kg,🍝 Pantry,,,,,1.6,
1977,Hartleys Strawberry Jelly Pots 6pk 750g,🍝 Pantry,,,,,3.65,
1978,Ambrosia Devon Custard 4x120g,🍝 Pantry,,,,,3.35,
1979,Birds Brandy Flavour Sauce 465g,🍝 Pantry,,,,,2.1,
1980,Askeys Chocolate Flavour Sauce 325g,🍝 Pantry,,,,,1.7,
1981,Askeys Strawberry Flavour Topping 325g,🍝 Pantry,,,,,1.95,
1982,Dr Oetker Moroccan Almond Extract 35ml,🍝 Pantry,1.85,,,,2.25,
1983,Dr Oetker Rainbow Decorating Icing 6x19g,🍝 Pantry,,,,,3.5,
1984,Epicure Golden Marzipan 250g,🍝 Pantry,,,,,2.1,
1985,Hartley's Jelly Strawberry Flavour 125g,🍝 Pantry,1,,,,1,
1986,Hartleys Raspberry Jelly Pots 6pk 750g,🍝 Pantry,,,,,3.65,
1987,Hartleys 2pk Strawberry Jelly 135g,🍝 Pantry,,,,,2.4,
1988,Old El Paso Smoky BBQ Fajita Kit 500g,🍝 Pantry,4.49,,,,5.55,
1989,Princes Corned Beef 340g,🍝 Pantry,5.2,,,,5,
1990,Osprey Flakes Tuna in Brine 160g,🍝 Pantry,,,,,1,
1991,Ye Olde Oak 8 Hot Dogs in Brine 400g,🍝 Pantry,,,,,1.6,
1992,Flemmings 2 American Style Hotdog 218g,🍝 Pantry,,,,,2.65,
1993,Wikinger 6 Hot Dogs 345g,🍝 Pantry,,,,,1.7,
1994,Wikinger 12 Hot Dogs Bockwurst Style 1030g,🍝 Pantry,,,,,5,
1995,John West Mackerel Fillets in Sunflower Oil 115g,🍝 Pantry,,,,,2.4,
1996,John West Tuna Chunks in Sunflower Oil 4x132g,🍝 Pantry,,,,,4.95,
1997,Princes Stewed Steak 392g,🍝 Pantry,5.15,,,,5.2,
1998,Wikinger Premium Bockwurst Sausages in Brine 550g,🍝 Pantry,,,,,3.95,
1999,John West Sardines in Sunflower Oil 120g,🍝 Pantry,,,,,1.8,
2000,Hertford Fine Foods Corned Beef 340g,🍝 Pantry,,,,,3.9,
2001,John West Tuna Chunks in Spring Water 4x132g,🍝 Pantry,,,,,4.95,
2002,John West Tuna Chunks in Brine 4x132g,🍝 Pantry,,,,,4.95,
2003,John West Tuna Chunks Little Sunflower Oil 3x100g,🍝 Pantry,,,,,4.95,
2004,John West Tuna Chunks Little Spring Water 3x100g,🍝 Pantry,,,,3.7,4.95,
2005,John West Tuna Chunks Little Brine 3x100g,🍝 Pantry,,,,,4.95,
2006,Heinz Baked Beans 4x415g,🍝 Pantry,,,,,5.2,
2007,Iceland Baked Beans,🍝 Pantry,,,,,1.85,
2008,Heinz Baked Beanz Snap Pots 4x200g,🍝 Pantry,,,,,4.65,
2009,Branston Baked Beans 4x410g,🍝 Pantry,3.69,,,4.65,3.95,
2010,Heinz No Added Sugar Beanz 3x200g,🍝 Pantry,,,,,3.35,
2011,Heinz Beanz Tikka Creamy 390g,🍝 Pantry,,,,,1.4,
2012,Heinz Beanz Cheesy 390g,🍝 Pantry,,,,,2.55,
2013,Heinz Beanz with Richmond Pork Sausages 415g,🍝 Pantry,,,,,2.65,
2014,Heinz Beanz Barbecue 390g,🍝 Pantry,,,,,1.4,
2015,Branston Baked Beans with Sausages 405g,🍝 Pantry,,,,,1.75,
2016,Heinz Beanz Family Pack 6x415g,🍝 Pantry,,,,,5.95,
2017,Heinz Beanz Richmond Pork Sausages 3x200g,🍝 Pantry,,,,,3.95,
2018,Heinz Baked Beans 3x200g,🍝 Pantry,,,,,3.35,
2019,Batchelors Original Mushy Peas 300g,🍝 Pantry,1.05,,,,1,
2020,Green Giant Original 198g,🍝 Pantry,1.5,,,,1.35,
2021,Green Giant Original 3x198g,🍝 Pantry,,,,,3.65,
2022,Batchelors Sweetcorn in Water 3x180g,🍝 Pantry,,,,,2.55,
2023,Batchelors Baby Carrots in Water 400g,🍝 Pantry,,,,,1.35,
2024,Batchelors Peas & Carrots in Water 400g,🍝 Pantry,,,,,1.35,
2025,Batchelors Marrowfat Bigga Peas 300g,🍝 Pantry,,,,,1,
2026,Reeva Cream Mashed Potato 40g,🍝 Pantry,,,,,0.7,
2027,Batchelors Sliced Mushrooms in Water 285g,🍝 Pantry,,,,,1.6,
2028,Batchelors Garden Peas in Water 300g,🍝 Pantry,,,,,1,
2029,KTC Kala Chana in Salted Water 400g,🍝 Pantry,,,,,0.85,
2030,Pickle & Co Burger Gherkins 670g,🍝 Pantry,,,,,2.65,
2031,Kesar Mango Pulp 850g,🍝 Pantry,,,,,2.9,
2032,Napolina Peeled Plum Tomatoes 400g,🍝 Pantry,,,,,1.35,
2033,Rodolfi Double Concentrate Tomato Puree 200g,🍝 Pantry,,,,,1.85,
2034,Don Mario Peeled Plum Tomatoes 400g,🍝 Pantry,,,,,0.85,
2035,Napolina Chopped Tomatoes 400g,🍝 Pantry,,,,,1.35,
2036,Don Mario Chopped Tomatoes 400g,🍝 Pantry,,,,,0.85,
2037,Heinz Spaghetti Hoops 400g,🍝 Pantry,,,,,1.65,
2038,Batchelors Pasta n Sauce Chicken & Mushroom 99g,🍝 Pantry,,,,,1.95,
2039,Heinz Spaghetti Hoops 3x205g,🍝 Pantry,,,,,3.35,
2040,Fray Bentos Steak & Kidney 425g,🍝 Pantry,,,,,4.2,
2041,Princes Chicken in White Sauce 392g,🍝 Pantry,3.4,,,,3.35,
2042,Heinz Spaghetti Bolognese 400g,🍝 Pantry,,,,,2.65,
2043,Heinz Beef Ravioli 400g,🍝 Pantry,,,,,2.65,
2044,Heinz Macaroni Cheese 400g,🍝 Pantry,,,,,2.65,
2045,Heinz Spaghetti with Richmond Pork Sausages 400g,🍝 Pantry,,,,,2.65,
2046,Princes Mild Chicken Curry 392g,🍝 Pantry,,,,,3.35,
2047,Branston Beef Ravioli 395g,🍝 Pantry,,,,,1.75,
2048,Heinz Spaghetti Hoops Snap Pots 4x190g,🍝 Pantry,,,,,4.65,
2049,Batchelors Pasta n Sauce Tomato Onion & Herb 99g,🍝 Pantry,,,,,1.95,
2050,Batchelors Chicken Flavour Super Rice 90g,🍝 Pantry,,,,,1.75,
2051,Princes Minced Beef & Onion 392g,🍝 Pantry,3.4,,,,3.35,
2052,Branston Spaghetti Loops in Tomato Sauce 395g,🍝 Pantry,,,,,1.35,
2053,Old El Paso Extra Mild Fajita Kit 476g,🍝 Pantry,4.49,,,,5.55,
2054,Heinz Spaghetti Richmond Pork Sausages 3x200g,🍝 Pantry,,,,,3.95,
2055,Batchelors Pasta n Sauce Cheese & Broccoli 99g,🍝 Pantry,1.3,,,,1.95,
2056,Heinz Spaghetti 4x400g,🍝 Pantry,,,,,5.2,
2057,Old El Paso Cheesy Baked Enchilada Kit 663g,🍝 Pantry,4.49,,,,5.55,
2058,Heinz Cream of Chicken Soup 290g,🍝 Pantry,,,,,2.3,
2059,Heinz Cream of Tomato Soup 400g,🍝 Pantry,,,,,2.3,
2060,Heinz Vegetable Soup 400g,🍝 Pantry,2.15,,,,2.3,
2061,Heinz Big Soup Beef & Vegetable 400g,🍝 Pantry,,,,,2.85,
2062,Heinz Big Soup Chicken & Vegetable 400g,🍝 Pantry,,,,,2.85,
2063,Heinz Big Soup Chunky Vegetable 400g,🍝 Pantry,,,,,2.85,
2064,Heinz Potato & Leek Soup 400g,🍝 Pantry,,,,,2.3,
2065,Heinz Cream of Chicken Soup 4x400g,🍝 Pantry,,,,,5.95,
2066,Batchelors Cup a Soup Cream of Vegetable 90g,🍝 Pantry,,,,,1.65,
2067,Batchelors Cup a Soup Chicken 3 Sachets 56g,🍝 Pantry,,,,,1.65,
2068,Heinz Cream of Mushroom Soup 400g,🍝 Pantry,2.15,,,,2.3,
2069,Heinz Oxtail Soup 400g,🍝 Pantry,2.15,,,,2.3,
2070,Heinz Minestrone Soup 400g,🍝 Pantry,,,,,2.3,
2071,Heinz Cream of Tomato Soup 4x400g,🍝 Pantry,,,,,5.8,
2072,Heinz Chicken Noodle Soup 400g,🍝 Pantry,,,,,2.3,
2073,Napolina Five Bean Salad in Vinaigrette 400g,🍝 Pantry,1.3,,,,1.45,
2074,Napolina Red Kidney Beans in Water 400g,🍝 Pantry,1.45,,,,1.35,
2075,Heera Chana Dall 500g,🍝 Pantry,,,,,1.4,
2076,Heera Red Kidney Beans 2kg,🍝 Pantry,,,,,7.95,
2077,Heera Red Split Lentils 2kg,🍝 Pantry,,,,,4.65,
2078,Napolina Chickpeas in Water 240g,🍝 Pantry,1.45,,,,1.35,
2079,Heera Moong Dal Washed 500g,🍝 Pantry,,,,,1.75,
2080,Heera Red Kidney Beans 400g,🍝 Pantry,,,,,1.1,
2081,Nutini Chocolino Cocoa & Hazelnut Spread 300g,🍝 Pantry,,,,,1.5,
2082,Nutini Smooth Caramelised Biscuit Spread 300g,🍝 Pantry,,,,,1.5,
2083,Nutella Hazelnut Spread with Cocoa 350g,🍝 Pantry,4.05,,,,5.1,
2084,Hartleys Strawberry Seedless Jam 300g,🍝 Pantry,2.2,,,,2.3,
2085,Nutella Hazelnut Spread with Cocoa 630g,🍝 Pantry,,,,,6.3,
2086,Princes Salmon Paste 75g,🍝 Pantry,,,,,1.1,
2087,Bovril Beef & Yeast Extract Paste 125g,🍝 Pantry,,,,,3.35,
2088,Castello Pineapple & Almond Spread 125g,🍝 Pantry,,,,,2.4,
2089,Gales Lemon Curd 410g,🍝 Pantry,,,,,2.65,
2090,Hartleys Strawberry Jam 300g,🍝 Pantry,,,,,2.3,
2091,Hartleys Raspberry Seedless Jam 300g,🍝 Pantry,,,,,2.3,
2092,Heinz Original Sandwich Spread 300g,🍝 Pantry,,,,,2.3,
2093,Hilltop Blossom Honey 340g,🍝 Pantry,,,,,3.35,
2094,Biscoff Smooth Spread 720g,🍝 Pantry,,,,,6.65,
2095,Princes Chicken Paste 75g,🍝 Pantry,1.39,,,,1.1,
2096,Robertsons Golden Shred Marmalade 454g,🍝 Pantry,,,,,2.8,
2097,Robertsons Golden Shredless Marmalade 454g,🍝 Pantry,,,,,2.8,
2098,Sun-Pat Crunchy Peanut Butter 300g,🍝 Pantry,,,,,2.8,
2099,Sun-Pat Smooth Peanut Butter 300g,🍝 Pantry,,,,,2.8,
2100,Tate & Lyle Golden Syrup Pouring 325g,🍝 Pantry,,,,,2.55,
2101,Spreadly Peanut Butter Crunchy 250g,🍝 Pantry,,,,,1.5,
2102,Hazella Cookies & Cream Spread 350g,🍝 Pantry,,,,,2.35,
2103,Milky Way Spread 350g,🍝 Pantry,,,,,2.9,
2104,Hilltop Blossom Honey 720g,🍝 Pantry,,,,,4.9,
2105,Marmite Classic Yeast Extract Spread 250g,🍝 Pantry,,,,,4.1,
2106,Sun-Pat Smooth Peanut Butter 570g,🍝 Pantry,,,,,4.4,
2107,Spreadly Peanut Butter Smooth 250g,🍝 Pantry,,,,,1.5,
2108,Hazella Hazelnut Chocolate Spread 400g,🍝 Pantry,,,,,2.45,
2109,Cadbury Milk Chocolate Spread 700g,🍝 Pantry,,,,,5.95,
2110,Batchelors Golden Vegetable Super Rice 90g,🍝 Pantry,,,,,1.75,
2111,Bens Original Egg Fried Microwave Rice 220g,🍝 Pantry,1.65,,,,1.85,
2112,Bens Original Peri Peri Microwave Rice 220g,🍝 Pantry,1.65,,,,1.85,
2113,Bens Original Spicy Mexican Style Rice 220g,🍝 Pantry,,,,,1.85,
2114,Bens Original Classic Sticky Rice 220g,🍝 Pantry,,,,,1.85,
2115,Bens Original Classic Wholegrain Rice 220g,🍝 Pantry,1.65,,,,1.85,
2116,Bens Original Basmati Microwave Rice 220g,🍝 Pantry,1.65,,,,1.85,
2117,Bens Original Long Grain Microwave Rice 220g,🍝 Pantry,1.65,,,,1.85,
2118,Bens Original Savoury Chicken Microwave Rice 220g,🍝 Pantry,1.65,,,,1.85,
2119,Bens Original Golden Vegetable Microwave Rice 220g,🍝 Pantry,1.65,,,,1.85,
2120,Bens Original Pilau Microwave Rice 220g,🍝 Pantry,1.05,,,,1.85,
2121,Bens Original Classic Jasmine Rice 220g,🍝 Pantry,,,,,1.85,
2122,Tilda Everyday Long Grain Rice 1kg,🍝 Pantry,,,,,2.65,
2123,Tilda Pure Original Basmati 500g,🍝 Pantry,,,,,3.7,
2124,Tilda Pure Original Basmati 10kg,🍝 Pantry,,,,,36.75,
2125,Bens Original Katsu Curry Rice 220g,🍝 Pantry,,,,,1.85,
2126,Greenfields Pure Sesame Oil 425ml,🍝 Pantry,,,,,5.55,
2127,Crisp n Dry Rapeseed Oil 975ml,🍝 Pantry,,,,,3.7,
2128,Flora Pure Sunflower Oil 975ml,🍝 Pantry,,,,,4.25,
2129,Frylight 1 Cal Sunflower Spray Oil 190ml,🍝 Pantry,3.4,,,,3,
2130,Frylight Butter Flavour Cooking Spray 190ml,🍝 Pantry,,,,,3,
2131,Frylight 1 Cal Olive Spray Oil 190ml,🍝 Pantry,3.4,,,,3,
2132,Heera Pure Mustard Oil 250ml,🍝 Pantry,,,,,1.8,
2133,KTC 100% Pure Coconut Oil 250ml,🍝 Pantry,,,,,2.25,
2134,Pura Vegetable Oil 1L,🍝 Pantry,,,,,3.35,
2135,Sarsons Malt Vinegar 400ml,🍝 Pantry,,,,,2.15,
2136,Pura Vegetable Rapeseed Oil 500ml,🍝 Pantry,,,,,2.25,
2137,Pura Vegetable Rapeseed Oil 3L,🍝 Pantry,,,,,7.75,
2138,Pura Sunflower Oil 5L,🍝 Pantry,,,,,11.2,
2139,Don Mario Extra Virgin Olive Oil 500ml,🍝 Pantry,,,,,6.6,
2140,Olivio Olive Oil Spread 500ml,🍝 Pantry,,,,,3.6,
2141,Ragu Authentic Italian Linguine 750g,🍝 Pantry,,,,,1.7,
2142,Ragu Tagliatelle Wheat Pasta 500g,🍝 Pantry,,,,,1.7,
2143,Batchelors American Style Mac n Cheese Bacon 99g,🍝 Pantry,,,,,1.95,
2144,Mug Shot Roast Chicken Pasta 55g,🍝 Pantry,,,,,1.25,
2145,Ragu Penne Rigate Wheat Pasta 750g,🍝 Pantry,,,,,1.7,
2146,Ragu Lasagne Wheat Pasta Sheets 500g,🍝 Pantry,,,,,1.7,
2147,Ragu Fusilli Wheat Pasta 3kg,🍝 Pantry,,,,,5.25,
2148,Ragu Farfalle Wheat Pasta 750g,🍝 Pantry,,,,,1.7,
2149,Ragu Conchiglie Wheat Pasta 750g,🍝 Pantry,,,,,1.7,
2150,Ragu Authentic Italian Spaghetti 750g,🍝 Pantry,,,,,1.7,
2151,Ragu Authentic Italian Penne Rigate 3kg,🍝 Pantry,,,,,5.25,
2152,Ragu Authentic Italian Fusilli 750g,🍝 Pantry,,,,,1.7,
2153,Cadbury Dairy Milk Ice Creams 4x90ml,🧊 Frozen,,,,,6.15,
2154,Ben & Jerry's Cookie Dough Ice Cream 465ml,🧊 Frozen,,,,,6.6,
2155,Cadbury Crunchie Blast Ice Cream 4x90ml,🧊 Frozen,,,,,6.15,
2156,Nutella Ice Cream Tub 230g,🧊 Frozen,,,,,6.6,
2157,Ben & Jerry's Chocolate Fudge Brownie 465ml,🧊 Frozen,,,,,6.6,
2158,Iceland Italiano Vanilla Ice Cream 900ml,🧊 Frozen,,,,,3.35,
2159,Oreo Ice Cream Tub 425ml,🧊 Frozen,,,,,4.45,
2160,Oreo 6 Ice Cream Mini Sandwich 330ml,🧊 Frozen,,,,,4.8,
2161,Iceland Majestics Belgian Milk Chocolate 4x120ml,🧊 Frozen,,,,,2.65,
2162,Iceland 6 Strawberry & Vanilla Cones 372g,🧊 Frozen,,,,,2.35,
2163,Kinder Pingui Milk & Chocolate 4x30g,🧊 Frozen,,,,,2.55,
2164,Iceland 6 Sprinkle Lollies 326g,🧊 Frozen,,,,,2,
2165,Iceland 6 Assorted Fruit Split Lollies,🧊 Frozen,,,,,2,
2166,Magnum Ice Cream Sticks Classic 3x100ml,🧊 Frozen,,,,,4.65,
2167,Rowntrees Mango Ice Lollies 4x70ml,🧊 Frozen,,,,,3.8,
2168,Iceland 8 Rocket Lollies 464g,🧊 Frozen,,,,,2,
2169,Snickers Chocolate Peanut Ice Cream Bars 4pk,🧊 Frozen,,,,,3.8,
2170,Mars Chocolate Caramel Ice Cream Bars 4pk,🧊 Frozen,3.4,,,,3.8,
2171,Magnum Ice Cream Sticks White Chocolate 3x100ml,🧊 Frozen,,,,,4.65,
2172,Walls Mini Calippo Orange & Lemon-Lime 5x80ml,🧊 Frozen,,,,,3.8,
2173,Cornetto Classico Ice Cream Cone 6x90ml,🧊 Frozen,,,,,4.8,
2174,Mr Freeze Jubbly Cola Ice Lollies 8x62ml,🧊 Frozen,,,,,2.35,
2175,Fab Strawberry Ice Lollies 6x58ml,🧊 Frozen,3.15,,,,3.8,
2176,Nobbly Bobbly Strawberry & Chocolate Lolly 4x60ml,🧊 Frozen,,,,,3.8,
2177,Rowntrees Fruit Pastilles Ice Lollies 4x65ml,🧊 Frozen,,,,,3.8,
2178,Solero Ice Cream Sticks Exotic 3x90ml,🧊 Frozen,,,,,3.8,
2179,Iceland Caramel Swirl Ice Cream 900ml,🧊 Frozen,,,,,3.35,
2180,Iceland 6 Chocolate & Nut Cones 372g,🧊 Frozen,,,,,2.35,
2181,Walls Soft Scoop Vanilla Ice Cream 1.8L,🧊 Frozen,,,,,3.65,
2182,Iceland Majestics Belgian White Chocolate 4x120ml,🧊 Frozen,,,,,2.65,
2183,Iceland Neapolitan Soft Scoop 2L,🧊 Frozen,,,,,2.65,
2184,Cadbury Dairy Milk Ice Cream 480ml,🧊 Frozen,,,,,5.25,
2185,Iceland Broccoli Florets 1kg,🧊 Frozen,,,,,2.65,
2186,Birds Eye Steamfresh Creamy Cheese Vegetable Penne 400g,🧊 Frozen,,,,,4.8,
2187,Iceland Battered Onion Rings 600g,🧊 Frozen,,,,,2.65,
2188,Iceland 6 White Rice Steam Bags 1.2kg,🧊 Frozen,,,,,3.95,
2189,Harry Ramsdens Chip Shop Mushy Pea Pots 2x150g,🧊 Frozen,,,,,2,
2190,Iceland Whole Spinach 1kg,🧊 Frozen,,,,,2.65,
2191,Iceland Super Sweet Sweetcorn 860g,🧊 Frozen,,,,,2.65,
2192,Iceland Mini Corn Cobs 875g,🧊 Frozen,,,,,2.65,
2193,Iceland Green Beans Sliced 1kg,🧊 Frozen,,,,,3.1,
2194,Iceland Floret & Carrot Mix 750g,🧊 Frozen,,,,,2.65,
2195,Iceland Diced Onions 500g,🧊 Frozen,,,,,1.65,
2196,Iceland Chopped Coriander 75g,🧊 Frozen,,,,,1.65,
2197,Birds Eye Green Cuisine 10 Veggie Fingers 284g,🧊 Frozen,,,,,2.4,
2198,Iceland Button Sprouts 1.2kg,🧊 Frozen,,,,,2.65,
2199,Pure Ice Premium Ice Cubes 2kg,🧊 Frozen,,,,,1.35,
2200,The No Meat Company Southern Fried No Chick Strips 300g,🧊 Frozen,,,,,3.35,
2201,Quorn Mince 300g,🧊 Frozen,,,,,3.6,
2202,The No Meat Company No Meat Mince 400g,🧊 Frozen,,,,,3.35,
2203,The No Meat Company No Chick Pieces 300g,🧊 Frozen,,,,,3.35,
2204,The No Meat Company Hot & Spicy No Chick Strips 300g,🧊 Frozen,,,,,3.35,
2205,The No Meat Company Crispy Nuggets 300g,🧊 Frozen,,,,,3.35,
2206,Like 8 Hot Dogs 360g,🧊 Frozen,,,,,3.65,
2207,The No Meat Company No Beef Spaghetti Bolognese 400g,🧊 Frozen,,,,,4.65,
2208,Oumph Swedish Balls 360g,🧊 Frozen,,,,,4.65,
2209,Oumph Spiced Kebab Pieces 360g,🧊 Frozen,,,,,4.65,
2210,Oumph Crispy Chicken 360g,🧊 Frozen,,,,,4.65,
2211,Oumph Crispy Buffalo Tenders 280g,🧊 Frozen,,,,,4.65,
2212,Greggs 4 Vegan Sausage Rolls 420g,🧊 Frozen,,,,,4.65,
2213,Greggs 2 Cheese & Onion Bakes 288g,🧊 Frozen,,,,,4.65,
2214,Iceland Mozzarella Balls 10pk,🧊 Frozen,,,,,1.1,
2215,Cathedral City 12 Cheese Bites,🧊 Frozen,,,,,5,
2216,The No Meat Company No Chick Tikka and Rice 400g,🧊 Frozen,,,,,4.65,
2217,Oumph Garlic & Herb Pieces 360g,🧊 Frozen,,,,,4.65,
2218,Iceland Chocolate Gateau 350g,🧊 Frozen,,,,,3.35,
2219,Aunt Bessies Jam Roly Poly 300g,🧊 Frozen,,,,,2.65,
2220,Aunt Bessies Sticky Toffee Pudding 300g,🧊 Frozen,,,,,2.65,
2221,Iceland Strawberry Cheesecake 540g,🧊 Frozen,,,,,3.45,
2222,Iceland Chocolate Fudge Cake 450g,🧊 Frozen,,,,,3.35,
2223,Iceland Black Forest Gateau 375g,🧊 Frozen,,,,,3.35,
2224,Iceland 12 Mini Chocolate Eclairs 140g,🧊 Frozen,,,,,1.7,
2225,Iceland Lemon Meringue Pie 475g,🧊 Frozen,,,,,3.35,
2226,Iceland Strawberry Gateau 375g,🧊 Frozen,,,,,3.55,
2227,Iceland Baked New York Cheesecake 450g,🧊 Frozen,,,,,3.45,
2228,Iceland 2 Apple Strudels 600g,🧊 Frozen,,,,,2.65,
2229,Iceland Millionaires Cheesecake 450g,🧊 Frozen,,,,,3.45,
2230,TGI Fridays 6 XL Mozzarella Dippers 294g,🧊 Frozen,,,,,5.2,
2231,TGI Fridays Sesame Chicken Strips Tennessee Glaze 480g,🧊 Frozen,,,,,6.6,
2232,Iceland Hot & Spicy Chicken Wings 850g,🧊 Frozen,,,,,5.55,
2233,Sides Nashville Boneless Chicken Box 550g,🧊 Frozen,,,,,6.25,
2234,Sides Crispy Coated Boneless Chicken Box 550g,🧊 Frozen,,,,,6.6,
2235,Iceland Duck Spring Rolls 12pk,🧊 Frozen,,,,,3.35,
2236,Iceland Chinese Takeaway Platter 760g,🧊 Frozen,,,,,6.3,
2237,Iceland 10pk Tempura King Prawns 130g,🧊 Frozen,,,,,3.35,
2238,Cathedral City Ham & Cheese Toastie 178g,🧊 Frozen,,,,,4.65,
2239,Iceland Barbeque Chicken Wings 850g,🧊 Frozen,,,,,5.25,
2240,Iceland 2 Garlic Baguettes 338g,🧊 Frozen,,,,,1.35,
2241,TGI Fridays Corn Dogs Ketchup & Mustard 4pk,🧊 Frozen,,,,,6.65,
2242,TGI Fridays Boneless Chicken Wings & Hot Honey 400g,🧊 Frozen,,,,,5.65,
2243,TGI Fridays Mini Hash Brown Dogs 12pk,🧊 Frozen,,,,,5.2,
2244,TGI Fridays Crispy Nashville Chicken Wings,🧊 Frozen,,,,,5.25,
2245,TGI Fridays Barbecue Boneless Wings 400g,🧊 Frozen,,,,,5.65,
2246,Matthews 6 Cheesy Hamwich 345g,🧊 Frozen,,,,,2.95,
2247,Aunt Bessies Proper Good Large Yorkshires 275g,🧊 Frozen,,,,,2.75,
2248,Iceland 12 Yorkshire Puddings,🧊 Frozen,,,,,1.35,
2249,Birds Eye 4 Shortcrust Chicken Pies 620g,🧊 Frozen,,,,,5.55,
2250,Greggs 8 Sausage Rolls 854g,🧊 Frozen,,,,,7.6,
2251,Greggs 2 Chicken Bakes 306g,🧊 Frozen,,,,,4.65,
2252,Iceland Steak Pie 700g,🧊 Frozen,,,,,4.35,
2253,Iceland Roast Chicken Pie 700g,🧊 Frozen,,,,,4.35,
2254,Iceland 2pk Bacon & Cheese Turnover 180g,🧊 Frozen,,,,,1.1,
2255,Iceland 2pk Sausage & Bean Turnover 280g,🧊 Frozen,,,,,1.1,
2256,Greggs 2 Steak Bakes 280g,🧊 Frozen,,,,,4.65,
2257,Greggs 2 Sausage Bean & Cheese Melts 308g,🧊 Frozen,,,,,4.65,
2258,Greggs 4 Sausage Rolls 427g,🧊 Frozen,,,,,4.65,
2259,Greggs 2 Bacon & Cheese Wraps 202g,🧊 Frozen,,,,,4.65,
2260,Pukka 2 Steak & Kidney Puff Pastry Pies,🧊 Frozen,,,,,3.65,
2261,Greggs 16 Mini Sausage Rolls 433g,🧊 Frozen,,,,,4.5,
2262,Greggs 12 Mini Steak Rolls 360g,🧊 Frozen,,,,,4.5,
2263,Iceland 4pk Chicken & Veg Pies 664g,🧊 Frozen,,,,,3.35,
2264,Jahan Premium Chicken Shawarma Kebab Meat 1kg,🧊 Frozen,,,,,11.85,
2265,Jahan Hot & Spicy Chicken Goujons 500g,🧊 Frozen,,,,,3.35,
2266,Jahan Breaded Chicken Steaks 1kg,🧊 Frozen,,,,,5.8,
2267,Jahan Breaded Chicken Nuggets 1kg,🧊 Frozen,,,,,5.8,
2268,Jahan Battered Chicken Nuggets 500g,🧊 Frozen,,,,,3,
2269,Crown Farms 12 Charcoal Chicken Seekh Kebabs 600g,🧊 Frozen,,,,,5.6,
2270,Crown Farms The First Original Paratha 1600g,🧊 Frozen,,,,,4.9,
2271,Jahan Premium Firecracker Chicken Breast Fillets 1kg,🧊 Frozen,,,,,12.9,
2272,Jahan Premium Cooked & Sliced Doner Kebab Meat 1kg,🧊 Frozen,,,,,11.85,
2273,Crown Farms Mutton Chops 800g,🧊 Frozen,,,,,9.1,
2274,Myprotein Strawberry Swirl Layered Ice Cream Bar 120g,🧊 Frozen,,,,,5.25,
2275,Myprotein Wellness Thai Green Chicken 400g,🧊 Frozen,,,,,5.55,
2276,Myprotein Cajun Chicken Chargrilled Butterfly 300g,🧊 Frozen,,,,,5.55,
2277,Myprotein Bang Bang Thai Chicken 350g,🧊 Frozen,,,,,5.6,
2278,Myprotein Chicken & Beef Burrito Bowl 450g,🧊 Frozen,,,,,6.3,
2279,Myprotein Katsu Chicken 350g,🧊 Frozen,,,,,5.6,
2280,Myprotein 4 Pack Smashed Beef Burgers,🧊 Frozen,,,,,6.65,
2281,Myprotein Turkey Mince 400g,🧊 Frozen,,,,,6.65,
2282,Myprotein Chicken & Chorizo 500g,🧊 Frozen,,,,,6.3,
2283,Myprotein Chicken Shawarma 500g,🧊 Frozen,,,,,6.3,
2284,Myprotein Meatball Marinara 500g,🧊 Frozen,,,,,6.3,
2285,Myprotein Tandoori Chicken 500g,🧊 Frozen,,,,,6.3,
2286,Myprotein Chip Shop Chicken 550g,🧊 Frozen,,,,,6.3,
2287,Myprotein Creamy Chicken 550g,🧊 Frozen,,,,,6.3,
2288,Myprotein Hot Honey Chicken Mac & Cheese 350g,🧊 Frozen,,,,,5.6,
2289,Myprotein Meat Feast Pizza 348g,🧊 Frozen,,,,,5,
2290,Myprotein Satay Chicken & Noodles 350g,🧊 Frozen,,,,,5.6,
2291,Myprotein Authentic Doner Kebab Meat 380g,🧊 Frozen,,,,,7.3,
2292,Myprotein Wellness Spanish Chicken 400g,🧊 Frozen,,,,,5.5,
2293,Myprotein Chinese BBQ Chicken Noodles 500g,🧊 Frozen,,,,,6.3,
2294,TGI Fridays Caramel Popcorn Chicken 290g,🧊 Frozen,,,,,5.25,
2295,TGI Fridays 6 Tornado Potato Skewers 450g,🧊 Frozen,,,,,5.65,
2296,TGI Fridays Slow Cooked BBQ Rib Rack 575g,🧊 Frozen,,,,,7.95,
2297,TGI Fridays Cajun Chicken Pasta with Chorizo 400g,🧊 Frozen,,,,,4.7,
2298,TGI Fridays Chorizo Mac & Nacho Cheese 400g,🧊 Frozen,,,,,5.2,
2299,TGI Fridays Bacon & Cheese Potato Skins 270g,🧊 Frozen,,,,,5.2,
2300,TGI Fridays Ultimate Loaded BBQ Meat Feast Pizza 450g,🧊 Frozen,,,,,4,
2301,TGI Fridays Slow Cooked Prime BBQ Mini Ribs 350g,🧊 Frozen,,,,,5.2,
2302,Harry Ramsdens 2 Chip Shop Jumbo Haddock Fishcakes 300g,🧊 Frozen,,,,,3.6,
2303,Harry Ramsdens 6 Chip Shop Jumbo Sausages 600g,🧊 Frozen,,,,,3.95,
2304,Harry Ramsdens Fish & Chips For 4 2kg,🧊 Frozen,,,,,19.9,
2305,Harry Ramsdens Chip Shop Curry Sauce Pots 2x150g,🧊 Frozen,,,,,2,
2306,Harry Ramsdens 4 Battered Jumbo Pork Sausages 528g,🧊 Frozen,,,,,5.5,
2307,Harry Ramsdens 14 Mini Battered Sausages with Curry Sauce 364g,🧊 Frozen,,,,,5,
2308,Harry Ramsdens 2 Pack Breaded Plaice Fillets,🧊 Frozen,,,,,6.65,
2309,Harry Ramsdens Chip Shop Chips 1kg,🧊 Frozen,,,,,3.95,
2310,Harry Ramsdens Jumbo Crispy Battered Wholetail Scampi 300g,🧊 Frozen,,,,,6.6,
2311,Harry Ramsdens Battered Potato Slices 500g,🧊 Frozen,,,,,3.95,
2312,Harry Ramsdens 6 Jumbo Battered Cod Fillet Fish Fingers 500g,🧊 Frozen,,,,,6.65,
2313,Harry Ramsdens 2 Jumbo Battered Atlantic Cod Fillets 500g,🧊 Frozen,,,,,10,
2314,Dove Men+Care Anti-Perspirant Aerosol Classic 200ml,💊 Health & Beauty,,,,,3.75,
2315,Sure Bright Bouquet Anti-Perspirant Aerosol 200ml,💊 Health & Beauty,,,,,3.65,
2316,Sure Anti-Perspirant Aerosol Cotton Dry 200ml,💊 Health & Beauty,,,,,3.65,
2317,Dove Anti-Perspirant Aerosol Powder 200ml,💊 Health & Beauty,,,,,3.8,
2318,Lynx Aerosol Body Spray Epic Fresh 200ml,💊 Health & Beauty,,,,,4.65,
2319,Sure Anti-Perspirant Deodorant Roll On Cotton Dry 50ml,💊 Health & Beauty,,,,,2,
2320,Soft & Gentle Fresh Blossom Anti-Perspirant 250ml,💊 Health & Beauty,,,,,2.65,
2321,Sure Men Active Dry Anti-Perspirant Aerosol 200ml,💊 Health & Beauty,,,,,3.85,
2322,Sure Men Anti-Perspirant Aerosol Invisible Ice 200ml,💊 Health & Beauty,,,,,3.65,
2323,Impulse Tease Body Spray 75ml,💊 Health & Beauty,,,,,1.65,
2324,Lynx Aerosol Body Spray Africa 200ml,💊 Health & Beauty,,,,,4.65,
2325,Lynx Aerosol Body Spray Black 200ml,💊 Health & Beauty,,,,,4.65,
2326,NIVEA 72h Pearl & Beauty Anti-perspirant Spray 250ml,💊 Health & Beauty,,,,,3.65,
2327,Dove Anti-Perspirant Roll On Classic Fresh 50ml,💊 Health & Beauty,,,,,2.3,
2328,NIVEA Men 72h Cool Kick Anti-perspirant Spray 250ml,💊 Health & Beauty,,,,,3.65,
2329,Astonish Anti-Bacterial Handwash Vitamin E 600ml,💊 Health & Beauty,,,,,1.35,
2330,Simple Kind to Skin Cleansing Wipes Bio-degradable 25pk,💊 Health & Beauty,,,,,2.65,
2331,NIVEA Creme Tin 60ml,💊 Health & Beauty,,,,,3.15,
2332,NIVEA Soft Moisturiser Face Body & Hands 200ml,💊 Health & Beauty,,,,,5.7,
2333,Simple Kind to Skin Facial Wash Refreshing 150ml,💊 Health & Beauty,,,,,3.45,
2334,Simple Lotion Replenishing Rich 125ml,💊 Health & Beauty,,,,,3.45,
2335,Sudafed Blocked Nose 10ml,💊 Health & Beauty,,,,,3.7,
2336,Strepsils Honey & Lemon Lozenges 12pk,💊 Health & Beauty,,,,,2.65,
2337,Gaviscon Double Action Heartburn Liquid Mint 150ml,💊 Health & Beauty,,,,,6.1,
2338,Lockets Extra Strong Cough Sweet Lozenges 41g,💊 Health & Beauty,,,,,0.95,
2339,Panadol Extra Advance Paracetamol 500mg x14,💊 Health & Beauty,,,,,3.9,
2340,Strepsils Original Lozenges 16pk,💊 Health & Beauty,,,,,4.25,
2341,Otrivine Blocked Nose Relief Nasal Spray 10ml,💊 Health & Beauty,,,,,5.55,
2342,Strepsils Extra Triple Action Blackcurrant 24pk,💊 Health & Beauty,,,,,6.2,
2343,Benadryl Allergy Relief Capsules 12pk,💊 Health & Beauty,,,,,5.8,
2344,Panadol Advance Paracetamol 500mg 16s,💊 Health & Beauty,,,,,1.7,
2345,Anadin Extra Pain Relief Caplets 8pk,💊 Health & Beauty,,,,,2,
2346,Calpol Infant Sugar-Free Paracetamol 100ml,💊 Health & Beauty,,,,,4.65,
2347,Galpharm Ibuprofen 200mg Caplets 16pk,💊 Health & Beauty,,,,,0.9,
2348,Galpharm 16 Plus Caplets,💊 Health & Beauty,,,,,1.1,
2349,Halls Soothers Raspberry Peach Cough Drops 45g,💊 Health & Beauty,,,,,0.85,
2350,Gaviscon Peppermint Flavour Tablets 12pk,💊 Health & Beauty,,,,,2.65,
2351,Jakemans Throat & Chest Soothing Menthol Sweets 41g,💊 Health & Beauty,,,,,1,
2352,Lemsip Max Cold & Flu Blackcurrant 10 Sachets,💊 Health & Beauty,,,,,5.25,
2353,Lemsip Max Cold & Flu 16 Capsules,💊 Health & Beauty,,,,,5,
2354,Nurofen 200mg Tablets 6pk,💊 Health & Beauty,,,,,2.9,
2355,Nurofen Express Pain Relief 200mg Liquid Capsules 16pk,💊 Health & Beauty,,,,,5.25,
2356,Nurofen Express Pain Relief 200mg Liquid Capsules 10pk,💊 Health & Beauty,,,,,3.6,
2357,Nurofen for Children Strawberry Ibuprofen 100ml,💊 Health & Beauty,,,,,4.25,
2358,Rennie Spearmint 24 Chewable Tablets,💊 Health & Beauty,,,,,3.35,
2359,Wockhardt 16 500mg Paracetamol Tablets,💊 Health & Beauty,,,,,1,
2360,Vicks Sinex Micromist Decongestant Nasal Spray 15ml,💊 Health & Beauty,,,,,4.1,
2361,Jakemans Honey & Lemon Soothing Menthol Lozenges 73g,💊 Health & Beauty,,,,,1.25,
2362,Jakemans Throat & Chest Menthol Lozenges 73g,💊 Health & Beauty,,,,,1.25,
2363,Beechams All In One Cold & Flu Relief Tablets 16s,💊 Health & Beauty,,,,,4.4,
2364,Imodium Instants Diarrhoea Relief 6 Tablets,💊 Health & Beauty,,,,,5.4,
2365,Imodium Original Diarrhoea Relief 6 Tablets,💊 Health & Beauty,,,,,3.6,
2366,Lemsip Max Cold & Flu Blackcurrant 5 Sachets,💊 Health & Beauty,,,,,3.65,
2367,Rennie Peppermint 24 Chewable Tablets,💊 Health & Beauty,,,,,3.35,
2368,Astonish Body & Soul Deep Blue Bath Soak 750ml,💊 Health & Beauty,,,,,1.75,
2369,Dove Body Wash Nourishing 720ml,💊 Health & Beauty,,,,,4.95,
2370,Astonish Anti-Bacterial Handwash Peony Bloom 600ml,💊 Health & Beauty,,,,,1.35,
2371,Dove Liquid Hand Wash Deeply Nourishing 250ml,💊 Health & Beauty,,,,,2.3,
2372,Lynx FIFA 3-in-1 Body Wash Africa 225ml,💊 Health & Beauty,,,,,2.4,
2373,Radox Mineral Therapy Bath Soak Muscle 500ml,💊 Health & Beauty,,,,,2.65,
2374,Radox Mineral Therapy Shower Gel Feel Refreshed 675ml,💊 Health & Beauty,,,,,2.95,
2375,Astonish Shower Creme Cosy Cashmere 400ml,💊 Health & Beauty,,,,,1.35,
2376,Lynx FIFA 3-in-1 Body Wash Africa 700ml,💊 Health & Beauty,,,,,4.4,
2377,Astonish Anti-Bacterial Handwash Raspberry Ripple 600ml,💊 Health & Beauty,,,,,1.35,
2378,Dove Beauty Bar Original 2x90g,💊 Health & Beauty,,,,,2.65,
2379,Simple Kind to Skin Shower Gel Refreshing 450ml,💊 Health & Beauty,,,,,2.65,
2380,Palmolive Naturals Milk & Honey Shower Gel 750ml,💊 Health & Beauty,,,,,3.65,
2381,Natura 60 Baby Wipes,💊 Health & Beauty,,,,,1,
2382,Johnsons Baby Cotton Buds 200pk,💊 Health & Beauty,,,,,1.75,
2383,Johnsons Baby Essentials Powder 400g,💊 Health & Beauty,,,,,3.5,
2384,Huggies 48 Pure Baby Wipes,💊 Health & Beauty,,,,,1.35,
2385,Head & Shoulders Classic Clean Shampoo 400ml,💊 Health & Beauty,,,,,3.35,
2386,Head & Shoulders Apple Fresh Shampoo 400ml,💊 Health & Beauty,,,,,3.35,
2387,Alberto Balsam Sunkissed Raspberry Conditioner 300ml,💊 Health & Beauty,,,,,1.35,
2388,Alberto Balsam Coconut & Lychee Shampoo 300ml,💊 Health & Beauty,,,,,1.35,
2389,Garnier Ultimate Blends Honey Treasures Shampoo 400ml,💊 Health & Beauty,,,,,3.65,
2390,Xpel Hair Care Argan Oil Conditioner 300ml,💊 Health & Beauty,,,,,1.35,
2391,Xpel Hair Care Argan Oil Shampoo 300ml,💊 Health & Beauty,,,,,1.35,
2392,Aussie Miracle Moist Detangling Conditioner 200ml,💊 Health & Beauty,,,,,6.1,
2393,Aussie Miracle Moist Shampoo 300ml,💊 Health & Beauty,,,,,6.1,
2394,Dove Nutritive Solutions Shampoo Intensive Repair 400ml,💊 Health & Beauty,,,,,2.95,
2395,Pantene Pro-V Repair & Protect Shampoo 500ml,💊 Health & Beauty,,,,,6.85,
2396,Head & Shoulders Classic Clean Shampoo 750ml,💊 Health & Beauty,,,,,7.85,
2397,Dove Nutritive Solutions Conditioner Intensive Repair 350ml,💊 Health & Beauty,,,,,2.95,
2398,Garnier Ultimate Blends Honey Treasures Conditioner 400ml,💊 Health & Beauty,,,,,3.65,
2399,TRESemme Shampoo Replenish & Cleanse 900ml,💊 Health & Beauty,,,,,5.6,
2400,Alberto Balsam Sunkissed Raspberry Shampoo 300ml,💊 Health & Beauty,,,,,1.35,
2401,Alberto Balsam Coconut & Lychee Conditioner 300ml,💊 Health & Beauty,,,,,1.35,
2402,Pantene Pro-V Repair & Protect Conditioner 350ml,💊 Health & Beauty,,,,,6.85,
2403,Dove Men+Care Hydrating 3-in-1 Body Wash 700ml,💊 Health & Beauty,,,,,5,
2404,Colgate ZigZag Black Medium Toothbrush 3pk,💊 Health & Beauty,,,,,3.95,
2405,Colgate Plax Cool Mint Mouthwash Alcohol Free 1L,💊 Health & Beauty,,,,,5,
2406,Colgate Total Active Prevention Toothpaste 75ml,💊 Health & Beauty,,,,,3.35,
2407,Fixodent Complete Denture Adhesive Fresh 47g,💊 Health & Beauty,,,,,4.65,
2408,Aquafresh Triple Protection Toothpaste 100ml,💊 Health & Beauty,,,,,1.6,
2409,Colgate Advanced White Toothpaste 75ml,💊 Health & Beauty,,,,,3.35,
2410,Colgate Cool Stripe Toothpaste 100ml,💊 Health & Beauty,,,,,2.9,
2411,Colgate Max Fresh Cooling Crystals 75ml,💊 Health & Beauty,,,,,3.1,
2412,Corsodyl Medicated Antibacterial Mouthwash 300ml,💊 Health & Beauty,,,,,6.25,
2413,Listerine Total Care Mouthwash 1L,💊 Health & Beauty,,,,,5.8,
2414,Colgate Triple Action Toothpaste 75ml,💊 Health & Beauty,,,,,1.55,
2415,Colgate White Teeth Whitening Toothpaste 75ml,💊 Health & Beauty,,,,,1.35,
2416,Colgate Maximum Cavity Protection Toothpaste 75ml,💊 Health & Beauty,1.89,,,,2.1,
2417,Colgate Extra Clean Medium Toothbrush 3pk,💊 Health & Beauty,,,,,2,
2418,Always Ultra Sanitary Towels Long Size 2 Wings 20pk,💊 Health & Beauty,,,,,3.9,
2419,TENA Lights Long Liner 40pk,💊 Health & Beauty,,,,,4.25,
2420,Always Discreet Incontinence Pads Normal 16pk,💊 Health & Beauty,,,,,3.95,
2421,Always Sensitive Normal Ultra Size 1 Sanitary Towels 16pk,💊 Health & Beauty,,,,,1.35,
2422,Tampax Compak Regular Tampons with Applicator 18pk,💊 Health & Beauty,,,,,3.65,
2423,TENA Discreet Extra Duo Pack Incontinence Pads 20pk,💊 Health & Beauty,,,,,5.95,
2424,Always Ultra Sanitary Towels Night Size 4 Wings 16pk,💊 Health & Beauty,,,,,3.9,
2425,Always Ultra Sanitary Towels Super Night Size 6 Wings 12pk,💊 Health & Beauty,,,,,3.9,
2426,TENA Discreet Maxi Night Duo 12pk,💊 Health & Beauty,,,,,5.6,
2427,Bodyform Ultra Normal Sanitary Towels Wings 10pk,💊 Health & Beauty,,,,,1.6,
2428,Gillette Blue II Plus Disposable Razors 15pk,💊 Health & Beauty,,,,,5.25,
2429,Venus Sensitive Disposable Razors 3pk,💊 Health & Beauty,,,,,5.25,
2430,Gillette Classic Sensitive Shave Foam 300ml,💊 Health & Beauty,,,,,2.65,
2431,Gillette Simply Venus 2 Women's Disposable Razors 4pk,💊 Health & Beauty,,,,,2,
2432,Durex Thin Feel Condoms 6pk,💊 Health & Beauty,,,,,7.2,
2433,Little Duck 4 Luxe Toilet Tissue,🧹 Household & Cleaning,,,,,1.65,
2434,Little Duck Classic Luxury Toilet Tissue 9 Rolls,🧹 Household & Cleaning,,,,,4.95,
2435,Cushelle Quilted Toilet Roll 6 Rolls,🧹 Household & Cleaning,,,,,8.4,
2436,Andrex Fresh Fragranced Hygiene Wipes,🧹 Household & Cleaning,,,,,1.35,
2437,Plenty Max Kitchen Roll 3 Rolls,🧹 Household & Cleaning,,,,,3.65,
2438,Plenty Everyday Kitchen Roll 2 Rolls,🧹 Household & Cleaning,,,,,3.95,
2439,Cushelle Simply Soft Toilet Roll 16 Rolls,🧹 Household & Cleaning,,,,,6.8,
2440,Andrex Complete Clean 12 Rolls,🧹 Household & Cleaning,,,,,5.8,
2441,Andrex Family Soft 4 Rolls,🧹 Household & Cleaning,,,,,3.35,
2442,Cushelle Original Toilet Roll 4 Rolls,🧹 Household & Cleaning,,,,,3.65,
2443,Kleenex Original Tissues Single Pack,🧹 Household & Cleaning,,,,,2,
2444,Little Duck 2 Ultra All-Purpose Kitchen Towel,🧹 Household & Cleaning,,,,,1.65,
2445,Max Kitchen Rolls 3 Pack,🧹 Household & Cleaning,,,,,4.95,
2446,Little Duck Ultimate 9 Quilted Toilet Tissue Rolls,🧹 Household & Cleaning,,,,,5.95,
2447,Little Duck Luxe Toilet Tissue 40 Rolls,🧹 Household & Cleaning,,,,,10.85,
2448,Little Duck 24 Classic Luxury Toilet Tissue Rolls,🧹 Household & Cleaning,,,,,8.6,
2449,Tempo 10pk Handy Pocket Tissues,🧹 Household & Cleaning,,,,,3.35,
2450,Little Duck 8 Ultra All-Purpose Kitchen Towel Rolls,🧹 Household & Cleaning,,,,,5.95,
2451,Velvet Classic Quilted Toilet Rolls 24 Rolls,🧹 Household & Cleaning,,,,,11.2,
2452,Plenty Original Kitchen Roll 4 Rolls,🧹 Household & Cleaning,,,,,9.8,
2453,Cushelle Original Toilet Roll 32 Rolls,🧹 Household & Cleaning,,,,,22.35,
2454,Febreze Air Freshener Spray Cotton Fresh 185ml,🧹 Household & Cleaning,3.25,,,,3.45,
2455,Febreze Air Freshener Spray Blossom & Breeze 185ml,🧹 Household & Cleaning,3.25,,,,3.45,
2456,Febreze 3Volution Plug In Refill Spring Awakening Twin 2x20ml,🧹 Household & Cleaning,,,,,7.25,
2457,Febreze 3Volution Plug In Refill Cotton Twin 2x20ml,🧹 Household & Cleaning,,,,,7.25,
2458,Febreze Air Freshener Spray Exotic Bloom 185ml,🧹 Household & Cleaning,,,,,3.35,
2459,Febreze Bathroom Continuous Air Freshener Lenor 1pk,🧹 Household & Cleaning,,,,,2.25,
2460,Febreze 3Volution Plug In Refill Blossom & Breeze Twin 2x20ml,🧹 Household & Cleaning,,,,,7.25,
2461,Febreze 3Volution Starter Kit Cotton Fresh 20ml,🧹 Household & Cleaning,,,,,7.65,
2462,Febreze Bathroom Continuous Air Freshener Cotton Fresh,🧹 Household & Cleaning,3.3,,,,2.9,
2463,Fairy Platinum Plus Dishwasher Tablets Lemon 54pk,🧹 Household & Cleaning,,,,,13.25,
2464,Dishmatic General Purpose 4 Refills,🧹 Household & Cleaning,,,,,2,
2465,Iceland Lemon Washing Up Liquid 740ml,🧹 Household & Cleaning,,,,,1.35,
2466,Iceland Washing Up Liquid 740ml,🧹 Household & Cleaning,,,,,1.35,
2467,Fairy Washing Up Liquid Lemon 1015ml,🧹 Household & Cleaning,,,,,3.95,
2468,Fairy Original Washing Up Liquid Green 1015ml,🧹 Household & Cleaning,,,,,3.95,
2469,Home 30pk Dishwasher Tablets,🧹 Household & Cleaning,,,,,5.3,
2470,Caroline Foil Platters 2pk,🧹 Household & Cleaning,,,,,1.8,
2471,Caroline Cocktail Sticks,🧹 Household & Cleaning,,,,,1.45,
2472,Caroline Napkins White 2 Ply,🧹 Household & Cleaning,,,,,1.85,
2473,Caroline Pint Tumbler 10pk,🧹 Household & Cleaning,,,,,2.35,
2474,Home All Purpose Cling Film,🧹 Household & Cleaning,,,,,2.65,
2475,Home Zip Seal Freezer Bags 40pk,🧹 Household & Cleaning,,,,,1.95,
2476,Home 90pk Tie Handle Freezer Bags,🧹 Household & Cleaning,,,,,1.95,
2477,Home 80pk Tie Handy Pedal Bin Bags,🧹 Household & Cleaning,,,,,1.95,
2478,Home 20pk Drawstring Swing Bin Bags,🧹 Household & Cleaning,,,,,1.95,
2479,Home 18pk Tie Handle Bin Bags,🧹 Household & Cleaning,,,,,1.95,
2480,Home 15pk Drawstring Bin Bags,🧹 Household & Cleaning,,,,,1.95,
2481,Home 10pk XL Drawstring Bin Bags,🧹 Household & Cleaning,,,,,1.95,
2482,Cooke & Miller 5pk Foil Containers,🧹 Household & Cleaning,,,,,1.6,
2483,Iceland Insulated Bag,🧹 Household & Cleaning,,,,,2.35,
2484,Bacofoil Non-Stick Kitchen Foil 30cm x 10m,🧹 Household & Cleaning,,,,,3.35,
2485,Cooke & Miller 8pk Medium Foil Containers,🧹 Household & Cleaning,,,,,1.6,
2486,Fruit-tella Strawberry 3x41g,🍫 Confectionery,,,,,1.5,
2487,Chupa Chups Soft Candy Belts 90g,🍫 Confectionery,,,,,1.35,
2488,Cadbury Dairy Milk Freddo 10pk Multipack 180g,🍫 Confectionery,,,,,4,
2489,Haribo Roulette 6x25g,🍫 Confectionery,,,,,1.65,
2490,Mentos Mint Flavour Chewy Dragees 3x38g,🍫 Confectionery,,,,,1.5,
2491,Mentos Fruit Chewy Dragees 3x38g,🍫 Confectionery,,,,,1.5,
2492,Extra Cool Breeze Sugar Free Chewing Gum 46pk,🍫 Confectionery,,,,,3.5,
2493,Extra Spearmint Sugar Free Chewing Gum 46pk,🍫 Confectionery,,,,,3.5,
2494,Extra Peppermint Sugarfree Chewing Gum 46pk,🍫 Confectionery,,,,,3.5,
2495,Extra White Bubblemint Sugarfree Gum 10pk,🍫 Confectionery,,,,,0.85,
2496,Extra Refreshers Tropical Sugarfree Gum Bottle 30pk,🍫 Confectionery,,,,,3.65,
2497,Extra Refreshers Strawberry Lemon Gum Bottle 30pk,🍫 Confectionery,,,,,3.65,
2498,Extra Spearmint Sugarfree Chewing Gum 10pk,🍫 Confectionery,,,,,0.85,
2499,Polo Sugar Free 33.4g,🍫 Confectionery,,,,,0.75,
2500,Extra White Bubblemint Sugarfree Gum Bottle 46pk,🍫 Confectionery,,,,,3.5,
2501,Tic Tac Fresh Mint 18g,🍫 Confectionery,,,,,0.85,
2502,Extra Peppermint Sugarfree Gum Multipack 3x9pk,🍫 Confectionery,,,,,1.6,
2503,Airwaves Blackcurrant Sugar Free Chewing Gum 10pk,🍫 Confectionery,,,,,0.9,
2504,Trebor Extra Strong Peppermint Mints 145.6g,🍫 Confectionery,,,,,2,
2505,Extra Refreshers Watermelon Raspberry Gum Bottle 30pk,🍫 Confectionery,,,,,3.5,
2506,Polo Original 3x34g,🍫 Confectionery,,,,,1.75,
2507,Extra Strawberry Sugarfree Chewing Gum Bottle 46pk,🍫 Confectionery,,,,,3.5,
2508,Polo Original Mint Tube 34g,🍫 Confectionery,,,,,0.75,
2509,Trebor Spearmint Candy 152g,🍫 Confectionery,,,,,2,
2510,Airwaves Menthol & Eucalyptus Sugar Free Gum Bottle 46pk,🍫 Confectionery,,,,,3.5,
2511,Extra Peppermint Sugarfree Chewing Gum 10pk,🍫 Confectionery,,,,,0.85,
2512,Extra Strawberry Sugarfree Gum Multipack 3x9pk,🍫 Confectionery,,,,,2,
2513,Extra White Sugarfree Chewing Gum Bottle 46pk,🍫 Confectionery,,,,,3,
2514,Mentos Mint Chewy Dragees 38g,🍫 Confectionery,1.05,,,,0.85,
2515,Trebor Extra Strong Peppermint Mints Roll 41.3g,🍫 Confectionery,0.89,,,,0.9,
2516,Trebor Extra Strong Sugar Free Peppermint 12.6g,🍫 Confectionery,,,,,0.75,
2517,Trebor Softmints Peppermint 44.9g,🍫 Confectionery,,,,,0.9,
2518,Trebor Softmints Spearmint Mints Roll 44.9g,🍫 Confectionery,,,,,0.9,
2519,Extra Blueberry Sugar Free Chewing Gum 46pk,🍫 Confectionery,,,,,3.35,
2520,Dairy Box Classic Collection 322g,🍫 Confectionery,,,,,6.3,
2521,After Eight Dark Chocolate Mint Thins 300g,🍫 Confectionery,,,,,3.95,
2522,Ferrero Rocher Chocolate Pralines 3pk 37.5g,🍫 Confectionery,,,,,1.65,
2523,Toffifee 15 Pieces 125g,🍫 Confectionery,,,,,2,
2524,Terry's Chocolate Mint Milk 145g,🍫 Confectionery,,,,,2.4,
2525,Lindt Lindor Pistachio Milk Chocolate Truffles 200g,🍫 Confectionery,,,,,6.3,
2526,Black Magic 348g,🍫 Confectionery,,,,,6.3,
2527,Cadbury Heroes Chocolate Gift Box 290g,🍫 Confectionery,,,,,6.1,
2528,Lindt Lindor Assorted Chocolate Truffles 200g,🍫 Confectionery,7.9,,,,6.3,
2529,Lindt Lindor Milk Chocolate Truffles 200g,🍫 Confectionery,7.9,,,,6.3,
2530,Lindt Lindor Salted Caramel Chocolate Truffles 200g,🍫 Confectionery,,,,,6.3,
2531,Lindt Lindor Strawberries & Cream Truffles 200g,🍫 Confectionery,,,,,6.3,
2532,Maltesers Milk Chocolate Gift Box 310g,🍫 Confectionery,,,,,6.3,
2533,Ferrero Rocher Chocolate Pralines Gift Box 16pk 200g,🍫 Confectionery,,,,,6.3,
2534,Quality Street Matchmakers Cool Mint 120g,🍫 Confectionery,,,,,2.35,
2535,Candy Realms Peach Rings 190g,🍫 Confectionery,,,,,1.35,
2536,Pez Winnie the Pooh Dispenser 2x8.5g,🍫 Confectionery,,,,,2.15,
2537,Juicy Drop Gummy Dipperz,🍫 Confectionery,,,,,2.65,
2538,Bebeto Wacky Sticks Strawberry 180g,🍫 Confectionery,,,,,1.35,
2539,Bebeto Wacky Sticks Fizzy Strawberry 180g,🍫 Confectionery,,,,,1.35,
2540,Haribo Original Happy Cola 100g,🍫 Confectionery,,,,,1,
2541,Juicy Drop Pop 26g,🍫 Confectionery,,,,,1.8,
2542,Millions Bubblegum Flavour 45g,🍫 Confectionery,,,,,0.85,
2543,Millions Strawberry 45g,🍫 Confectionery,,,,,0.85,
2544,Refresher Chews,🍫 Confectionery,,,,,1.6,
2545,Candy Realms Sour Dummies 190g,🍫 Confectionery,,,,,1.35,
2546,Peelerz Peelable Banana Gummy 62g,🍫 Confectionery,,,,,1.35,
2547,Paper Plates,🧹 Household,,,,,1.95,
2548,Sellotape Original Golden,🧹 Household,,,,,2.4,
2549,Securfix Super Glue 2 Pack,🧹 Household,,,,,1.5,
2550,Caroline Plastic Tubs With Lids 650ml x 5,🧹 Household,,,,,2.3,
2551,Bar-Be-Quick Party Barbecue,🧹 Household,,,,,7.9,
2552,Bar Be Quick Lumpwood Charcoal 2.7kg,🧹 Household,,,,,9.2,
2553,Bar-Be-Quick Lighting Cubes 24 Pack,🧹 Household,,,,,3.15,
2554,Bar-Be-Quick Instant Barbecue,🧹 Household,,,,,3.95,
2555,Duracell Plus AA 4 Pack,🧹 Household,,,,,5,
2556,Duracell Plus AAA 4 Pack,🧹 Household,,,,,5,
2557,Duracell Specialty 2032 Lithium Coin Battery 3V 2 Pack,🧹 Household,,,,,3.7,
2558,Duracell Plus 9V 1 Pack,🧹 Household,,,,,4.75,
2559,Duracell Plus 100% C 2 Pack,🧹 Household,,,,,4.75,
2560,Duracell Plus D 2 Pack,🧹 Household,,,,,4.75,
2561,Duracell Specialty 2025 Lithium Coin Battery 3V 2 Pack,🧹 Household,,,,,3.7,
2562,Duracell Plus AAA 8 Pack,🧹 Household,,,,,9.25,
2563,Energizer Primary Alkaline AAA Batteries 10 Pack,🧹 Household,,,,,4.1,
2564,Energizer Primary Alkaline AA Batteries 10 Pack,🧹 Household,,,,,4.1,
2566,Duracell Plus AA 8 Pack,🧹 Household,,,,,9.25,
2622,Wasabi Chicken Teriyaki with Rice 430g,🥗 Deli & Salads,4.2,,,,,
2623,Alpro Greek Style Mango Dairy Free Yoghurt Alternative 150g,🥛 Dairy & Eggs,1.49,,,,,
2624,Jersey Creme Fraiche 250M,🥛 Dairy & Eggs,1.99,,,,2.1,
2625,Jersey Lux Bio Natural Yogurt 500G,🥛 Dairy & Eggs,1.99,,,,,
2626,Jersey Lux Bio Peach Yogurt 50 500G,🥛 Dairy & Eggs,2.3,,,,,
2627,All Things Butter Garlic & Herb 115g,🥛 Dairy & Eggs,2.9,,,,,
2628,Yeo Valley Organic Natural Live Smooth & Light Yogurt 150g,🥛 Dairy & Eggs,0.89,,,,,
2629,Yeo Valley Organic Greek Recipe 0% Strained Natural Yogurt 450g,🥛 Dairy & Eggs,3.6,,,,,
2630,Yeo Valley Organic Strawberry Live Whole Milk Yogurt 450g,🥛 Dairy & Eggs,2.5,,,,,
2631,Yeo Valley Organic Half Fat Crème Fraîche 200g,🥛 Dairy & Eggs,1.69,,,,,
2632,Jersey Lux Bio Toffee Yogurt 5 500g,🥛 Dairy & Eggs,2.3,,,,,
2633,Jersey Whole Milk 1 Ltr,🥛 Dairy & Eggs,1.64,,,,,
2634,Jersey Lactose Free Milk 1Ltr 1 LTR,🥛 Dairy & Eggs,1.84,,,,,
2635,Yeo Valley Organic Greek Recipe 5% Strained Natural Yogurt 450g,🥛 Dairy & Eggs,3.6,,,,,
2636,Co-op Greek Feta Cheese 200g,🥛 Dairy & Eggs,2.49,,,,,
2637,Jersey Whole Milk 500ML,🥛 Dairy & Eggs,0.87,,,,,
2638,Jersey Dairy 2.5% Fat Reduced 500ML,🥛 Dairy & Eggs,0.87,,,,,
2639,Jersey Dairy 1% Fat Milk 500ml,🥛 Dairy & Eggs,0.87,,,,,
2640,Pukka All Steak Pie 209G,🥗 Deli & Salads,2.55,,,,,
2641,Jersey Dairy 2.5% Fat Reduced LTR,🥛 Dairy & Eggs,1.64,1.54,,,,
2642,Pukka Chicken & Mushroom Pie 212G,🥗 Deli & Salads,2.55,,,,,
2643,Jersey Dairy 1% Fat Milk Blue LTR,🥛 Dairy & Eggs,1.64,,,,,
2644,Jersey Skimmed Milk Orange 500 500ML,🥛 Dairy & Eggs,0.87,,,,,
2645,Co-op British Cream Toffee Sundae 125g,🥨 Snacks & Treats,1.9,,,,,
2646,Jersey Lux Bio Strawberry Yog1 150g,🥛 Dairy & Eggs,1.09,,,,,
2647,Jersey Lux Bio Peach Yogurt 15 150G,🥛 Dairy & Eggs,1.09,,,,,
2648,Jersey Lux Bio Toffee Yogurt 1 150G,🥛 Dairy & Eggs,1.09,,,,,
2649,Orange Pepper EACH,🥦 Fruit & Veg,0.84,,,,,
2650,Jersey Lux Bio Natural Yogurt 150G,🥛 Dairy & Eggs,1.09,,,,,
2651,Jersey Dairy Fresh Double Cream 250ml,🥛 Dairy & Eggs,2.06,,,,2.2,
2652,Jersey Whipping Cream 250ml,🥛 Dairy & Eggs,2,,,,2.1,
2653,Happy Hens Free Range Large 6S,🥛 Dairy & Eggs,2.85,,,,,
2654,Kinder Milk Slice 28g,🥛 Dairy & Eggs,0.85,,,,,
2655,Happy Hens Extra Large 6s,🥛 Dairy & Eggs,3,,,,,
2656,Activia Fibre Walnut & Oat Gut Health Breakfast Yoghurt Multipack 4x115g,🥛 Dairy & Eggs,3.1,,,,,
2657,Actimel Triple Action 100% Vitamin D Strawberry & Pomegranate Live Yogurt Drink Multipack 8x100g,🥛 Dairy & Eggs,4.05,,,,,
2658,GetPro 15g High Protein Blueberry Yoghurt with Magnesium & Vitamin B9 160g,🥛 Dairy & Eggs,1.3,,,,,
2659,Delamere Dairy Semi-Skimmed Fresh Pasteurised Goats Milk 1Litre 1LTR,🥛 Dairy & Eggs,2.65,,,,,
2660,Müller Salted British Butter 250g,🥛 Dairy & Eggs,2.5,,,,,
2661,Müller Unsalted British Butter 250g,🥛 Dairy & Eggs,2.5,,,,,
2662,Jersey Double Cream 500ml,🥛 Dairy & Eggs,4.1,,,,3.95,
2663,Co-op Mature Cheddar Classic Vegetable Lasagne 400g,🥗 Deli & Salads,4.3,,,,,
2664,"Activia Kefir Strawberry & Raspberry Gut Health Fruit Yoghurts, 380g",🥛 Dairy & Eggs,2.1,,,,,
2665,Co-op Served Garlic & Basil Roasting Vegetables 400g,🥦 Fruit & Veg,3.09,,,,,
2666,Co-op Irresistible Garden Vegetable Medley 250g,🥦 Fruit & Veg,3.99,,,,,
2667,Golden Delicious Apple Each,🥦 Fruit & Veg,0.59,,,,,
2668,Pineapple - Large,🥦 Fruit & Veg,2.99,,,,,
2669,Coconut EACH,🥦 Fruit & Veg,1,,,,,
2670,Anchor Salted Butter 200g,🥛 Dairy & Eggs,3.05,,,,,
2671,Anchor Salted Spreadable 400g,🥛 Dairy & Eggs,5,,,,4.5,
2672,The Coconut Collab Natural 350g,🥛 Dairy & Eggs,2.9,,,,,
2673,Lindahls Kvarg Raspberry Flavoured 150g,🥛 Dairy & Eggs,1.45,,,,,
2674,Lindahls Chocolate Protein Pudding 140g,🥛 Dairy & Eggs,1.69,,,,,
2675,Rolo Delicious Milk Chocolate & Toffee Dessert 2 x 65g (130g) 2X65G,🥛 Dairy & Eggs,1.95,,,,,
2676,Co-op Space to Thrive British Flame Grilled Chicken Slices 130g,🥩 Meat & Fish,3.7,,,,,
2677,Co-op Irresistible Thick Carved Honey Roast Ham 120g,🥩 Meat & Fish,4.2,,,,,
2678,Co-op Chocolate Flavoured British Milk 1 Litre 1LTR,🥛 Dairy & Eggs,1.65,,,,,
2679,Co-op Strawberry Flavoured Milk 1 Litre 1LTR,🥛 Dairy & Eggs,1.65,,,,,
2680,Co-op 10 Cheesy Singles 200g,🥛 Dairy & Eggs,1.5,,,,,
2681,Co-op Buttery Spread 500g,🥛 Dairy & Eggs,1.3,,,,,
2682,Co-op Bramley Apple Crumbles 2 x 125g (250g) 2X125G,🥨 Snacks & Treats,3.05,,,,,
2683,Co-op Lighter Mozzarella 210g 125G,🥛 Dairy & Eggs,1.29,,,,,
2684,Co-op Seedless Sweet Candy Grapes 400g,🥦 Fruit & Veg,3.15,,,,,
2685,Co-op Spanish Sliced Chorizo 32 Slices 150g,🥩 Meat & Fish,2.4,,,,,
2686,Co-op Soft Cheese 200g,🥛 Dairy & Eggs,1.95,,,,,
2687,Alpro Vanilla Dairy Free Soya Yoghurt Alternative 500g,🥛 Dairy & Eggs,2.89,,,,,
2688,Alpro Soya No Sugar Chilled Dairy Free Drink 1L 1LTR,🥛 Dairy & Eggs,2.7,,,,,
2689,Alpro Blueberry Cherry Dairy Free Yoghurt Alternative 4x125g,🥛 Dairy & Eggs,2.89,,,,,
2690,Arla Protein Strawberry 200g,🥛 Dairy & Eggs,1.49,,,,,
2691,Alpro Greek Style Plain Dairy Free Yoghurt Alternative 400g,🥛 Dairy & Eggs,2.35,,,,,
2692,Alpro Greek Style Strawberry Raspberry Dairy Free Yoghurt Alternative 150g,🥛 Dairy & Eggs,1.49,,,,,
2693,Co-op Pink Lady Apple 156g EACH,🥦 Fruit & Veg,0.7,,,,,
2694,Pomegranates EACH,🥦 Fruit & Veg,2.45,,,,,
2695,Alpro Plain Natural Dairy Free Soya Yoghurt Alternative 500g,🥛 Dairy & Eggs,2.35,,,,,
2696,The Collective Great Dairy Strawberry Suckies 90g,🥛 Dairy & Eggs,1,,,,,
2697,Yeo Valley Organic Raspberry Live Whole Milk Yogurt 450g,🥛 Dairy & Eggs,2.5,,,,,
2698,The Collective Great Dairy Suckies Banana 90g,🥛 Dairy & Eggs,1,,,,,
2699,Yeo Valley Organic Greek Style Natural 450g,🥛 Dairy & Eggs,2.4,,,,,
2700,The Collective Great Dairy Gourmet Mouth-Waterin' Raspberry British Live Yoghurt 425g,🥛 Dairy & Eggs,3.3,,,,,
2701,Yeo Valley Organic Greek Style Honey 450g,🥛 Dairy & Eggs,2.4,,,,,
2702,The Collective Great Dairy Gourmet Golden Mango British Live Yoghurt 425g,🥛 Dairy & Eggs,3.3,,,,,
2703,Yeo Valley Organic Greek Style Natural 950g,🥛 Dairy & Eggs,4.05,,,,,
2704,Yeo Valley Organic Greek Style Honey 4 x 100g (400g) 4X100G,🥛 Dairy & Eggs,2.29,,,,,
2705,Yeo Valley Organic Lemon Curd Live Whole Milk Yogurt 450g,🥛 Dairy & Eggs,2.5,,,,,
2706,Seriously Tasty Classic Steak Pie EACH,🥗 Deli & Salads,1.5,,,,,
2707,Starbucks Frappuccino Indulgent Caramel Flavour Coffee Drink 250ml,🥛 Dairy & Eggs,2.65,,,,,
2708,Yeo Valley Organic Kefir Natural 350g,🥛 Dairy & Eggs,2.1,,,,,
2709,Yeo Valley Organic Kefir Mango & Passion Fruit 350g,🥛 Dairy & Eggs,2.1,,,,,
2710,Lurpak Butter Slightly Salted 200g,🥛 Dairy & Eggs,3.4,,,,,
2711,Yeo Valley Organic Strawberry Kefir 4 x 100g (400g) 4X100G,🥛 Dairy & Eggs,2.75,,,,,
2712,Yeo Valley Organic Natural Live Smooth & Creamy Yogurt 950g,🥛 Dairy & Eggs,4.05,,,,,
2713,Yeo Valley Organic Natural Live Smooth & Creamy Yogurt 450g,🥛 Dairy & Eggs,2.5,,,,,
2714,Yeo Valley Organic Natural Live Smooth & Creamy Yogurt 4 x 110g 4X110G,🥛 Dairy & Eggs,2.75,,,,,
2715,"Yeo Valley Organic Strawberry, Peach & Apricot, Blackcurrant, Raspberry 440g (4 x 110g) 4X110G",🥛 Dairy & Eggs,2.75,,,,,
2716,Co-op Cypriot Halloumi 200g,🥛 Dairy & Eggs,2.95,,,,,
2717,Co-op Cypriot Lighter Grilling Cheese 200g,🥛 Dairy & Eggs,2.95,,,,,
2718,Lancashire Farm Greek Style Yogurt 1kg,🥛 Dairy & Eggs,3.15,,,,,
2719,Co-op 6 Frankfurters 300g,🥩 Meat & Fish,4.2,,,,,
2720,Co-op Cook's Kitchen Outdoor Bred Smoked Bacon 65g,🥩 Meat & Fish,4.2,,,,,
2721,Co-op Italian Style Antipasto 120g,🥩 Meat & Fish,4.25,,,,,
2722,Co-op Outdoor Bred Honey Roast Ham 120g,🥩 Meat & Fish,2.79,,,,,
2723,Co-op Corned Beef 120g,🥩 Meat & Fish,3.15,,,,,
2724,Co-op British Outdoor Bred Smoked Ham 120g,🥩 Meat & Fish,2.79,,,,,
2725,Co-op British Outdoor Bred Breaded Ham 120g,🥩 Meat & Fish,2.8,,,,,
2726,Co-op Space to Thrive British BBQ Chicken Slices 130g,🥩 Meat & Fish,3.7,,,,,
2727,Co-op Spanish Tortilla 250g,🥦 Fruit & Veg,3.3,,,,,
2728,Shaken Udder Vanillalicious Milkshake 750ml,🥛 Dairy & Eggs,2.8,,,,,
2729,Co-op Chicken Arrabbiata 400g,🥗 Deli & Salads,4.3,,,,,
2730,Co-op Big On BBQ Space to Thrive Sweet Chilli Chicken Kebabs 270g,🥛 Dairy & Eggs,5.35,,,,,
2731,Co-op Irresistible Cheddar Cheese Coleslaw 300g,🥦 Fruit & Veg,3.4,,,,,
2732,Co-op Classic Houmous 200g,🥦 Fruit & Veg,1.8,,,,,
2733,Co-op Creamy Onion & Garlic Dip 200g,🥦 Fruit & Veg,1.8,,,,,
2734,Co-op Mild Salsa 200g,🥦 Fruit & Veg,1.8,,,,,
2735,Co-op Creamy Soured Cream & Chive Dip 200g,🥦 Fruit & Veg,1.8,,,,,
2736,Co-op Reduced Fat Coleslaw 300g,🥦 Fruit & Veg,1.65,,,,,
2737,Co-op Reduced Fat Houmous 200g,🥦 Fruit & Veg,1.8,,,,,
2738,Co-op Irresistible Chicken Tikka Biryani 380g,🥗 Deli & Salads,5.65,,,,,
2739,Co-op Ham & Mushroom Tagliatelle 400g,🥗 Deli & Salads,4.3,,,,,
2740,Co-op Chicken Chow Mein with Egg Noodles 350g,🥗 Deli & Salads,4.8,,,,,
2741,Wasabi Spicy Korean Chicken with Fried Rice 400g,🥗 Deli & Salads,4.2,,,,,
2742,Yellow Pepper EACH,🥦 Fruit & Veg,0.84,,,,,
2743,Co-op 2 Organic Avocados 2PACK,🥦 Fruit & Veg,3.75,,,,,
2744,Co-op Organic Carrots 500g,🥦 Fruit & Veg,1.65,,,,,
2745,Co-op Irresistible 12 Month Matured Comté AOP 200g,🥛 Dairy & Eggs,4.49,,,,,
2746,Co-op French Garlic & Herb Le Roulé 125g,🥛 Dairy & Eggs,2.45,,,,,
2747,Primula Cheese with Chives Tube 140G,🥛 Dairy & Eggs,2.2,,,,,
2748,"Philadelphia Active 2,5% Fat Cottage Cheese 200g",🥛 Dairy & Eggs,2.4,,,,,
2749,Co-op Served Spinach & Feta Parcels 128g 4X32G,🥗 Deli & Salads,3.15,,,,,
2750,Green Peppers EACH,🥦 Fruit & Veg,0.84,,,,,
2751,Co-op Italian Parmigiano Reggiano 170g,🥛 Dairy & Eggs,4.45,,,,,
2752,Co-op Irresistible 30 Months Matured Parmigiano Reggiano 170g,🥛 Dairy & Eggs,5.6,,,,,
2753,Co-op Greek Style Natural Yogurt 0% Fat 500g,🥛 Dairy & Eggs,1.7,,,,,
2754,Clover 500g,🥛 Dairy & Eggs,2.9,,,,3.45,
2755,Oatly! The Original Oat Drink Semi 1L 1LTR,🥛 Dairy & Eggs,2.65,,,,,
2756,Oatly! The Original Whole Oat Drink 1L 1LTR,🥛 Dairy & Eggs,2.65,,,,,
2757,Biotiful Gut Health Kefir Yogurt Rubie Raspberry 350g,🥛 Dairy & Eggs,1.95,,,,,
2758,Onken Vanilla 450g,🥛 Dairy & Eggs,2.2,,,,,
2759,Onken Set Natural 450g,🥛 Dairy & Eggs,1.9,,,,,
2760,Stork 500g,🥛 Dairy & Eggs,2.75,3.3,,,,
2761,ProActiv Buttery Taste 450g,🥛 Dairy & Eggs,3.95,,,,,
2762,Flora Plant Butter Salted 200g,🥛 Dairy & Eggs,1.35,,,,,
2763,Co-op Organic Brown Onions 3S,🥦 Fruit & Veg,1.6,,,,,
2764,Co-op Beef Hotpot 400g,🥗 Deli & Salads,4.3,,,,,
2765,Co-op Organic Closed Cup Mushrooms 250g,🥦 Fruit & Veg,2.65,,,,,
2766,Wasabi Sweet Chilli Chicken Yakisoba 450g,🥗 Deli & Salads,4.2,,,,,
2767,Carrots heritage bunched each,🥦 Fruit & Veg,2.45,,,,,
2768,Müller Corner Limited Edition Ice Cream Inspired Tropical Fruits 136g,🥛 Dairy & Eggs,1.05,,,,,
2769,Co-op Organic Tenderstem Broccoli 160g,🥦 Fruit & Veg,2.8,,,,,
2770,Co-op British Cream Raspberry & Peach Flavour Trifle 600g,🥨 Snacks & Treats,4.2,,,,,
2771,Co-op Supporting British Farms Roast Turkey 120g,🥩 Meat & Fish,2.95,,,,,
2772,Co-op Cheese & Onion Quiche 400g,🥗 Deli & Salads,3.75,,,,,
2773,"Co-op Broccoli, Tomato & Cheese Quiche 400g",🥗 Deli & Salads,3.75,,,,,
2774,Co-op Quiche Lorraine 400g,🥗 Deli & Salads,3.75,,,,,
2775,Co-op Cheese & Onion Quiche 155g,🥗 Deli & Salads,2.25,,,,,
2776,Co-op Quiche Lorraine 155g,🥗 Deli & Salads,2.25,,,,,
7075,Waitrose Quiche Lorraine 400g,🥗 Deli & Salads,,,,3.95,,
2777,Co-op Mini Egg Bites 180g,🥗 Deli & Salads,2.7,,,,,
2778,Co-op Southern Fried Chicken Bites 162g,🥗 Deli & Salads,2.7,,,,,
2779,Co-op Chicken Poppers 170g,🥗 Deli & Salads,2.99,,,,,
2780,Co-op 6 Sausage Rolls 330g,🥗 Deli & Salads,2.5,,,,,
2781,Co-op Organic Cucumber EACH,🥦 Fruit & Veg,1.7,,,,,
2782,I Can't Believe It's Not Butter! Original 450g,🥛 Dairy & Eggs,1.85,,,,,
2783,Co-op Outdoor Bred British Unsmoked Streaky Bacon 300g,🥛 Dairy & Eggs,3.19,,,,,
2784,Co-op Space to Thrive British Piri Piri Chicken Wings 350g,🥩 Meat & Fish,4.2,,,,,
2785,Co-op Space to Thrive British Cajun Chicken Mini Fillets 130g,🥩 Meat & Fish,3.7,,,,,
2786,Co-op Organic Celery EACH,🥦 Fruit & Veg,2.2,,,,,
2787,Co-op Organic Vine Tomatoes 400G,🥦 Fruit & Veg,3.5,,,,,
2788,Co-op Irresistible Buttered Mashed Potato 400g,🥦 Fruit & Veg,3.25,,,,,
2789,Co-op Dutch Edam Slices 200g,🥛 Dairy & Eggs,3.35,,,,,
2790,Co-op Mini Apples 8S,🥦 Fruit & Veg,2,,,,,
2791,Co-op Mature Cheddar 330g,🥗 Deli & Salads,2.5,,,,,
2792,Co-op Irresistible Cavolo Nero 200g,🥦 Fruit & Veg,1.95,,,,,
2793,Président le Brie 200g,🥛 Dairy & Eggs,3.5,,,,,
2794,Co-op Baby Button Mushrooms 200g,🥦 Fruit & Veg,1.55,,,,,
2795,Peppa Pig Strawberry Fromage Frais 45g 6X45G,🥛 Dairy & Eggs,1.39,,,,,
2796,Petits Filous Kids Strawberry & Raspberry Yoghurt Pots 6 x 47g 6X47G,🥛 Dairy & Eggs,1.6,,,,,
2797,Petits Filous Kids Strawberry & Raspberry Yoghurt Pots 4 x 85g 4X85G,🥛 Dairy & Eggs,2.05,,,,,
2798,Co-op Bistro Salad 150g,🥦 Fruit & Veg,1.8,,,,,
2799,"Wildlife Variety Choobs Strawberry, Raspberry and Apricot Flavour 6 x 37g 6X37G",🥛 Dairy & Eggs,1.39,,,,,
2800,Yoplait Wildlife Strawberry Flavour Choobs Yoghurt 222g (6 x 37g) 6X37G,🥛 Dairy & Eggs,1.39,,,,,
2801,Petits Filous Kids Strawberry Yoghurt Drink 4 x 100g 4X100G,🥛 Dairy & Eggs,2.65,,,,,
2802,Saint Agur Blue 125g,🥛 Dairy & Eggs,3.25,,,,,
2803,Co-op Fish Pie with a Cheese Sauce 400g,🥗 Deli & Salads,4.3,,,,,
2804,Shaken Udder Chocolush Milkshake 750ml,🥛 Dairy & Eggs,2.8,,,,,
2805,Dairylea Dunkers Jumbo Tubes Cheese Snack 6 pack Multipack (6 x 41g) 246 g 246G,🥛 Dairy & Eggs,4.2,,,,4.4,
2806,Babybel Mini Light 6 x 20g (120g),🥛 Dairy & Eggs,2.89,,,,2.4,
2807,Co-op Irresistible Wood Fired Chorizo & Manchego 441g,🥗 Deli & Salads,6.35,,,,,
2808,"Co-op Irresistible Wood Fired Prosciutto Cotto, Garlic Mushroom & Mascarpone 491g",🥗 Deli & Salads,6.35,,,,,
2809,Co-op Apple Grapes & Cheese 190g,🥦 Fruit & Veg,2.95,,,,,
2810,Wasabi Chicken Katsu Curry with Rice 450g,🥗 Deli & Salads,4.2,,,,,
2811,Co-op Strawberries 227G,🥦 Fruit & Veg,3.4,,,,,
2812,Co-op Irresistible Hand Picked Easy Peelers 500g,🥦 Fruit & Veg,2.65,,,,,
2813,Co-op A Pinch of Thyme 25G,🥦 Fruit & Veg,0.99,,,,,
2814,Co-op Mangetout 120G,🥦 Fruit & Veg,1.7,,,,,
2815,Co-op Plant Based Coconut Cauliflower Curry with Long Grain Rice 370g,🥗 Deli & Salads,4.5,,,,,
2816,Co-op Blueberries 225g,🥦 Fruit & Veg,3.4,,,,,
2817,Co-op Fairtrade Super Bright Veg 220g,🥦 Fruit & Veg,3.1,,,,,
2818,Co-op 2 Mangoes 2S,🥦 Fruit & Veg,2.5,,,,,
2819,Co-op Ripe & Ready Pears 4PACK,🥦 Fruit & Veg,2.8,,,,,
2820,Co-op Savoy Cabbage EACH,🥦 Fruit & Veg,1.25,,,,,
2821,Co-op Flat Mushrooms 250g,🥦 Fruit & Veg,1.95,,,,,
2822,Co-op Irresistible Potato Dauphinoise 400g,🥦 Fruit & Veg,3.65,,,,,
2823,Yakult Original 8 x 65ml (520ml) 8X65ML,🥛 Dairy & Eggs,4.2,,,,,
2824,Co-op Asparagus 250g,🥦 Fruit & Veg,2.95,,,,,
2825,Co-op Greek Style Yogurt with Honey 450g,🥛 Dairy & Eggs,1.7,,,,,
2826,Co-op Steak & Gravy Pie 500g,🥗 Deli & Salads,5,,,,,
2827,Co-op Hand Picked Raspberries 225g,🥦 Fruit & Veg,4.39,,,,,
2828,Co-op Chicken & Gravy Pie 180g,🥗 Deli & Salads,2.9,,,,,
2829,Co-op Steak & Gravy Pie 180g,🥗 Deli & Salads,2.9,,,,,
2830,Co-op Hand Picked Fine Beans 170g,🥦 Fruit & Veg,1.65,,,,,
2831,Co-op Hand Picked Easy Peelers 1kg,🥦 Fruit & Veg,3.8,,,,,
2832,Itsu Brilliant'broth Classic Ramen 500ml,🥦 Fruit & Veg,3.3,,,,,
2833,Co-op Mild Cheddar 700g,🥛 Dairy & Eggs,6,,,,,
2834,Co-op Cook's Kitchen Lard 250g,🥛 Dairy & Eggs,1.2,,,,,
2835,Co-op Thick Natural Skyr 450g,🥛 Dairy & Eggs,2.2,,,,,
2836,Co-op Shallots 300G,🥦 Fruit & Veg,1.5,,,,,
2837,Co-op A Pinch of Rosemary 25G,🥦 Fruit & Veg,0.99,,,,,
2838,Co-op Stir Fry Sweet Chilli Sweet & Spicy Sauce 150g,🥦 Fruit & Veg,1.35,,,,,
2839,Co-op Mild & Creamy Mozzarella 225g 125G,🥛 Dairy & Eggs,1.29,,,,,
2840,Co-op Space to Thrive British Roast Chicken Drumsticks 450g,🥩 Meat & Fish,4.8,,,,,
2841,Co-op A Pinch of Bird Eye Chillies 20g,🥦 Fruit & Veg,1.6,,,,,
2842,Co-op Irresistible British Baby Potatoes 750g,🥦 Fruit & Veg,1.05,,,,,
2843,Co-op Irresistible British Sweet Pioneer Strawberries 227G,🥦 Fruit & Veg,3.95,,,,,
2844,Co-op Ripe and Ready Twin Pack Hass Avocados 8X2S,🥦 Fruit & Veg,2.2,,,,,
2845,Cully & Sully A Hearty Chicken & Vegetable Soup 400g,🥗 Deli & Salads,3,,,,,
2846,Babybel Mini Original Cheese 6 x 20g (120g),🥛 Dairy & Eggs,2.89,,,,2.4,
2847,Port Salut® Traditional French Cheese 185g,🥛 Dairy & Eggs,3.15,,,,,
2848,Le Rustique Jean Verrier Fromager Camembert 250g,🥛 Dairy & Eggs,3.7,,,,,
2849,Président Crème with a Hint of Vanilla Flavour 250g,🥛 Dairy & Eggs,1.95,,,,,
2850,Co-op Stir Fry Egg Noodles 275g,🥦 Fruit & Veg,1.4,,,,,
2851,Co-op Irresistible Blue Bliss Blueberries 150g,🥦 Fruit & Veg,3.6,,,,,
2852,Jersey Chocolate Milk 1Ltr,🥛 Dairy & Eggs,2.46,,,,,
2853,Arla Lactofree Cream 250ml,🥛 Dairy & Eggs,2,,,,,
2854,Jersey Creme Fraiche 500M,🥛 Dairy & Eggs,3.49,,,,,
2855,Co-op Irresistible Chicken & Portobello Mushroom Pie 250g,🥗 Deli & Salads,5,,,,,
2856,Co-op Irresistible Purple Sprouting Broccoli 200G,🥦 Fruit & Veg,2.7,,,,,
2857,Co-op Space to Thrive British Tikka Chicken Chunks 80g,🥩 Meat & Fish,2.2,,,,,
2858,Dairylea Lunchers Chicken 'N' Cheese Snack 60 g 60G,🥛 Dairy & Eggs,1.85,,,,,
2859,Co-op Irresistible All Butter Pastry 4 Sausage Rolls 188g,🥗 Deli & Salads,3.75,,,,,
2860,Gü Zillionaire Cheesecake 2 x 84.5g (169g) 2X84.5G,🥨 Snacks & Treats,3.95,,,,,
2861,Co-op Irresistible 4 Mini Melton Mowbray Pork Pies 200g,🥗 Deli & Salads,3.15,,,,,
2862,Gü Salted Caramel Cheesecake 2 x 82g (164g) 2X82G,🥨 Snacks & Treats,2.9,,,,,
2863,Co-op Cantaloupe Melon EACH,🥦 Fruit & Veg,3.15,,,,,
2864,Co-op A Pinch of Garlic 3S,🥦 Fruit & Veg,1.5,,,,,
2865,Co-op Garlic & Cheese Stuffed Mushrooms 200g,🥦 Fruit & Veg,3,,,,,
2866,Gü Spanish Lemon Cheesecake 2 x 85g (170g) 2X85G,🥨 Snacks & Treats,2.9,,,,,
2867,Co-op Irresistible Raspberries 140G,🥦 Fruit & Veg,4.2,,,,,
2868,Rodda's Classic Cornish Clotted Cream 227g,🥛 Dairy & Eggs,3.4,,,,,
2869,Arctic Coffee Café Latte 1 Litre 1LTR,🥛 Dairy & Eggs,2.1,,,,,
2870,Co-op Lemon Dessert Pots 140g (2 x 70g) 2X70G,🥨 Snacks & Treats,2.1,,,,,
2871,itsu Restaurant'Ramen Original Noodles 200g,🥦 Fruit & Veg,1.85,,,,,
2872,Co-op Hand Picked Blackberries 150g,🥦 Fruit & Veg,3.15,,,,,
2873,Co-op Shortcrust Pastry 320g,🥛 Dairy & Eggs,1.75,,,,,
2874,Co-op 4 Best of British Apples Fruits 4PACK,🥦 Fruit & Veg,2.55,,,,,
2875,itsu Restaurant'Ramen Flat Noodles 200g,🥦 Fruit & Veg,1.85,,,,,
2876,Co-op Puff Pastry 320g,🥛 Dairy & Eggs,1.75,,,,,
2877,Co-op Chestnut Mushrooms 250g,🥦 Fruit & Veg,1.4,,,,,
2878,"Actimel Strawberry Immune Support Yoghurt Drink Multipack, 8x100g",🥛 Dairy & Eggs,4.05,,,,,
2879,"Actimel Multifruit Immune Support Yoghurt Drink Multipack, 8x100g",🥛 Dairy & Eggs,4.05,,,,,
2880,"Müller Corner Delicious, Creamy Yogurt Family Pack 4 x 124g (496g) 4X124G",🥛 Dairy & Eggs,3.5,,,,,
2881,"Müller Corner Strawberry, Peach & Apricot Family Pack 4 x 136g (544g) 4X136G",🥛 Dairy & Eggs,3.5,,,,,
2882,Co-op Pak Choi 200G,🥦 Fruit & Veg,1.85,,,,,
2883,Oatly! The Original Chocolate Deluxe Oat Drink 1L 1LTR,🥛 Dairy & Eggs,2.55,,,,,
2884,Yazoo Strawberry Milk Drink 1L 1LTR,🥛 Dairy & Eggs,2.2,,,,,
2885,Co-op Irresistible West Country Lemon Curd Yogurt 150g,🥛 Dairy & Eggs,1.05,,,,,
2886,Co-op Portabellini Mushrooms 200g,🥦 Fruit & Veg,1.8,,,,,
2887,Co-op Irresistible Corned Beef 120g,🥩 Meat & Fish,4.5,,,,,
2888,Florette Crispy 90g,🥦 Fruit & Veg,1.65,,,,,
2889,Co-op Irresistible 21 Days Matured Sliced Roast Beef Topside 100g,🥩 Meat & Fish,3.9,,,,,
2890,Co-op British Chicken Satay with a Sweet Chilli Sauce Dip 55g,🥩 Meat & Fish,1.85,,,,,
2891,Alpro Coconut Original Chilled Dairy Free Drink 1L 1LTR,🥛 Dairy & Eggs,2.7,,,,,
2892,Yazoo Chocolate Milk Drink 1L 1LTR,🥛 Dairy & Eggs,2.2,,,,,
2893,Nesquik Milk Slice Choco Cacao 4 x 26g (104g) 4X26G,🥛 Dairy & Eggs,1.55,,,,,
2894,Co-op French Camembert 250g,🥛 Dairy & Eggs,3.39,,,,,
2895,Co-op Pistachio Tiramisu 160g (2 x 80g) 2X80G,🥨 Snacks & Treats,2.1,,,,,
2896,Co-op Extra Mature Cheddar 680g,🥛 Dairy & Eggs,5.6,,,,,
2897,Yazoo Banana Milk Drink 1L 1LTR,🥛 Dairy & Eggs,2.2,,,,,
2898,Co-op Baby Spinach 300g,🥦 Fruit & Veg,2.45,,,,,
2899,Co-op Irresistible British Baking Potatoes 800g 700G,🥦 Fruit & Veg,2,,,,,
2900,Co-op Broccoli 335G,🥦 Fruit & Veg,1.45,,,,,
2901,Co-op Mature Cheddar 400g,🥛 Dairy & Eggs,3.7,,,,,
2902,Co-op Lighter Mature Cheese 240g,🥛 Dairy & Eggs,3.4,,,,,
2903,Co-op Mild Cheddar 400g,🥛 Dairy & Eggs,3.7,,,,,
2904,Co-op Mild & Melting Grated Mozzarella & Cheddar 250g,🥛 Dairy & Eggs,3.4,,,,,
2905,Co-op British Outdoor Bred Wafer Thin Cooked Ham 300g,🥩 Meat & Fish,3.15,,,,,
2906,Co-op British Outdoor Bred Wafer Thin Honey Roast Ham 300g,🥩 Meat & Fish,3.15,,,,,
2907,Starbucks Doubleshot Espresso 200ml,🥛 Dairy & Eggs,2.65,,,,,
2908,Co-op Irresistible Mexican Style Rice Salad 230g,🥦 Fruit & Veg,2.7,,,,,
2909,Co-op Space to Thrive British Flame Grilled Chicken Mini Fillets 130g,🥩 Meat & Fish,3.7,,,,,
2910,Co-op 6 Italian Style Prosciutto Crudo Slices 80g,🥩 Meat & Fish,3.59,,,,,
2911,Co-op 18 Italian Milano Salami Slices 80g,🥩 Meat & Fish,2.95,,,,,
2912,Elmlea Double Alternative to Cream 270ml,🥛 Dairy & Eggs,1.3,,,,,
2913,Elmlea Double Light Alternative to Cream 270ml,🥛 Dairy & Eggs,1.75,,,,,
2914,Co-op Irresistible Wood Fired Pepperoni & Hot Honey 471g,🥗 Deli & Salads,6.35,,,,,
2915,Elmlea Single 270ml,🥛 Dairy & Eggs,1.3,,,,2.1,
2916,Co-op Irresistible Slow Cooked Brasato & Béchamel Ravioli 250g,🥗 Deli & Salads,4.5,,,,,
2917,Co-op Irresistible Porcini Mushroom Sauce 300g,🥗 Deli & Salads,2.85,,,,,
2918,Co-op Tomato and Mozzarella Pasta Bake 750g,🥗 Deli & Salads,5.5,,,,,
2919,Primula Original Cheese Spread 140G,🥛 Dairy & Eggs,2.2,,,,,
2920,Co-op Irresistible Vintage Cheddar Mac & Cheese 700g,🥗 Deli & Salads,8.25,,,,,
2921,Co-op Big Cheese Feast Stuffed Crust 590g,🥗 Deli & Salads,6.3,,,,,
2922,Dairylea Snackers Cheese & Crackers with Oreo Cheese Snack 56.5 g 56.5G,🥛 Dairy & Eggs,1.85,,,,,
2923,Strings & Things Cheestrings 8 x 20g (160g),🥛 Dairy & Eggs,3.69,,,2.67,,
2924,Co-op Goats Cheese 125g,🥛 Dairy & Eggs,2.79,,,,,
2925,Co-op Snacking Cheese & Pepperoni 114g,🥗 Deli & Salads,1.05,,,,,
2926,Co-op Snacking Cheese & Tomato 101g,🥗 Deli & Salads,1.05,,,,,
2927,Co-op Honest Value Cheese & Tomato Pizza 270g,🥗 Deli & Salads,1.5,,,,,
2928,Babybel Mini Original Cheese 12 x 20g (240g),🥛 Dairy & Eggs,3.15,,,,,
2929,Co-op Honest Value Soft Cheese 200g,🥛 Dairy & Eggs,1.3,,,,,
2930,Elmlea Double Alternative to Dairy Cream 250ml,🥛 Dairy & Eggs,1.75,,,,,
2931,Co-op Roast Chicken Breast 120g,🥩 Meat & Fish,2.95,,,,,
2932,Co-op British Mature Cheddar 240g,🥛 Dairy & Eggs,3.3,,,,,
2933,Vadasz Super-Beet Kimchi 275g,🥦 Fruit & Veg,4.25,,,,,
2934,Co-op Irresistible Strawberries & Cream West Country Yogurt 450g,🥛 Dairy & Eggs,2.55,,,,,
2935,Co-op Irresistible Parma Ham 5 Slices 75g,🥩 Meat & Fish,4.2,,,,,
2936,Co-op Strawberry Cheesecake 2 x 100g (200g) 2X100G,🥨 Snacks & Treats,1.85,,,,,
2937,Co-op Lemon Cheesecake 2 x 100g (200g) 2X100G,🥨 Snacks & Treats,1.85,,,,,
2938,Co-op British Blue Stilton 200g,🥛 Dairy & Eggs,3.15,,,,,
2939,Co-op Ready Rolled Pizza Dough 400g,🥛 Dairy & Eggs,1.75,,,,,
2940,Gü Chocolate & Honeycomb Cheesecake 2 x 86.5g (173g) 2X86.5G,🥨 Snacks & Treats,3.95,,,,,
2941,Co-op Rich & Creamy Tiramisù 2 x 85g (170g) 2X85G,🥨 Snacks & Treats,2.85,,,,,
2942,Co-op Rich & Creamy Tiramisù 450g,🥨 Snacks & Treats,3.9,,,,,
2943,Co-op New York Vanilla Cheesecake 475g,🥨 Snacks & Treats,5.15,,,,,
2944,Co-op Irresistible Melt in the Middle Chocolate Puddings 294g 2X147G,🥨 Snacks & Treats,4.4,,,,,
2945,Co-op British Cream Chocolate Choux Buns 2PACK,🥛 Dairy & Eggs,2.35,,,,,
2946,Co-op British Cream Chocolate Eclairs 2PACK,🥛 Dairy & Eggs,2.35,,,,,
2947,Co-op 2 Free Range Egg Custard Tarts 2PACK,🥛 Dairy & Eggs,1.5,,,,,
2948,Co-op British Cream Chocolate Trifle 500g,🥨 Snacks & Treats,4.2,,,,,
2949,Co-op Sticky Toffee Puddings 2 x 105g (210g),🥨 Snacks & Treats,3,,,,,
2950,Violife Supreme Creamy 200g,🥛 Dairy & Eggs,2.69,,,,,
2951,Co-op Irresistible 2 Scotch Eggs 240g,🥗 Deli & Salads,3.89,,,,,
2952,Peperami The Original 5 x 20g (100g) 5X20G,🥩 Meat & Fish,3.4,,,,,
2953,Violife 10 Original Slices 175g,🥛 Dairy & Eggs,2.9,,,,,
2954,Co-op Salt & Pepper Chicken Spring Rolls 100g 90G,🥗 Deli & Salads,2.5,,,,,
2955,Co-op Mature Cheddar 700g,🥛 Dairy & Eggs,6,,,,,
2956,Co-op Wensleydale with Apricots 200g,🥛 Dairy & Eggs,3.3,,,,,
2957,Co-op Mature Cheddar 10 Slices 200g,🥛 Dairy & Eggs,3.4,,,,,
2958,Co-op 10 Mild Cheddar Slices 200g,🥛 Dairy & Eggs,3.4,,,,,
2959,Co-op Somerset Brie 160g,🥛 Dairy & Eggs,2.55,,,,,
2960,Co-op Grated Mature Cheddar 250g,🥛 Dairy & Eggs,3.65,,,,,
2961,Co-op Grated Mild Cheddar 250g,🥛 Dairy & Eggs,3.65,,,,,
2962,Co-op Red Leicester 240g,🥛 Dairy & Eggs,3.3,,,,,
2963,Co-op Mild & Melting Grated Mozzarella 250g,🥛 Dairy & Eggs,3.65,,,,,
2964,Co-op Irresistible West Country Yogurt Black Cherry 150g,🥛 Dairy & Eggs,1.05,,,,,
2965,Co-op German Smoked Cheese Slices 180g,🥛 Dairy & Eggs,3.35,,,,,
2966,Co-op Chocolate Trifle 2 x 90g (180g) 2X90G,🥨 Snacks & Treats,1.95,,,,,
2967,Co-op Irresistible Pioneers Crunch Vintage Cheddar 300g,🥛 Dairy & Eggs,4.45,,,,,
2968,Co-op Irresistible Chorizo 225g,🥩 Meat & Fish,3.5,,,,,
2969,Co-op Banana Flavoured Milk 1 Litre 1LTR,🥛 Dairy & Eggs,1.65,,,,,
2970,Co-op Wensleydale with Cranberry 200g,🥛 Dairy & Eggs,3.3,,,,,
2971,Co-op Space to Thrive British Roast Chicken Breast Slices 170g,🥩 Meat & Fish,4.2,,,,,
2972,Co-op British Milk Soured Cream 300ml,🥛 Dairy & Eggs,1.6,,,,,
2973,Co-op Smooth Brussels Pâté 170g,🥩 Meat & Fish,1.85,,,,,
2974,Co-op High Protein Cottage Cheese 300g,🥛 Dairy & Eggs,2.2,,,,,
2975,BOL Garden Pea & Spinach Protein Power Soup 600G,🥗 Deli & Salads,3.55,,,,,
2976,Saint Agur Blue Crème 150g,🥛 Dairy & Eggs,3.4,,,,,
2977,Co-op British Cooked Beetroot 250g,🥦 Fruit & Veg,1.3,,,,,
2978,1912 Golden Blue Artisan Cheese 150g,🥛 Dairy & Eggs,3.15,,,,,
2979,Cathedral City Our Mature Cheddar 200g,🥛 Dairy & Eggs,3.79,,,,,
2980,Co-op Mild & Melting Mozzarella Slices 200g,🥛 Dairy & Eggs,3.35,,,,,
2981,Co-op 4 Juicy & Tender Beef Quarter Pounders 454g,🥩 Meat & Fish,4.75,,,,,
2982,YAMAS! Reduced Fat Greek Salad Cheese 200g,🥛 Dairy & Eggs,2.8,,,,,
2983,Cathedral City Our Mature Cheddar 6 x 20g 6X20G,🥛 Dairy & Eggs,2.55,,,,3.1,
2984,Castello Creamy Blue 150g,🥛 Dairy & Eggs,3.59,,,,,
2985,Co-op Tempura Battered Fish Goujons 200g,🥩 Meat & Fish,3.15,,,,,
2986,Co-op Served Slow Cooked BBQ Pulled Pork 425g,🥩 Meat & Fish,5.8,,,,,
2987,Shaken Udder Strawberry Dream Milkshake 750ml,🥛 Dairy & Eggs,2.8,,,,,
2988,Co-op Space to Thrive British Chicken Drumsticks 750g,🥩 Meat & Fish,3.3,,,,,
2989,Co-op Honest Value 4 British Beef Sizzle Steaks 300g,🥩 Meat & Fish,5.35,,,,,
2990,Co-op 2 Breaded Haddock 270g,🥩 Meat & Fish,3.4,,,,,
2991,Co-op Plant Based Southern Fried No-Chicken Tenders 190g,🥩 Meat & Fish,2.65,,,,,
2992,Cathedral City Our Mature Cheddar 550g,🥛 Dairy & Eggs,6.55,,,,,
2993,Co-op Irresistible Tomato & Vodka Sauce 300g,🥗 Deli & Salads,2.85,,,,,
2994,Co-op Jumbo Seafood Stick 50g,🥩 Meat & Fish,0.79,,,,,
2995,Co-op Irresistible Aberdeen Angus British Beef Mince 500g,🥩 Meat & Fish,7.1,,,,,
2996,Co-op 2 British Smoked Gammon Steaks 450g,🥩 Meat & Fish,5.25,,,,,
2997,Co-op Takeaway Chicken Rogan Josh 350g,🥗 Deli & Salads,4.8,,,,,
2998,Cathedral City Large Slices for Sandwiches 150g,🥛 Dairy & Eggs,3.15,,,,,
2999,Cathedral City Our Strongest Cheddar 350g,🥛 Dairy & Eggs,6,,,,,
3000,itsu Brilliant' Broth Chicken Ramen 500ml,🥦 Fruit & Veg,3.3,,,,,
3001,Co-op Tex Mex Style Dip Selection 360g (4 x 90g),🥦 Fruit & Veg,3,,,,,
3002,Co-op Plant Based Oat Drink 1 Litre EACH,🥛 Dairy & Eggs,1.95,,,,,
3003,The Laughing Cow 8 Light Creamy Spreadable Cheese Triangles 120g 0.12KG,🥛 Dairy & Eggs,1.6,,,,,
3004,Bertolli 450g,🥛 Dairy & Eggs,2.89,,,,3.75,
3005,Onken Cherry 450g,🥛 Dairy & Eggs,2.2,,,,,
3006,Dairylea Dunkers Jumbo Tubes Cheese Snack 3 pack Multipack (3 x 41g) 123 g 123G,🥛 Dairy & Eggs,2.75,,,,2.25,
3007,Activia Strawberry Gut Health Fruit Yoghurt Multipack 4x115g,🥛 Dairy & Eggs,3.1,,,,,
3008,Activia Rhubarb Gut Health Fruit Yoghurt Multipack 4x115g,🥛 Dairy & Eggs,3.1,,,,,
3009,Activia Cherry Fat Free No Added Sugar Gut Health Fruit Yoghurt Multipack 4x115g,🥛 Dairy & Eggs,3.1,,,,,
3010,Activia Peach Fat Free No Added Sugar Gut Health Fruit Yoghurt Multipack 4x115g,🥛 Dairy & Eggs,3.1,,,,,
3011,"Activia Raspberry Fat Free No Added Sugar Gut Health Fruit Yoghurt Multipack, 4x115g",🥛 Dairy & Eggs,3.1,,,,,
3012,"Frubes Kids Strawberry, Red Berry & Peach Flavour Yoghurt Tubes 9 x 37g 9X37G",🥛 Dairy & Eggs,1.6,,,,,
3013,Co-op Irresistible Triple Cook Thick Cut Chunky Chips 360g,🥦 Fruit & Veg,3.65,,,,,
3014,Co-op Tenderstem Broccoli & Fine Beans 200g,🥦 Fruit & Veg,2.5,,,,,
3015,Dairylea Cheese Slices 8 Slices Multipack (8 x 18.75g) 150 g 150G,🥛 Dairy & Eggs,1.85,,,,,
3016,Philadelphia Light Soft Cheese Mini Tubs 140g (4 x 35g),🥛 Dairy & Eggs,2.45,,,,,
3017,Tofoo & Co. Naked Tofu 280g,🥩 Meat & Fish,2.65,,,,,
3018,Richmond 12 Skinless Pork Sausages 319g,🥩 Meat & Fish,2.85,,,,,
3019,Cadbury Caramilk Golden Caramel Chocolate Dessert Pot 350g,🥛 Dairy & Eggs,2.65,,,,,
3020,Co-op Thick & Creamy Mascarpone 250g,🥛 Dairy & Eggs,2.65,,,,,
3021,Co-op Italian Grated Parmigiano Reggiano 50g,🥛 Dairy & Eggs,2.05,,,,,
3022,Co-op Crispy Potato Slices 300g,🥦 Fruit & Veg,2.65,,,,,
3023,Co-op Irresistible Wiltshire Cured Breaded Ham 120g,🥩 Meat & Fish,4.2,,,,,
3024,Co-op Silverside Beef 100g,🥩 Meat & Fish,3.4,,,,,
3025,Co-op Irresistible Outdoor Bred Wiltshire Cooked Ham 5 Slices 120g,🥩 Meat & Fish,4.2,,,,,
3026,Co-op Free Range Egg Mayonnaise 200g,🥩 Meat & Fish,1.95,,,,,
3027,Co-op British Milk Double Cream 300ml,🥛 Dairy & Eggs,1.8,,,,,
3028,Co-op British Milk Single Cream 300ml,🥛 Dairy & Eggs,1.49,,,,,
3029,Co-op Space to Thrive British Half Roast Chicken 450g,🥩 Meat & Fish,4.99,,,,,
3030,Müller Frijj Fudge Brownie Flavour Milkshake 330ml,🥛 Dairy & Eggs,1.7,,,,,
3031,Richmond 8 Meat-Free Streaky Bacon Rashers 120g,🥩 Meat & Fish,3.15,,,,,
3032,Co-op Chocolate Sundae 125g,🥛 Dairy & Eggs,1.9,,,,,
3033,Dairylea Cheese Spread Triangles 8 Pack Multipack 125 g 125G,🥛 Dairy & Eggs,2.2,,,,,
3034,Pots & Co 70% Chocolate Ganache 4 x 50g 4X50G,🥨 Snacks & Treats,4.5,,,,,
3035,Co-op Creamy Tzatziki 200g,🥦 Fruit & Veg,1.8,,,,,
3036,Co-op Classic Coleslaw 300g,🥦 Fruit & Veg,1.65,,,,,
3037,Co-op Classic Potato Salad 300g,🥦 Fruit & Veg,1.65,,,,,
3038,"Co-op Fragrant Spinach, Pesto & Pinenut Pasta Salad 200g",🥦 Fruit & Veg,2.7,,,,,
3039,Co-op Fruity Moroccan Style Cous Cous 215g,🥦 Fruit & Veg,2.7,,,,,
3040,Starbucks Caramel Macchiato Flavour Chilled Coffee 750ml,🥛 Dairy & Eggs,4.2,,,,,
3041,Co-op Irresistible Coleslaw 300g,🥦 Fruit & Veg,2.2,,,,,
3042,Co-op Sweet Red Pepper Houmous 170g,🥦 Fruit & Veg,1.8,,,,,
3043,Co-op Marinated Queen Green Olives with Garlic Pitted Olives 150g,🥦 Fruit & Veg,3.6,,,,,
3044,Co-op Marinated Artichokes in A Garlic & Red Pepper Dressing 120g,🥦 Fruit & Veg,3.6,,,,,
3045,Co-op Marinated Trio Mixed Olives 150g,🥦 Fruit & Veg,3.6,,,,,
3046,Co-op Sweet Cream Cheese Stuffed Peppers 120g,🥦 Fruit & Veg,3.6,,,,,
3047,Co-op Tangy Sweet Chilli Houmous 170g,🥦 Fruit & Veg,1.8,,,,,
3048,Co-op GRO Coleslaw 300g,🥦 Fruit & Veg,1.7,,,,,
3049,Co-op Mixed Olives with Feta in a Herb Dressing 150g,🥦 Fruit & Veg,3.6,,,,,
3050,Co-op Classic Dip Selection 4 x 90g (360g),🥦 Fruit & Veg,3,,,,,
3051,Co-op Zesty Guacamole 170g,🥦 Fruit & Veg,1.8,,,,,
3052,Co-op Marinated Sunsoaked Tomatoes 120g,🥦 Fruit & Veg,3.6,,,,,
3053,Co-op Irresistible Whipped Feta & Mint Dip 160g,🥦 Fruit & Veg,2.95,,,,,
3054,Co-op Irresistible Velvety Smooth Houmous 170g,🥦 Fruit & Veg,2.95,,,,,
3055,Co-op Irresistible Garlic & Chilli Olives 130g,🥦 Fruit & Veg,3.75,,,,,
3056,Co-op Irresistible Nocellara Olives 130g,🥦 Fruit & Veg,3.65,,,,,
3057,Co-op Tangy Tomato & Basil Pasta Salad 225g,🥦 Fruit & Veg,2.69,,,,,
3058,Co-op Green Vegetable Medley 250g,🥦 Fruit & Veg,3,,,,,
3059,Philadelphia Light Soft Cream Cheese The same great taste with 40% Less Fat Tub 165 g 165G,🥛 Dairy & Eggs,2.65,,,,3,
3060,Co-op Fat Free Natural Yogurt 500g,🥛 Dairy & Eggs,1.2,,,,,
3061,Co-op Irresistible Rhubarb & Custard West Country Yogurt 150g,🥛 Dairy & Eggs,1.05,,,,,
3062,Ginsters Smoked Ham & Cheddar Pastry Toastie 130g,🥗 Deli & Salads,2.89,,,,,
3063,Co-op Irresistible West Country Yogurt Fudge 150g,🥛 Dairy & Eggs,1.05,,,,,
3064,Président Crème Fraîche Gastronomique 194g 200ML,🥛 Dairy & Eggs,1.79,,,,,
3065,Fridge Raiders Slow Roasted Chicken Bites Mini Packs 3 x 22.5g 3X22.5G,🥩 Meat & Fish,2.2,,,,,
3066,Co-op Space to Thrive British Rotisserie Chicken Roast in the Bag 1.615kg,🥩 Meat & Fish,8.15,,,,,
3067,Dairylea Cheese Spread Tub 145 g 145G,🥛 Dairy & Eggs,2.4,,,,,
3068,Philadelphia Protein Soft Cream Cheese Tub 165 g 165G,🥛 Dairy & Eggs,2.65,,,,,
3069,Co-op Royal Gala Apples 6PACK,🥦 Fruit & Veg,2.65,,,,,
3070,Pilgrims Choice Extra Mature Cheddar 350g,🥛 Dairy & Eggs,5.1,,,,,
3071,Activia Mango Gut Health Yoghurt Multipack 4x115g,🥛 Dairy & Eggs,3.1,,,,,
3072,Co-op Super Bright Mixed Vegetables 160g,🥦 Fruit & Veg,2.59,,,,,
3073,Co-op Super Green Tender Vegetable Medley 160g,🥦 Fruit & Veg,2.59,,,,,
3074,Co-op Ripen at Home Nectarines 3S,🥦 Fruit & Veg,2.2,,,,,
3075,Bluey Fromage Frais 4 x 85g (340g) 4X85G,🥛 Dairy & Eggs,1.6,,,,,
3076,Co-op Easy Peelers 600g,🥦 Fruit & Veg,3.75,,,,,
3077,Co-op Fairtrade Super Green Veg 220g,🥦 Fruit & Veg,3.1,,,,,
3078,Co-op Celery Sticks 250g,🥦 Fruit & Veg,1.39,,,,,
3079,Co-op Braeburn Apples 4S,🥦 Fruit & Veg,2.2,,,,,
3080,Lurpak Slightly Salted Spreadable Blend of Butter and Rapeseed Oil 750g,🥛 Dairy & Eggs,5.75,,,,,
3081,"Onken Mango, Papaya, Passion Fruit 450g",🥛 Dairy & Eggs,2.2,,,,,
3082,Onken Strawberry 450g,🥛 Dairy & Eggs,2.2,,,,,
3083,Cathedral City Our Extra Mature Cheddar 350g,🥛 Dairy & Eggs,4.9,,,,5.25,
3084,Cathedral City Our Mature Cheddar 350g,🥛 Dairy & Eggs,4.9,,,,5.25,
3085,Co-op Stonebaked Double Pepperoni Pizza 327g,🥗 Deli & Salads,4.45,,,,,
3086,Co-op Stonebaked Margherita 320g,🥗 Deli & Salads,4.45,,,,,
3087,Co-op Served Fries 250g,🥦 Fruit & Veg,2.2,,,,,
3088,Co-op Stonebaked Meat Feast 356g,🥗 Deli & Salads,4.45,,,,,
3089,Yorkshire Provender Roast Chicken and Traditional Vegetables 560g,🥗 Deli & Salads,3.95,,,,,
3090,Yorkshire Provender Chicken & Lentil with Butternut Squash 560g,🥗 Deli & Salads,3.95,,,,,
3091,Charlie Bigham's Thai Red Chicken Curry & Fragrant Rice 835g,🥗 Deli & Salads,8.4,,,,,
3092,Kirsty's Lentil Cottage Pie with Sweet Potato Mash 400g,🥗 Deli & Salads,4.75,,,,,
3093,Co-op Irresistible Golden Tomato & Mozzarella Ravioli 250g,🥗 Deli & Salads,4.75,,,,,
3094,Co-op Berry Medley 230g,🥦 Fruit & Veg,3.4,,,,,
3095,Cauldron Middle Eastern Falafels 200g,🥗 Deli & Salads,2.9,,,,,
3096,Co-op Italian Menu Tomato & Basil Sauce 300g,🥗 Deli & Salads,2.4,,,,,
3097,The Jolly Hog Outdoor Bed Black Treacle Ham 100g,🥩 Meat & Fish,3.7,,,,,
3098,Co-op Stir Fry Mixed Vegetable 320g,🥦 Fruit & Veg,1.9,,,,,
3099,Co-op British Milk Double Cream 600ml,🥛 Dairy & Eggs,2.5,,,,,
3100,Fage Total 0% Fat Greek Recipe Strained Yoghurt 450g,🥛 Dairy & Eggs,3.95,,,,,
3101,Galbani Mini Mozzarella 150g,🥛 Dairy & Eggs,2.1,,,,,
3102,Co-op Red Leicester 680g,🥛 Dairy & Eggs,6,,,,,
3103,Co-op Mild Coloured Cheddar 400g,🥛 Dairy & Eggs,3.7,,,,,
3104,Co-op Coloured Mature Cheddar 400g,🥛 Dairy & Eggs,3.7,,,,,
3105,Pilgrims Choice Mature Cheddar 350g,🥛 Dairy & Eggs,5.1,,,,,
3106,Co-op British Milk Extra Thick Double Cream 300ml,🥛 Dairy & Eggs,1.8,,,,,
3107,Co-op Grated Mature Coloured Cheddar 250g,🥛 Dairy & Eggs,3.65,,,,,
3108,Co-op Chocolate Sponges 2 x 105g (210g),🥨 Snacks & Treats,3,,,,,
3109,Arla Skyr Natural Icelandic Style Yogurt 450g,🥛 Dairy & Eggs,2.55,,,,,
3110,Cadbury Dairy Milk Trifle 2 x 90g (180g) 2X90G,🥛 Dairy & Eggs,2.1,,,,,
3111,Müller Bliss Whipped Greek Style Salted Caramel Flavour 4 x 100g (400g) 4X100G,🥛 Dairy & Eggs,3.5,,,,,
3112,Bonne Maman Crème Brûlée 2 x (96g + 4g) (200g) 2X100G,🥨 Snacks & Treats,2.65,,,,,
3113,Müller Light Cherry 160g,🥛 Dairy & Eggs,1.05,,,,,
3114,Bonne Maman Chocolate Mousse 2 x 70g 2X70G,🥛 Dairy & Eggs,2.65,,,,,
3115,Müller Light Smooth Toffee Flavour 160g,🥛 Dairy & Eggs,1.05,,,,,
3116,Bonne Maman Strawberry Mousse with Strawberry Pieces 2 x 70g 2X70G,🥛 Dairy & Eggs,2.65,,,,,
3117,Müller Light Greek Style Lemon 4 x 115g (460g) 4X115G,🥛 Dairy & Eggs,2.65,,,,,
3118,Co-op Strawberry Jam & Cream Doughnuts 2PACK,🥨 Snacks & Treats,2.4,,,,,
3119,Müller Light Greek Style Strawberry 4 x 115g (460g) 4X115G,🥛 Dairy & Eggs,2.65,,,,,
3120,Bonne Maman Salted Caramel Crème 2 x 90g 2X90G,🥛 Dairy & Eggs,2.65,,,,,
3121,Co-op British Cream Vanilla Slices 2PACK,🥛 Dairy & Eggs,2.4,,,,,
3122,Müller Corner Strawberry 136g,🥛 Dairy & Eggs,1.05,,,,,
3123,Müller Corner Red Cherry 136g 124G,🥛 Dairy & Eggs,1.05,,,,,
3124,Müller Rice Strawberry 170g,🥛 Dairy & Eggs,1.05,,,,,
3125,Müller Rice Apple 170g,🥛 Dairy & Eggs,1.05,,,,,
3126,Müller Rice Vanilla Custard 170g,🥛 Dairy & Eggs,1.05,,,,,
3127,Cadbury Dairy Milk with Flake 75g,🥛 Dairy & Eggs,1.05,,,,,
3128,Cadbury Dairy Milk with Buttons 75g,🥛 Dairy & Eggs,1.05,,,,,
3129,The Black Farmer 6 Premium Pork Sausages 400g,🥩 Meat & Fish,4.2,,,,,
3130,Co-op Lancashire Cheese 240g,🥛 Dairy & Eggs,3.3,,,,,
3131,Heck! 97% 6 Sausages 400g,🥩 Meat & Fish,4.2,,,,,
3132,Heck! 10 Chicken Italia Chipolatas 340g,🥩 Meat & Fish,4.2,,,,,
3133,Co-op Big On BBQ Minted Lamb Kebabs 240g,🥩 Meat & Fish,5,,,,,
3134,Fage Total 5% Fat Natural Greek Recipe Strained Yoghurt 450g,🥛 Dairy & Eggs,3.95,,,,,
3135,Fage Total 0% Fat with Blueberry 150g,🥛 Dairy & Eggs,1.7,,,,,
3136,Co-op Chicken Gyros Parcels 150g,🥗 Deli & Salads,3.85,,,,,
3137,Co-op Irresistible Italian Inspired Bruschetta Platter 165g,🥦 Fruit & Veg,4.5,,,,,
3138,Co-op Irresistible 9 Month Matured Somerset Extra Mature Cheddar 320g,🥛 Dairy & Eggs,4.4,,,,,
3139,Co-op Sweet Potatoes 1kg,🥦 Fruit & Veg,2.29,,,,,
3140,Co-op Edam Wedge 300g,🥛 Dairy & Eggs,3.09,,,,,
3141,Pieminister Moo Classic Pie 255G,🥗 Deli & Salads,5.1,,,,,
3142,Co-op Bitesize Sausage Rolls 160g,🥗 Deli & Salads,2.8,,,,,
3143,Delamere Whole Fresh Pasteurised Goats Milk 1 Litre 1LTR,🥛 Dairy & Eggs,2.65,,,,,
3144,Co-op Irresistible 6 Month Matured Somerset Mature Cheddar 340g,🥛 Dairy & Eggs,4.75,,,,,
3145,Fage Total 0% Fat Natural Fat Free Greek Recipe Strained Yoghurt 950g,🥛 Dairy & Eggs,6,,,,,
3146,Co-op Big on BBQ 4 Pork Cumberland 454g,🥩 Meat & Fish,4.4,,,,,
3147,Fage Total 0% Fat Free Greek Recipe Strained Yoghurt with Honey 150g,🥛 Dairy & Eggs,1.7,,,,,
3148,Gressingham Impressively Easy Duck Breast Portions 225g,🥩 Meat & Fish,5.9,,,,,
3149,Nectarines Each,🥦 Fruit & Veg,0.69,,,,,
3150,Artichoke Globe Each,🥦 Fruit & Veg,0.99,,,,,
3151,Co-op Cheese & Tomato Tortelloni 300g,🥗 Deli & Salads,2.6,,,,,
3152,Co-op Toffee Cheesecake 2 x 100g (200g) 2X100G,🥨 Snacks & Treats,1.85,,,,,
3153,Co-op Yorkshire Pudding with Pork Sausages 335g,🥗 Deli & Salads,4.3,,,,,
3154,Co-op Barbecue Pulled Pork Potato Hash 380g,🥗 Deli & Salads,4.3,,,,,
3155,Co-op Irresistible Aberdeen Angus British Beef Burgers 340g,🥩 Meat & Fish,5.25,,,,,
3156,Co-op Chicken Balti with Pilau Rice 400g,🥗 Deli & Salads,4.55,,,,,
3157,Co-op Grown in Britain Carrots 500g,🥦 Fruit & Veg,0.65,,,,,
3158,Co-op Brown Onions 3S,🥦 Fruit & Veg,1.1,,,,,
3159,Co-op Sweetcorn Twins 2S,🥦 Fruit & Veg,2.2,,,,,
3160,Co-op Little Gem Lettuce 2S,🥦 Fruit & Veg,1.45,,,,,
3161,Co-op A Pinch of Ginger 83G,🥦 Fruit & Veg,1.2,,,,,
3162,Co-op Red Onions 3S,🥦 Fruit & Veg,1.29,,,,,
3163,Co-op Baby Corn 125g,🥦 Fruit & Veg,1.4,,,,,
3164,Co-op Sweetheart Cabbage EACH,🥦 Fruit & Veg,1.6,,,,,
3165,Co-op Pineapple EACH,🥦 Fruit & Veg,1.5,,,,,
3166,Co-op Trimmed Leeks 400g,🥦 Fruit & Veg,2.1,,,,,
3167,Co-op Sugarsnap Peas 150g,🥦 Fruit & Veg,1.85,,,,,
3168,Co-op Garlic & Herb Croutons 40g,🥦 Fruit & Veg,0.7,,,,,
3169,Co-op Mixed Leaf Salad 100g,🥦 Fruit & Veg,1.3,,,,,
3170,Co-op Baby Spinach 100g,🥦 Fruit & Veg,1.5,,,,,
3171,Co-op Spinach Rocket & Watercress 80g,🥦 Fruit & Veg,1.6,,,,,
3172,Co-op 4 Hand Picked Unwaxed Lemons 4S,🥦 Fruit & Veg,2.35,,,,,
3173,Co-op Baby Leaf with Rocket Salad 100g,🥦 Fruit & Veg,1.8,,,,,
3174,Co-op Mashed Potato 400g,🥦 Fruit & Veg,1.65,,,,,
3175,Co-op Tenderstem Broccoli 180g,🥦 Fruit & Veg,2.3,,,,,
3176,Co-op Pineapple Chunks 300g,🥦 Fruit & Veg,3.4,,,,,
3177,Co-op Baking Potatoes EACH,🥦 Fruit & Veg,0.95,,,,,
3178,Co-op Romaine Lettuce 2S,🥦 Fruit & Veg,2.1,,,,,
3179,Co-op Sea Salt & Black Pepper Croutons 40g,🥦 Fruit & Veg,0.7,,,,,
3180,Co-op Carrot Batons 300g,🥦 Fruit & Veg,1.8,,,,,
3181,Co-op Carrot Cauliflower and Broccoli 250g,🥦 Fruit & Veg,1.8,,,,,
3182,Co-op Pomegranate Seeds 110g,🥦 Fruit & Veg,1.95,,,,,
3183,Co-op Granny Smith Apples 4S,🥦 Fruit & Veg,2.2,,,,,
3184,Co-op A Pinch of Flat Leaf Parsley 25G,🥦 Fruit & Veg,0.99,,,,,
3185,Co-op A Pinch of Basil 25G,🥦 Fruit & Veg,0.99,,,,,
3186,Co-op 4 Kiwi Fruit 4PACK,🥦 Fruit & Veg,2.5,,,,,
3187,Co-op Ripen at Home Conference Pears PACK,🥦 Fruit & Veg,2.3,,,,,
3188,Co-op A Pinch of Mint 25G,🥦 Fruit & Veg,0.99,,,,,
3189,Co-op Vegetables Sweet Potatoes 2 Pack 2S,🥦 Fruit & Veg,2.1,,,,,
3190,Co-op Hand Picked Raspberries 150g,🥦 Fruit & Veg,3.15,,,,,
3191,Co-op Plums 400g,🥦 Fruit & Veg,1.78,,,,,
3192,Co-op Sweet & Crunchy Salad 250g,🥦 Fruit & Veg,1.3,,,,,
3193,Co-op Butternut Squash EACH,🥦 Fruit & Veg,1.8,,,,,
3194,Co-op Asparagus 100g,🥦 Fruit & Veg,2.45,,,,,
3195,Co-op Strawberries 400G,🥦 Fruit & Veg,4.4,,,,,
3196,Co-op Baby Potatoes 750g,🥦 Fruit & Veg,1.05,,,,,
3197,Co-op House Salad 105g,🥦 Fruit & Veg,1.7,,,,,
3198,Co-op Garden Salad 160g,🥦 Fruit & Veg,1.7,,,,,
3199,Co-op Pink Lady Apples 4S,🥦 Fruit & Veg,2.95,,,,,
7076,Waitrose Pink Lady Apples 6S,🥦 Fruit & Veg,,,,3,,
3200,Co-op Peeled Brussels Sprouts 200g,🥦 Fruit & Veg,1.9,,,,,
3201,Co-op Blueberries 150g,🥦 Fruit & Veg,2.75,,,,,
3202,Co-op Mango Chunks 250g,🥦 Fruit & Veg,2.94,,,,,
3203,Co-op Stringless Beans 180G,🥦 Fruit & Veg,1.85,,,,,
3204,Co-op Green Beans 200G,🥦 Fruit & Veg,1.6,,,,,
3205,Co-op Wild Rocket 60g,🥦 Fruit & Veg,1.45,,,,,
3206,Co-op Big on BBQ Cajun Style Chicken Mini Fillets 300g,🥩 Meat & Fish,5.4,,,,,
3207,Co-op Big on BBQ Hot Honey Pork Belly Slices 340g,🥩 Meat & Fish,5,,,,,
3208,Co-op Stonebaked Texan Style BBQ Chicken Pizza 355g,🥗 Deli & Salads,4.45,,,,,
3209,Co-op A Pinch of Coriander 25G,🥦 Fruit & Veg,0.99,,,,,
3210,Co-op Cauliflower EACH,🥦 Fruit & Veg,1.4,,,,,
3211,Co-op Detroit Style Double Pepperoni Deep Dish Pizza 446g,🥗 Deli & Salads,5.55,,,,,
3212,Co-op Detroit Style Cheese Burger Deep Dish Pizza 500g,🥗 Deli & Salads,5.55,,,,,
3213,Co-op Served Smash Burgers with a Gherkin & Mustard Cheese Melt 356g,🥩 Meat & Fish,5.8,,,,,
3214,YFood This is Food Ready-to-Drink Complete Meal Classic Choco Flavour 500ml,🥛 Dairy & Eggs,3.69,,,,,
3215,Co-op Served BBQ Beans 300g,🥗 Deli & Salads,2.9,,,,,
3216,Co-op Irresistible 16 Month Matured Belton Farm Vintage Red Fox 200g,🥛 Dairy & Eggs,4.45,,,,,
3217,Co-op Egg Protein Pot 90g,🥩 Meat & Fish,1.5,,,,,
3218,Peaches White Flesh Loose,🥦 Fruit & Veg,0.69,,,,,
3219,Co-op Stone Baked Spinach & Ricotta 333g,🥗 Deli & Salads,4.45,,,,,
3220,Co-op New York Style Classic Cheese 340g,🥗 Deli & Salads,5.5,,,,,
3221,Co-op New York Style Pepperoni & Sausage 377g,🥗 Deli & Salads,5.6,,,,,
3222,Co-op Hot and Spicy Cheddar Wedge 200G,🥛 Dairy & Eggs,3.3,,,,,
3223,Co-op 2 Salmon Fillets Skin-on and Boneless 220g,🥩 Meat & Fish,5.9,,,,,
3224,Ginsters 2 Sausage Rolls 200g 2X100G,🥗 Deli & Salads,2.69,,,,,
3225,Co-op Limited Edition Stonebaked Chinese Style Salt & Pepper Chicken 350g 365G,🥗 Deli & Salads,4.45,,,,,
3226,Quorn Picnic Eggs 140g,🥗 Deli & Salads,2.1,,,,,
3227,Co-op Double Gloucester with Onion & Chive Mellow & Savoury 200g,🥛 Dairy & Eggs,3.3,,,,,
3228,Chovi Allioli Creamy & Versatile Garlic Dip 180ml,🥦 Fruit & Veg,1.89,,,,,
3229,Vadasz Kimchi 275g,🥦 Fruit & Veg,4.25,,,,,
3230,Co-op British Cheddar with Sweetfire Chilli Slices 150g,🥛 Dairy & Eggs,3.35,,,,,
3231,Holy Moly Smashed Avocado 3 x 57g 3X57G,🥦 Fruit & Veg,2.65,,,,,
3232,Co-op Grated Lighter Mature Cheese 250g,🥛 Dairy & Eggs,3.65,,,,,
3233,Co-op Double Gloucester 240g,🥛 Dairy & Eggs,3.3,,,,,
3234,Co-op Mellow & Smoky Smoked Cheese 150g,🥛 Dairy & Eggs,2.9,,,,,
3235,Co-op Irresistible Somerset Extra Mature Cheddar Slices 160g,🥛 Dairy & Eggs,2.79,,,,,
3236,Co-op Wensleydale Cheese 240g,🥛 Dairy & Eggs,3.3,,,,,
3237,Co-op Irresistible Beechwood Smoked Bacon & Vintage Cheddar Quiche 400g,🥗 Deli & Salads,4.45,,,,,
3238,Co-op Irresistible Creamy Peppered Steak Pie 250g,🥗 Deli & Salads,5,,,,,
3239,Co-op British Outdoor Bred Thin Sliced Cooked Ham 100g,🥩 Meat & Fish,1.3,,,,,
3240,Co-op British Outdoor Bred Thin Sliced Honey Roast Ham 100g,🥩 Meat & Fish,1.3,,,,,
3241,Co-op Thin Sliced Chicken 100g,🥩 Meat & Fish,1.3,,,,,
3242,Co-op 5 British Outdoor Bred Cooked Ham 120g,🥩 Meat & Fish,2.79,,,,,
3243,Co-op Rich & Chocolatey Profiteroles 400g,🥨 Snacks & Treats,4,,,,,
3244,Co-op Chicken Parmigiana 445g,🥩 Meat & Fish,6.3,,,,,
3245,Co-op German Cambozola Blue Brie 170g,🥛 Dairy & Eggs,3.39,,,,,
3246,Co-op Irresistible Roquefort 100g,🥛 Dairy & Eggs,3.15,,,,,
3247,Co-op Irresistible Brie De Pays 170g,🥛 Dairy & Eggs,3.69,,,,,
3248,Co-op Italian Grana Padano 170g,🥛 Dairy & Eggs,3.7,,,,,
3249,Co-op Irresistible 9 Month Matured Queso Manchego P.D.O. 175g,🥛 Dairy & Eggs,5,,,,,
3250,Pilgrims Choice Mature Cheddar 550g,🥛 Dairy & Eggs,6.85,,,,,
3251,Co-op Ricotta 250g,🥛 Dairy & Eggs,1.85,,,,,
3252,Müller Myprotein Salted Caramel Flavor Mousse 200g,🥛 Dairy & Eggs,2.65,,,,,
3253,Co-op British Chicken Biryani 400g,🥗 Deli & Salads,4.55,,,,,
3254,Co-op Three Cheese Pasta Melt 750g,🥗 Deli & Salads,5.5,,,,,
3255,Philadelphia Original Soft Cheese Family Pack 280g,🥛 Dairy & Eggs,3.79,,,,,
3256,Co-op Irresistible Roasted Garlic & Parsley Flatbread 155g,🥗 Deli & Salads,3.5,,,,,
3257,Co-op Thai Style Green Curry with Jasmine Rice 400g,🥗 Deli & Salads,4.55,,,,,
3258,Co-op Vegetable Masala with Pilau Rice 400g,🥗 Deli & Salads,4.55,,,,,
3259,Co-op Irresistible Wood Fired Vegetable Antipasti 525g,🥗 Deli & Salads,6.35,,,,,
3260,Co-op Irresistible Wood Fired Chicken Arrabbiata 500g,🥗 Deli & Salads,6.35,,,,,
3261,Co-op Irresistible Wood Fired Salami Calabrese 232g,🥗 Deli & Salads,4.45,,,,,
3262,Co-op Irresistible Limited Edition Wood Fired Chianti Beef & Caramelised Red Onion 476g,🥗 Deli & Salads,6.35,,,,,
3263,Co-op Irresistible Wood Fired Margherita 250g,🥗 Deli & Salads,4.45,,,,,
3264,Co-op Irresistible Wood Fired Margherita 475g,🥗 Deli & Salads,6.35,,,,,
3265,Co-op Irresistible Wood Fired Salami Calabrese 478g,🥗 Deli & Salads,6.35,,,,,
3266,Seriously Original 125g,🥛 Dairy & Eggs,2.2,,,,,
3267,Seriously Vintage 125g,🥛 Dairy & Eggs,2.2,,,,,
3268,Richmond Meat-Free 6 Honey Roast Ham Style Slices 90g,🥩 Meat & Fish,2.65,,,,,
3269,Kirsty's Takeaway Sweet & Sour Chicken with Chinese Inspired Rice 450g,🥗 Deli & Salads,4.75,,,,,
3270,Co-op Extra Mature Cheddar 400g,🥛 Dairy & Eggs,3.7,,,,,
3271,Co-op Irresistible Bronze Die Pasta Beef & Pancetta Ragu with Mafaldine Pasta 380g,🥗 Deli & Salads,5.65,,,,,
3272,Co-op Irresistible Bronze Die Pasta Golden Tomato & Mozzarella Tonnarelli 400g,🥗 Deli & Salads,5.65,,,,,
3273,Co-op Irresistible Limited Edition Bronze Die Pasta Bucatini All'Amatriciana 380g,🥗 Deli & Salads,5.65,,,,,
3274,"Co-op Irresistible Tomato, Red Pepper & 'Nduja Soup 600g",🥗 Deli & Salads,3.4,,,,,
3275,Dairylea Snackers Cheese & Crackers with Cadbury Buttons Cheese Snack 57.5 g 57.5G,🥛 Dairy & Eggs,1.85,,,,,
3276,Co-op Irresistible Creamy Paneer Masala with Saffron Pilau Rice 380g,🥗 Deli & Salads,5.65,,,,,
3277,Co-op Served Buffalo Wings with Buffalo Hot Sauce 440g,🥩 Meat & Fish,5.85,,,,,
3278,Co-op Served Southern Fried Chicken Tenders with Creamy Ranch Sauce 345g,🥩 Meat & Fish,5.9,,,,,
3279,Co-op British Creamy Chicken & Bacon with Potatoes 400g,🥗 Deli & Salads,4.3,,,,,
3280,The Coconut Collab Choc Pots 4 x 45g 4X45G,🥛 Dairy & Eggs,3.05,,,,,
3281,Co-op House Salad with a Buttermilk Ranch Dressing 220g,🥦 Fruit & Veg,2.9,,,,,
3282,Co-op Strawberry Trifle 2 x 125g (250g),🥨 Snacks & Treats,1.95,,,,,
3283,Co-op Raspberry Trifle 2 x 125g (250g),🥨 Snacks & Treats,1.95,,,,,
3284,Ember Original Recipe Biltong 45g,🥩 Meat & Fish,4.15,,,,,
3285,Co-op Chicken Satay Rice Bowl 400g,🥗 Deli & Salads,4.75,,,,,
3286,Co-op Creamy Ranch Slaw 300g,🥦 Fruit & Veg,2.9,,,,,
3287,Co-op Served Mac & Cheese Bites 200g,🥗 Deli & Salads,2.9,,,,,
3288,Co-op Served Onion Rings in Crisp Golden Batter 200g,🥗 Deli & Salads,2.9,,,,,
3289,Co-op Prawn Cocktail 170g,🥩 Meat & Fish,3.7,,,,,
3290,Co-op Irresistible Dry Cured Smoked Streaky Bacon Rashers 230g,🥩 Meat & Fish,4.2,,,,,
3291,Co-op Irresistible Dry Cured Unsmoked Back Bacon Rashers 230g,🥩 Meat & Fish,4.2,,,,,
3292,Co-op Irresistible Dry Cured Smoked Back Bacon Rashers 230g,🥩 Meat & Fish,4.2,,,,,
3293,Co-op Served Loaded Mac & Cheese 560g,🥗 Deli & Salads,5.8,,,,,
3294,Co-op Outdoor Bred British 4 Pork Loin Steaks 440g,🥩 Meat & Fish,5.3,,,,,
3295,Co-op Space to Thrive British Chicken Breast Fillets 300g,🥩 Meat & Fish,3.65,,,,,
3296,Co-op Space to Thrive British Chicken Breast Strips 250g,🥩 Meat & Fish,3.99,,,,,
3297,Co-op Irresistible 12 Pork Chipolatas 340g,🥩 Meat & Fish,4.2,,,,,
3298,Co-op Irresistible 6 Pork Sausages 400g,🥩 Meat & Fish,4.2,,,,,
3299,Co-op Space To Thrive British Chicken Thigh Fillets 500g,🥩 Meat & Fish,5.35,,,,,
3300,Co-op Space To Thrive British Chicken Breast Fillets 580g,🥩 Meat & Fish,6.6,,,,,
3301,Co-op 2 Breaded Cod 270g,🥩 Meat & Fish,3.4,,,,,
3302,Co-op Lamb Leg Steaks 320g,🥩 Meat & Fish,6.56,,,,,
3303,Co-op 5% Fat Beef Mince 500g,🥩 Meat & Fish,6.5,,,,,
3304,Co-op Irresistible 6 Lincolnshire Pork Sausages 400g,🥩 Meat & Fish,4.2,,,,,
3305,Co-op Cooked & Peeled Prawns 150g,🥩 Meat & Fish,4,,,,,
3306,Co-op Cooked & Peeled King Prawns 150g,🥩 Meat & Fish,4.75,,,,,
3307,Co-op Raw & Peeled King Prawns 150g,🥩 Meat & Fish,4.4,,,,,
3308,Co-op King Prawns in a Chilli & Coriander Marinade 140g,🥩 Meat & Fish,4.75,,,,,
3309,Co-op Irresistible 6 Pork & Caramelised Onion Sausages 400g,🥩 Meat & Fish,4.2,,,,,
3310,Co-op Space to Thrive British Chicken Breast Mini Fillets 400g,🥩 Meat & Fish,5.15,,,,,
3311,Co-op Space to Thrive British Diced Chicken Breast 400g,🥩 Meat & Fish,5.25,,,,,
3312,Co-op Space to Thrive British Southern Fried Chicken Mini Fillets 305g,🥩 Meat & Fish,4.85,,,,,
3313,Co-op Irresistible Thai Inspired Chunky Salmon Fish Cakes 270g,🥩 Meat & Fish,4.4,,,,,
3314,Co-op Outdoor Bred British Unsmoked Back Bacon Thick Cut 300g,🥩 Meat & Fish,3.49,,,,,
3315,Co-op British Smoked Streaky Bacon 300g,🥩 Meat & Fish,3.19,,,,,
3316,Co-op British Thick Cut Smoked Back Bacon 300g,🥩 Meat & Fish,3.49,,,,,
3317,Co-op Space to Thrive British Crispy Chicken Breast Burger 300g,🥩 Meat & Fish,4.8,,,,,
3318,Co-op Irresistible Smoked Haddock & Mature Cheddar Fishcakes 270g,🥩 Meat & Fish,4.4,,,,,
3319,Co-op Space to Thrive British  Chicken Drum Fillets 400g,🥩 Meat & Fish,3.59,,,,,
3320,Co-op Space to Thrive British Large Whole Chicken 1.7KG,🥩 Meat & Fish,6.4,,,,,
3321,Co-op Served Corn Bites 280g,🥦 Fruit & Veg,2.9,,,,,
3322,Gü Victoria Sponge Cake Pots 2 x 74g (148g) 2X75G,🥨 Snacks & Treats,2.9,,,,,
3323,Gü Salted Pistachio Cheesecake 2 x 74.5g (149g) 2X74.5G,🥨 Snacks & Treats,3.95,,,,,
3324,Co-op Fruity Filling Bramley Apple Crumble 450g,🥨 Snacks & Treats,4.35,,,,,
3325,Co-op Creamy Custard 500g 500ML,🥨 Snacks & Treats,2.75,,,,,
3326,Gü Mango & Passionfruit Fruit Crème 170g (2 x 85g) 2X85G,🥨 Snacks & Treats,3.95,,,,,
3327,Albert Bartlett Red Rooster Potatoes 2kg,🥦 Fruit & Veg,2.75,,,,,
3328,Rustlers Hot Dog 146g,🥗 Deli & Salads,2.09,,,,,
3329,Island Delight Chilli Beef Jamaican Flaky Pattie 140g,🥗 Deli & Salads,1.65,,,,,
3330,Island Delight Curried Lamb Jamaican Pattie Flaky Pastry 140g,🥗 Deli & Salads,1.65,,,,,
3331,English Cheesecake Company Reese's Peanut Butter Cheesecake Slices 180g 2X90G,🥨 Snacks & Treats,4.3,,,,,
3332,Co-op Seedless Red Grapes 500g,🥦 Fruit & Veg,3.15,,,,,
3333,Co-op Seedless Black Grapes 500g,🥦 Fruit & Veg,3.15,,,,,
7077,Waitrose Black Seedless Grapes 400g,🥦 Fruit & Veg,,,,2.8,,
3334,Co-op Seedless Green Grapes 500g,🥦 Fruit & Veg,3,,,,,
3335,Co-op Seedless Mixed Grapes 500g,🥦 Fruit & Veg,3.15,,,,,
3336,Co-op GoodFuel Beef & Three Bean Chilli 250g,🥗 Deli & Salads,3.95,,,,,
3337,Co-op Good Fuel Creamy Sweet Potato & Kale Pasta 230g 250G,🥗 Deli & Salads,3.99,,,,,
3338,Co-op Spanish Style Chicken & Paprika Potatoes 400g,🥗 Deli & Salads,4.3,,,,,
3339,Holy Moly Guacamole 150g,🥦 Fruit & Veg,2.6,,,,,
3340,Holy Moly Smashed Avocado 150g,🥦 Fruit & Veg,2.6,,,,,
3341,Co-op New York Vanilla Cheesecake 180g 2X90G,🥨 Snacks & Treats,3.9,,,,,
3342,Peperami The Original Lunchbox Minis 10 x 10g (100g),🥩 Meat & Fish,3.7,,,,,
3343,Co-op Irresistible Grapes 400g,🥦 Fruit & Veg,3.5,,,,,
3344,Co-op Spanish Style Chorizo & Gouda Rollitos 80g,🥦 Fruit & Veg,3.55,,,,,
3345,Violife Original Grated 175g,🥛 Dairy & Eggs,2.9,,,,,
3346,Quorn Vegan Smoky Ham Free Slices 100g,🥩 Meat & Fish,3.5,,,,,
3347,Co-op Caesar Salad Kit 250g,🥦 Fruit & Veg,2.55,,,,,
3348,Co-op Irresistible 12 Dry Cured Unsmoked Streaky Bacon Rashers 230g,🥩 Meat & Fish,4.2,,,,,
3349,Love Radish 240g,🥦 Fruit & Veg,1.3,,,,,
3350,Co-op Swede 500g,🥦 Fruit & Veg,0.95,,,,,
3351,Co-op Ripe Mango EACH,🥦 Fruit & Veg,1.3,,,,,
3352,Co-op Ripe Avocado EACH,🥦 Fruit & Veg,1.45,,,,,
3353,Co-op Mini Watermelon EACH,🥦 Fruit & Veg,2.62,,,,,
3354,Co-op Iceberg Lettuce EACH,🥦 Fruit & Veg,1.6,,,,,
3355,Co-op Yellow Melon EACH,🥦 Fruit & Veg,2.1,,,,,
3356,Co-op Garlic EACH,🥦 Fruit & Veg,0.65,,,,,
3357,Co Op Limes EACH,🥦 Fruit & Veg,0.5,,,,,
3358,Loose Lemons EACH,🥦 Fruit & Veg,0.55,,,,,
3359,Co-op Fairtrade Loose Bananas EACH,🥦 Fruit & Veg,0.26,,,,,
3360,Co-op Star Ruby Grapefruit EACH,🥦 Fruit & Veg,0.99,,,,,
3361,Co Op Loose Oranges EACH,🥦 Fruit & Veg,0.55,,,,,
3362,Co-op Loose Red Peppers EACH,🥦 Fruit & Veg,0.84,,,,,
3363,Co-op Irresistible Lemon Cheesecake 160g 2X80G,🥨 Snacks & Treats,3.95,,,,,
3364,Co-op Irresistible Thick Cut Muscovado Roast Ham 120g,🥩 Meat & Fish,3.95,,,,,
3365,Co-op Irresistible 7 Dry Cured Thinly Sliced Ham 120g,🥩 Meat & Fish,4.2,,,,,
3366,Ginsters Sausage Roll 130g,🥗 Deli & Salads,1.75,,,,,
3367,Co-op Apple & Grape 100g,🥦 Fruit & Veg,1.6,,,,,
3368,Co-op Strawberry & Grape 90g,🥦 Fruit & Veg,1.6,,,,,
3369,Fridge Raiders Slow Roasted Chicken Bites 45g,🥩 Meat & Fish,1.3,,,,,
3370,Nomadic Clusters Yogurt & Oats & Strawberry 169g,🥛 Dairy & Eggs,1.85,,,,,
3371,Nomadic Clusters Yogurt & Oats & Double Choc 169g,🥛 Dairy & Eggs,1.85,,,,,
3372,Dairylea Dunkers Jumbo Tubes Cheese Snack Single pack 41 g 41G,🥛 Dairy & Eggs,1.49,,,,,
3373,Peperami Original Salami 22.5g,🥩 Meat & Fish,1.3,,,,,
3374,Peperami Hot Salami 22.5g,🥩 Meat & Fish,1.3,,,,,
3375,Co-op Chicken Poppers Seasoned Chicken in a Spicy Crumb 70g,🥗 Deli & Salads,1.49,,,,,
3376,Co-op Veggie Samosa 95g,🥗 Deli & Salads,1.89,,,,,
3377,Co-op Free Range Scotch Egg 113g,🥗 Deli & Salads,1.55,,,,,
3378,Co-op 2 Melton Mowbray Mini Pork Pies 100g,🥗 Deli & Salads,1.5,,,,,
3379,Quorn 14 Cocktail Sausages 140g,🥗 Deli & Salads,2.2,,,,,
3380,Co-op British Chicken Pesto Pasta 380g,🥗 Deli & Salads,4.3,,,,,
3381,Co-op Irresistible Living Lettuce EACH,🥦 Fruit & Veg,1.85,,,,,
3382,The Happy Egg Co. Free Range 10 Mixed Sizes 497g 10S,🥩 Meat & Fish,3.65,,,,,
3383,Purely Organic 6 Mixed Size Organic Eggs 328g 6S,🥩 Meat & Fish,3.55,,,,,
3384,The Happy Egg Co. Free Range 6 Large 6S,🥩 Meat & Fish,3.15,,,,,
3385,Co-op Space To Thrive British Chicken Breast Fillets 850g,🥩 Meat & Fish,7.9,,,,,
3386,Co-op 6 British Large Free Range Eggs 6S,🥩 Meat & Fish,2.1,,,,,
3387,Co-op 6 Free Range British Medium Eggs 6S,🥩 Meat & Fish,1.9,,,,,
3388,Co-op British 12 Medium Free Range Eggs 12S,🥩 Meat & Fish,3.15,,,,,
3389,Co-op 6 Free Range British Very Large Eggs 6S,🥩 Meat & Fish,2.9,,,,,
3390,Co-op 12 Free Range British Large Eggs 12S,🥩 Meat & Fish,3.8,,,,,
3391,Co-op Honest Value 10 Mixed Weight Free Range Eggs 440g 10S,🥩 Meat & Fish,2.4,,,,,
3392,Co-op Big on BBQ Smash Burgers 320g,🥩 Meat & Fish,4.75,,,,,
3393,Co-op Big on BBQ Three Cheese Burger Melts 100g,🥛 Dairy & Eggs,1.85,,,,,
3394,Wasabi Korean Black Bean Chicken with Rice 450g,🥗 Deli & Salads,5.65,,,,,
3395,BOL Chickpea Jalfrezi Power Pot 450g,🥗 Deli & Salads,3.7,,,,,
3396,Co-op Irresistible Butter Basted Turkey Breast 120g,🥩 Meat & Fish,4.5,,,,,
3397,Ginsters Peppered Steak Slice 170g,🥗 Deli & Salads,2.8,,,,,
3398,Ginsters Chicken & Mushroom Slice 170g,🥗 Deli & Salads,2.8,,,,,
3399,Ginsters Chicken Tikka Slice 170g,🥗 Deli & Salads,2.8,,,,,
3400,Ginsters Cheese & Onion Slice 170g,🥗 Deli & Salads,2.8,,,,,
3401,Co-op 2 Beef Ranch Steaks 300g,🥩 Meat & Fish,6.2,,,,,
3402,Ginsters Limited Edition Beanz & Cheese Slice 170g,🥗 Deli & Salads,2.8,,,,,
3403,Rustlers The Champion Southern Fried Chicken Sub 158g,🥗 Deli & Salads,2.9,,,,,
3404,Rustlers The Juicy BBQ Rib with Our Smokey BBQ Sauce 157g,🥗 Deli & Salads,2.9,,,,,
3405,Rustlers The Essential Cheese Burger with Our Rich Tomato Relish 166g,🥗 Deli & Salads,2.45,,,,,
3406,Rustlers The Iconic Quarter Pounder 190g,🥗 Deli & Salads,2.9,,,,,
3407,Co-op Irresistible Aberdeen Angus British Fillet Steak 170g,🥩 Meat & Fish,12.1,,,,,
3408,Co-op Big on BBQ Sticky Maple Pork Loin Steaks 400g,🥩 Meat & Fish,5.6,,,,,
3409,Alpro Blueberry Dairy Free Soya Yoghurt Alternative 500g,🥛 Dairy & Eggs,2.35,,,,,
3410,Alpro 15g High Protein Red Berries Dairy Free Soya Yoghurt Alternative 200g,🥛 Dairy & Eggs,1.89,,,,,
3411,Co-op British Lamb Harissa Spiced Lamb Rump Steaks 260g,🥩 Meat & Fish,7.9,,,,,
3412,Co-op Irresistible Rump Steaks with Chimichurri Butter 368g,🥩 Meat & Fish,12.1,,,,,
3413,Co-op Big on BBQ Sweet & Smoky Beef Sizzle Steaks 240g,🥩 Meat & Fish,5.65,,,,,
3414,Co-op Chicken Katsu Curry 485g,🥗 Deli & Salads,6.35,,,,,
3415,The Coconut Collab Gut Health 350g,🥛 Dairy & Eggs,2.9,,,,,
3416,Cadbury Dairy Milk Creamy Milk Chocolate Dessert Pots 2 x 60g (120g) 2X60G,🥛 Dairy & Eggs,1.6,,,,,
3417,Müller Rice Original 170g,🥛 Dairy & Eggs,1.05,,,,,
3418,Co-op 2 Sausage Rolls 110g,🥗 Deli & Salads,1.3,,,,,
3419,Co-op Pork Cocktail Sausages 250g,🥗 Deli & Salads,2.7,,,,,
3420,Co-op 2 Scotch Eggs 226g,🥗 Deli & Salads,2.45,,,,,
3421,Co-op Melton Mowbray Pork Pie 145g,🥗 Deli & Salads,2.29,,,,,
3422,Co-op British Pork 200g,🥗 Deli & Salads,2.7,,,,,
3423,Beyond Burger Original Plant-Based Patties 2 x 113g (226g),🥩 Meat & Fish,5.3,,,,,
3424,Fridge Raiders Slow Roasted Chicken Bites 70g,🥩 Meat & Fish,1.6,,,,,
3425,Dairylea Lunchers Ham 'N' Cheese Snack 65 g 65G,🥛 Dairy & Eggs,1.85,,,,,
3426,Oykos Salted Caramel Luxury Greek Style Yoghurt Dessert Multipack 4x110g,🥛 Dairy & Eggs,2.3,,,,,
3427,Co-op Sweet Chilli Filled Falafels 200g,🥗 Deli & Salads,3.85,,,,,
3428,English Cheesecake Company 2 Vanilla & Biscoff Cheesecake Slices 180g 2X90G,🥨 Snacks & Treats,4.3,,,,,
3429,Ginsters Cornish Pasty Original 227g,🥗 Deli & Salads,2.8,,,,,
3430,Ginsters Chicken & Bacon Pasty 180g,🥗 Deli & Salads,2.8,,,,,
3431,Alpro Almond No Sugar Chilled Dairy Free Drink 1L 1LTR,🥛 Dairy & Eggs,2.7,,,,2.95,
3432,Oykos Strawberry Luxury Greek Style Yoghurt Dessert 4x110g,🥛 Dairy & Eggs,2.3,,,,,
3433,Co-op Space to Thrive British Hot & Spicy Chicken Mini Fillets 305g,🥩 Meat & Fish,4.85,,,,,
3434,Co-op Space to Thrive British Breaded Chicken Goujons 230g,🥩 Meat & Fish,3.15,,,,,
3435,Munch Bunch Double Up Fromage Frais Strawberry Vanilla 4 x 85g (340g) 4X85G,🥛 Dairy & Eggs,2.05,,,,,
3436,Flora Original Natural Ingredients 450g,🥛 Dairy & Eggs,2,,,,,
3437,Aero Milk Chocolate Bubbly Mousse 4 x 59g (236g) 4X59G,🥛 Dairy & Eggs,1.7,,,,,
3438,Co-op Vegetarian Patatas Bravas Bites 180g,🥗 Deli & Salads,3.85,,,,,
3439,Co-op Irresistible Sticky Toffee Pudding 380g,🥨 Snacks & Treats,5,,,,,
3440,Co-op Stonebaked Ham & Pineapple 352g,🥗 Deli & Salads,4.45,,,,,
3441,Co-op 2 Kiln Roasted Salmon Fillets in a Sweet Chilli Marinade 180g,🥩 Meat & Fish,6.5,,,,,
3442,Co-op BBQ Pork Ribs 470g,🥩 Meat & Fish,5.65,,,,,
3443,Co-op Supporting British Farms 15% Fat Beef Mince 450g,🥩 Meat & Fish,5.3,,,,,
3444,Co-op Turkey Thigh Mince 500g,🥩 Meat & Fish,4.95,,,,,
3445,Co-op Outdoor Bred 5% Fat British Pork Mince 500g,🥩 Meat & Fish,4,,,,,
3446,Co-op Outdoor Bred British Unsmoked Back Bacon 300g,🥩 Meat & Fish,3.4,,,,,
3447,Co-op Space to Thrive British Chicken Thighs 600g,🥩 Meat & Fish,3.8,,,,,
3448,Co-op British Smoked Back Bacon 300g,🥩 Meat & Fish,3.49,,,,,
3449,Co-op 2 Salmon Fillets with a Pesto Butter 230g,🥩 Meat & Fish,6.15,,,,,
3450,Co-op Irresistible Aberdeen Angus British Thick Cut Ribeye Steak 300g,🥩 Meat & Fish,15.6,,,,,
3451,Co-op Space To Thrive British Extra Large Whole Chicken 2.1KG,🥩 Meat & Fish,8,,,,,
3452,Co-op Irresistible Limited Edition Chorizo Style Pork Sausages 400g,🥩 Meat & Fish,4.2,,,,,
3453,Co-op 2 Skinless Cod Fillets 240g,🥩 Meat & Fish,7.9,,,,,
3454,Co-op 2 Sea Bass Fillets 180g,🥩 Meat & Fish,7.2,,,,,
3455,Co-op Irresistible Jumbo King Prawns 140g,🥩 Meat & Fish,5.25,,,,,
3456,Co-op Irresistible 6 Cumberland Sausages 400g,🥩 Meat & Fish,4.2,,,,,
3457,Co-op Beef Rump Steak 227g,🥩 Meat & Fish,6,,,,,
3458,Co-op 16 Seafood Sticks 200g,🥩 Meat & Fish,1.6,,,,,
3459,Co-op British 12 Beef Meatballs 350g,🥩 Meat & Fish,5.4,,,,,
3460,Co-op Lamb Chops 300g,🥩 Meat & Fish,6.75,,,,,
3461,Co-op British Beef Sirloin Steak 227g,🥩 Meat & Fish,7.87,,,,,
3462,Co-op Beef Fillet Steak 170g,🥩 Meat & Fish,10.3,,,,,
3463,Co-op Space to Thrive British Breaded Chicken Steaks 250g,🥩 Meat & Fish,3.4,,,,,
3464,Co-op British Beef Ribeye Steak 227g,🥩 Meat & Fish,8.6,,,,,
3465,Co-op 2 Space to Thrive British Garlic & Herb Chicken Kyivs 260g,🥩 Meat & Fish,3.95,,,,,
3466,Co-op Responsibly Sourced 2 Smoked Mackerel Fillets 180g,🥩 Meat & Fish,6.6,,,,,
3467,Co-op Large Yorkshire Puddings 168g,🥩 Meat & Fish,2.79,,,,,
3468,Co-op Space to Thrive British Tempura Chicken Mini Fillets 305g,🥩 Meat & Fish,4.85,,,,,
3469,Co-op Irresistible Beech & Oak Smoked Salmon 100g,🥩 Meat & Fish,6.2,,,,,
3470,Co-op Irresistible 2 Alphonso Mango Cheesecake Slices 140g,🥨 Snacks & Treats,3.95,,,,,
3471,Co-op Irresistible Whipped Ricotta with Chargrilled Courgettes 160g,🥦 Fruit & Veg,3.95,,,,,
3472,Co-op Irresistible Sherry Vinegar Giant Butter Beans 180g,🥦 Fruit & Veg,3.95,,,,,
3473,Co-op Irresistible West Country Cream Coffee Mousse 110g,🥨 Snacks & Treats,1.7,,,,,
3474,Co-op Diced Pancetta 100g,🥩 Meat & Fish,2.45,,,,,
3475,Co-op 4 Mini Pork & Pickle Pies 200g,🥗 Deli & Salads,2.7,,,,,
3476,Alpro Oat No Sugar Chilled Dairy Free Drink 1L 1LTR,🥛 Dairy & Eggs,2.7,,,,2.75,
3477,Califia Farms Oat Barista Blend 1L 1LTR,🥛 Dairy & Eggs,1.6,,,,,
3478,Oatly! Barista Edition The Original Oat Drink 1L 1LTR,🥛 Dairy & Eggs,2.65,,,,2.8,
3479,Stork 250g,🥛 Dairy & Eggs,1.75,,,,,
3480,ProActiv Light 250g,🥛 Dairy & Eggs,3.15,,,,,
3481,Anchor Unsalted Butter 200g,🥛 Dairy & Eggs,3.05,,,,,
3482,Kerrygold Salted Pure Irish Butter 200g,🥛 Dairy & Eggs,2.75,,,2.25,,
3483,Oykos Blueberry Luxury Greek Style Yoghurt Dessert 4x110g,🥛 Dairy & Eggs,2.3,,,,,
3484,GetPro Strawberry Yoghurt 160g,🥛 Dairy & Eggs,1.3,,,,,
3485,Danone Skyr High Protein 0% Fat Natural Yoghurt 800g,🥛 Dairy & Eggs,4.95,,,,,
3486,Danone Skyr Icelandic Style Yoghurt 450g,🥛 Dairy & Eggs,3.09,,,,,
3487,"Actimel Blueberry Immune Support Yoghurt Drink Multipack, 8x100g",🥛 Dairy & Eggs,4.05,,,,,
3488,Müller Myprotein Chocolate Flavor Mousse 200g,🥛 Dairy & Eggs,2.65,,,,,
3489,Müller Myprotein Chocolate Flavour Pudding 200g,🥛 Dairy & Eggs,2.05,,,,,
3490,Müller Myprotein Crunch Strawberry Yogurt 180g,🥛 Dairy & Eggs,2.05,,,,,
3491,Co-op Chocolate Mousse 6 x 55g (330g) 6X55G,🥛 Dairy & Eggs,1.99,,,,,
3492,Co-op Irresistible 'Nduja & Burrata Cappellacci 250g,🥗 Deli & Salads,4.5,,,,,
3493,Co-op Takeaway Chicken Saag Masala 350g,🥗 Deli & Salads,4.8,,,,,
3494,Ginsters Original Cornish Pasty 130g,🥗 Deli & Salads,1.9,,,,,
3495,Ginsters Peppered Steak Slice 105g,🥗 Deli & Salads,1.9,,,,,
3496,Co-op GoodFuel Piri Piri Chicken 380g,🥗 Deli & Salads,4.85,,,,,
3497,Co-op GoodFuel Meatball Pasta 400g,🥗 Deli & Salads,4.85,,,,,
3498,Co-op GoodFuel Roasted Butternut with Spiced Beans & Grains 250g,🥗 Deli & Salads,3.95,,,,,
3499,Co-op GoodFuel Naked Chicken Katsu Curry 400g,🥗 Deli & Salads,4.85,,,,,
3500,Co-op GoodFuel Naked Bean Burrito 380g,🥗 Deli & Salads,4.85,,,,,
3501,Co-op GoodFuel Chicken Tikka Masala 400g,🥗 Deli & Salads,4.85,,,,,
3502,Co-op Butcher's Choice 8 British Pork Sausages Seasoned With Herbs and Spices 454g,🥩 Meat & Fish,2.9,,,,,
3503,Co-op 8 British Cumberland Sausages 454g,🥩 Meat & Fish,2.9,,,,,
3504,Spooners Chocolate Chip Cookie Dough (2 x 75g) 150g,🥨 Snacks & Treats,2.1,,,,,
3505,Pots & Co Lemon & Lime Posset 2 x 91g 2X91G,🥨 Snacks & Treats,3.95,,,,,
3506,Bonne Maman Crème Caramel 400g (4 x 100g) 4X100G,🥨 Snacks & Treats,3.7,,,,,
3507,Co-op Italian Menu Fusilli 300g,🥗 Deli & Salads,1.95,,,,,
3508,Co-op Takeaway Pilau Rice 350g,🥗 Deli & Salads,2.5,,,,,
3509,Co-op Irresistible 6 Macaron Selection 72g,🥨 Snacks & Treats,3.65,,,,,
3510,Ehrmann High Protein Double Choc 200g,🥨 Snacks & Treats,2.05,,,,,
3511,Ehrmann Limited Edition Double White Choc Style 200g,🥨 Snacks & Treats,2.05,,,,,
3512,Co-op Onion Bhajis 100g,🥗 Deli & Salads,2.5,,,,,
3513,Co-op Garlic Ciabatta Bread Sticks 135g,🥗 Deli & Salads,2.95,,,,,
3514,Co-op Vegetable Samosas 100g,🥗 Deli & Salads,2.5,,,,,
3515,Co-op Italian Menu Fresh Gnocchi 400g,🥗 Deli & Salads,2.45,,,,,
3516,Co-op British Cream Strawberry Trifle 600g,🥨 Snacks & Treats,4.2,,,,,
3517,Worthy Farm Reserve Cheddar 320g,🥛 Dairy & Eggs,3.99,,,,,
3518,Strings & Things Cheestrings 80g (4x20g),🥛 Dairy & Eggs,2.1,,,,2.35,
3519,Strings & Things Twisted Cheestrings 80g (4 x 20g),🥛 Dairy & Eggs,2.1,,,,2.35,
3520,Arla Lacto Free Semi Skimmed Milk Drink 1 Litre 1LTR,🥛 Dairy & Eggs,2.45,,,,2.75,
3521,Arla Lacto Free Whole Milk Drink 1 Litre 1LTR,🥛 Dairy & Eggs,2.45,,,,2.75,
3522,Co-op Sausages with Buttery Mash 400g,🥗 Deli & Salads,4.3,,,,,
3523,Co-op Chicken & Bacon Pasta Bake 400g,🥗 Deli & Salads,4.3,,,,,
3524,Co-op Mature Cheddar Creamy Macaroni Cheese 400g,🥗 Deli & Salads,4.3,,,,,
3525,Co-op Tomato & Mozzarella Pasta Bake 400g,🥗 Deli & Salads,4.3,,,,,
3526,Co-op Spaghetti Bolognese 400g,🥗 Deli & Salads,4.3,,,,,
3527,Co-op Vegetable Spring Rolls 100g,🥗 Deli & Salads,2.5,,,,,
3528,Co-op Triple Cheese Spicy Dirty Fries 330g,🥗 Deli & Salads,4.3,,,,,
3529,Co-op Tuna Pasta Bake 400g,🥗 Deli & Salads,4.3,,,,,
3530,Co-op Italian Menu Tagliatelle 300g,🥗 Deli & Salads,1.95,,,,,
3531,Co-op Chicken & Pancetta Tortelloni 300g,🥗 Deli & Salads,2.6,,,,,
3532,Co-op Spinach & Ricotta Tortelloni 300g,🥗 Deli & Salads,2.6,,,,,
3533,Co-op Cheese & Chorizo Tortelloni 300g,🥗 Deli & Salads,2.6,,,,,
3534,Co-op Italian Menu Tomato and Mascarpone Sauce 300g,🥗 Deli & Salads,2.4,,,,,
3535,Co-op Italian Menu Carbonara Sauce 300g,🥗 Deli & Salads,2.4,,,,,
3536,Co-op Hunters Chicken with Paprika Spiced Potatoes 350g,🥗 Deli & Salads,4.3,,,,,
3537,Co-op British Beef Cottage Pie 400g,🥗 Deli & Salads,4.55,,,,,
3538,Cо-ор Garlic Bread Slices 220g,🥗 Deli & Salads,2.65,,,,,
3539,Co-op Meatballs & Spaghetti in a Tomato Sauce 400g,🥗 Deli & Salads,4.3,,,,,
3540,Co-op Irresistible Rich & Tender Luxury Lasagne Al Forno 700g,🥗 Deli & Salads,8.25,,,,,
3541,Co-op Irresistible King Prawn Chicken & Chorizo Paella 400g,🥗 Deli & Salads,5.65,,,,,
3542,Co-op Spaghetti Carbonara 400g,🥗 Deli & Salads,4.3,,,,,
3543,Co-op Irresistible Luxury Lasagne Al Forno 400g,🥗 Deli & Salads,5.65,,,,,
3544,Co-op Irresistible Vintage Cheddar Mac & Cheese 350g,🥗 Deli & Salads,5.35,,,,,
3545,Co-op Garlic Filled Dough Balls 165g,🥗 Deli & Salads,2.7,,,,,
3546,Co-op Irresistible Luxury Fish Pie 400g,🥗 Deli & Salads,5.65,,,,,
3547,Co-op British Chicken Madras with Pilau Rice 400g,🥗 Deli & Salads,4.55,,,,,
3548,Co-op Irresistible Red Wine Gravy Cottage Pie 400g,🥗 Deli & Salads,5.65,,,,,
3549,Co-op British Chicken Tikka Masala with Pilau Rice 400g,🥗 Deli & Salads,4.55,,,,,
3550,Co-op British Chicken Korma with Pilau Rice 400g,🥗 Deli & Salads,4.55,,,,,
3551,Co-op British Chicken Jalfrezi with Pilau Rice 400g,🥗 Deli & Salads,4.55,,,,,
3552,Co-op British Beef Classic Lasagne 400g,🥗 Deli & Salads,4.3,,,,,
3553,Co-op Chilli Con Carne with White Rice 400g,🥗 Deli & Salads,4.3,,,,,
3554,Co-op Bolognese Pasta Bake 750g,🥗 Deli & Salads,5.5,,,,,
3555,Co-op Garlic & Herb Flatbread 225g,🥗 Deli & Salads,2.85,,,,,
3556,Co-op Garlic & Cheese Flatbread 230g,🥗 Deli & Salads,2.85,,,,,
3557,Co-op Garlic Baguette 205g,🥗 Deli & Salads,1.3,,,,,
3558,Co-op 2 Garlic Baguettes 410g,🥗 Deli & Salads,2.4,,,,,
3559,Co-op Classic Lasagne 750g,🥗 Deli & Salads,5.65,,,,,
3560,Co-op Sweet & Sour Chicken with Egg Fried Rice 400g,🥗 Deli & Salads,4.5,,,,,
3561,Co-op British Chicken Curry with Egg Fried Rice 400g,🥗 Deli & Salads,4.5,,,,,
3562,Co-op Butter Chicken with Pilau Rice 400g,🥗 Deli & Salads,4.55,,,,,
3563,Co-op Irresistible Butternut Squash & Sage Cappellacci 250g,🥗 Deli & Salads,4.5,,,,,
3564,Co-op Beef in Black Bean with Egg Fried Rice 400g,🥗 Deli & Salads,4.5,,,,,
3565,Co-op Irresistible Spiced & Marinated Chicken Tikka Masala 400g,🥗 Deli & Salads,5.65,,,,,
3566,Co-op Irresistible Petits Pois & Beechwood Smoked Ham Soup 600g,🥗 Deli & Salads,3.5,,,,,
3567,Co-op Creamy Leek & Potato Soup 600g,🥗 Deli & Salads,2.5,,,,,
3568,Co-op Fairtrade Small Bananas 6S,🥦 Fruit & Veg,1.29,,,,,
3569,Co-op Organic Leeks 350g,🥦 Fruit & Veg,2.15,,,,,
3570,Co-op Organic Courgettes 2PK,🥦 Fruit & Veg,2.69,,,,,
3571,Co-op Organic Broccoli 300g,🥦 Fruit & Veg,2.09,,,,,
3572,Co-op Sliced Mushrooms 175g,🥦 Fruit & Veg,1.15,,,,,
3573,Charlie Bigham's Fish Pie 655g,🥗 Deli & Salads,8.4,,,,,
3574,Charlie Bigham's Chicken Tikka Masala & Pilau Rice 805g,🥗 Deli & Salads,8.4,,,,,
3575,BOL Coconut Lentil Turmeric Daal Power Pot 450g,🥗 Deli & Salads,3.55,,,,,
3576,Co-op Irresistible Sugardrop Tomatoes 225G,🥦 Fruit & Veg,3.2,,,,,
3577,Cully & Sully Charming Chicken Risotto 400g,🥗 Deli & Salads,3.6,,,,,
3578,Co-op Beef Chilli Burrito 400g,🥗 Deli & Salads,4.3,,,,,
3579,Co-op Irresistible Slow Cooked Lamb Moussaka 400g,🥗 Deli & Salads,5.65,,,,,
3580,Co-op Organic Cherry On the Vine Tomatoes 200G,🥦 Fruit & Veg,2.2,,,,,
3581,Co-op Irresistible Extra Fine Green Beans 200g,🥦 Fruit & Veg,1.9,,,,,
3582,Co-op Irresistible British Mashing Potatoes 1.5kg,🥦 Fruit & Veg,2.15,,,,,
3583,Co-op Irresistible Best in Season Tomatoes 400G,🥦 Fruit & Veg,3.15,,,,,
3584,Co-op 2 Salmon Fillets with a Sweet Chilli Sauce 260g,🥩 Meat & Fish,6.05,,,,,
3585,Co-op Limited Edition Butternut Squash & Feta with Hot Honey Glaze 350g,🥦 Fruit & Veg,3.6,,,,,
3586,Co-op 2 Beef Rump Steaks 400g,🥩 Meat & Fish,9.5,,,,,
3587,Co-op Apple Slices 185g,🥦 Fruit & Veg,1.89,,,,,
3588,Co-op Cherries 300g EACH,🥦 Fruit & Veg,5.6,,,,,
3589,Co-op Irresistible 3 Gold Kiwi Fruit 3PACK,🥦 Fruit & Veg,2.3,,,,,
3590,Co-op 2 British Unsmoked Gammon Steaks 450g,🥩 Meat & Fish,5.25,,,,,
3591,Co-op Baby Leaf Salad 90g,🥦 Fruit & Veg,1.3,,,,,
3592,Co-op 4 Hand Picked Oranges 4S,🥦 Fruit & Veg,2.3,,,,,
3593,Co-op Irresistible Sweet Chilli Beetroot 180g,🥦 Fruit & Veg,1.8,,,,,
3594,Co-op Root Mash with Butter & Seasoning 400g,🥦 Fruit & Veg,1.9,,,,,
3595,Co-op Limited Edition Sweet Mango & Hot Honey Dressing 100ml,🥦 Fruit & Veg,1.85,,,,,
3596,Co-op Space to Thrive British Southern Fried Chicken Thighs & Drums 800g,🥩 Meat & Fish,5.6,,,,,
3597,Co-op Mini Hash Browns 300g,🥦 Fruit & Veg,2.65,,,,,
3598,Co-op Irresistible Indulgent & Creamy Cauliflower Cheese 300g,🥦 Fruit & Veg,3.4,,,,,
3599,Co-op Space to Thrive British Garlic & Herb Chicken Breast Kyivs 380g,🥩 Meat & Fish,6,,,,,
3600,Co-op Seasonal Limited Edition Melon EACH,🥦 Fruit & Veg,3.6,,,,,
3601,Co-op Big on BBQ Space to Thrive Teriyaki Chicken Kebabs 300g,🥩 Meat & Fish,5.35,,,,,
3602,Co-op Butterhead Salad 80g,🥦 Fruit & Veg,1.3,,,,,
3603,Co-op Outdoor Bred British 6 Pork Loin Steaks 600g,🥩 Meat & Fish,6,,,,,
3604,Co-op Outdoor Bred 2 British Pork Chops 350g,🥩 Meat & Fish,3.69,,,,,
3605,Co-op Diced Beef Casserole Steak 400g,🥩 Meat & Fish,7,,,,,
3606,Co-op 2 Battered Haddock 270g,🥩 Meat & Fish,4.89,,,,,
3607,Co-op Alfresco Salad 320g,🥦 Fruit & Veg,2.9,,,,,
3608,Co-op Watermelon Chunks 300g,🥦 Fruit & Veg,3.4,,,,,
3609,Co-op Melon Chunks 300g,🥦 Fruit & Veg,3.4,,,,,
3610,Co-op Melon & Grapes 300g,🥦 Fruit & Veg,3.4,,,,,
3611,Co-op 2 Beef Medallion Steaks 300g,🥩 Meat & Fish,5.65,,,,,
3612,Co-op Kiln Smoked Peppered Mackerel Fillets 180g,🥩 Meat & Fish,6.6,,,,,
3613,Co-op Mussels in a White Wine Sauce 400g 6X400G,🥩 Meat & Fish,3.29,,,,,
3614,Co-op Haddock Gratin 450g,🥩 Meat & Fish,6.15,,,,,
3615,Co-op 2 Beef Sirloin Steaks 400g,🥩 Meat & Fish,13.65,,,,,
3616,Co-op Sweet Potato Fries 250g,🥦 Fruit & Veg,2.2,,,,,
3617,Co-op Turkey Breast Steaks 250g,🥩 Meat & Fish,3.4,,,,,
3618,Co-op 12 Outdoor Bred Pork Meatballs 360g,🥩 Meat & Fish,3.89,,,,,
3619,Co-op Organic Peppers 2S,🥦 Fruit & Veg,2.75,,,,,
3620,Co-op Organic Baby Potatoes 500g,🥦 Fruit & Veg,1.8,,,,,
3621,Co-op Space to Thrive British Battered Chicken Nuggets 240g,🥩 Meat & Fish,3.39,,,,,
3622,Co-op Irresistible Beef Dripping Yorkshire Puddings 192g,🥩 Meat & Fish,3.29,,,,,
3623,Mars 702ml,🥛 Dairy & Eggs,3.25,,,,,
3624,Co-op Gammon Joint with Maple Glaze 450g,🥩 Meat & Fish,6.34,,,,,
3625,Co-op Irresistible Cod & Parsley Fishcakes 270g,🥩 Meat & Fish,4.4,,,,,
3626,Co-op Salt & Pepper Dusted Basa 250g,🥩 Meat & Fish,3.35,,,,,
3627,Co-op King Prawns in a Garlic and Herb Marinade 140g,🥩 Meat & Fish,4.75,,,,,
3628,Co-op 6 Breaded Chunky Cod Fish Fingers 300g,🥩 Meat & Fish,5.3,,,,,
3629,Co-op Beef Strips 250g,🥩 Meat & Fish,5.25,,,,,
3630,Co-op Space to Thrive British Chicken Wings 775g,🥩 Meat & Fish,2.29,,,,,
3631,Co-op British Basted Pork Loin Joint 700g,🥩 Meat & Fish,7.4,,,,,
3632,Co-op Honest Value Breaded White Fish 270g,🥩 Meat & Fish,3.1,,,,,
3633,Co-op Potatoes 1.5kg,🥦 Fruit & Veg,1.85,,,,,
3634,Co-op Ripe & Ready Nectarines 3EACH,🥦 Fruit & Veg,3.05,,,,,
3635,Co-op Ripe & Ready Peaches PACK,🥦 Fruit & Veg,2.69,,,,,
3636,Co-op 4 Sweetcorn Cobettes 4S,🥦 Fruit & Veg,1.9,,,,,
3637,Co-op Apricots 320G,🥦 Fruit & Veg,2.1,,,,,
3638,Co-op Flat Peaches 4S,🥦 Fruit & Veg,1.6,,,,,
3639,Co-op Hand Picked Cherries 200G,🥦 Fruit & Veg,3.9,,,,,
3640,Co-op British Sliced Curly Kale 160G,🥦 Fruit & Veg,1.25,,,,,
7518,Waitrose Yellow Flesh Nectarines Min 4S,🥦 Fruit & Veg,,,,3.1,,
7519,Cooks' Ingredients Garlic,🥦 Fruit & Veg,,,,0.5,,
7520,Waitrose Sweet Peppers 3S,🥦 Fruit & Veg,,,,2.2,,
7521,Essential Courgettes,🥦 Fruit & Veg,,,,0.6,,
7522,Waitrose Cherry Vine Tomatoes 270g,🥦 Fruit & Veg,,,,2.55,,
7523,Duchy Organic Carrots 700g,🥦 Fruit & Veg,,,,1.45,,
7524,Essential Unsalted Butter 250g,🥛 Dairy & Eggs,,,,2,,
7525,Waitrose 2 Scottish Salmon Fillets 260g,🥩 Meat & Fish,,,,5.8,,
7526,Waitrose Baby Spinach 120g,🥦 Fruit & Veg,,,,1.1,,
7527,Waitrose FR Mixed Size Eggs British Blacktail 12S,🥛 Dairy & Eggs,,,,3.4,,
7528,Waitrose Chestnut Mushrooms 250g,🥦 Fruit & Veg,,,,1.1,,
7529,Waitrose Shallots,🥦 Fruit & Veg,,,,0.16,,
7530,Waitrose Perfectly Ripe Medium Avocado,🥦 Fruit & Veg,,,,0.9,,
7531,Cravendale Filtered Fresher for Longer Semi-Skimmed Milk 2litre,🥛 Dairy & Eggs,,,,2.9,,
7532,Cooks' Ingredients Unwaxed Lemons 4S,🥦 Fruit & Veg,,,,1.9,,
7533,No.1 Red Choice Tomatoes 300g,🥦 Fruit & Veg,,,,2.7,,
7534,Waitrose Eggs British Blacktail Free Range 6S,🥛 Dairy & Eggs,,,,2.35,,
7535,Waitrose Pink Lady Apples 4S,🥦 Fruit & Veg,,,,2.6,,
7536,Waitrose Red Onions 3S,🥦 Fruit & Veg,,,,1,,
7537,Waitrose British Large White Potatoes,🥦 Fruit & Veg,,,,0.26,,
7538,Waitrose Wild Rocket 90g,🥦 Fruit & Veg,,,,1.5,,
7539,Essential British Large Potatoes 4S,🥦 Fruit & Veg,,,,0.95,,
7540,Essential Aubergines,🥦 Fruit & Veg,,,,1,,
7541,Duchy Organic Blueberries 125g,🥦 Fruit & Veg,,,,2.65,,
7542,Waitrose Babyleaf Salad 120g,🥦 Fruit & Veg,,,,1.5,,
7543,Essential British Free Range Whole Milk 2 Pints,🥛 Dairy & Eggs,,,,1.3,,
7544,Waitrose Seedless Grape Selection 400g,🥦 Fruit & Veg,,,,2.65,,
7545,Essential Natural Greek Style Yogurt 500g,🥛 Dairy & Eggs,,,,1.2,,
7546,Waitrose Cypriot Halloumi Cheese Strength 1 250g,🥛 Dairy & Eggs,,,,2.25,,
7547,Tenderstem Broccoli Spears 200g,🥦 Fruit & Veg,,,,1.8,,
7548,Waitrose Blueberries 225g,🥦 Fruit & Veg,,,,3.5,,
7549,Duchy Organic Semi-Skimmed Milk 4 pints,🥛 Dairy & Eggs,,,,2.65,,
7550,Essential British Free Range Skimmed Milk 2 Pints,🥛 Dairy & Eggs,,,,1.3,,
7551,Waitrose Perfectly Ripe Large Avocado,🥦 Fruit & Veg,,,,1.1,,
7552,Duchy Organic Unhomogenised Whole Milk 4 Pints,🥛 Dairy & Eggs,,,,2.65,,
7553,Essential Salad Mixed 100g,🥦 Fruit & Veg,,,,1.15,,
7554,Waitrose Cantaloupe Melon,🥦 Fruit & Veg,,,,2.95,,
7555,Essential Radish 200g,🥦 Fruit & Veg,,,,0.7,,
7556,Essential Tomatoes 6S,🥦 Fruit & Veg,,,,1,,
7557,Waitrose British Blacktail FR Medium Eggs 6S,🥛 Dairy & Eggs,,,,1.9,,
7558,Waitrose Raspberries 225g,🥦 Fruit & Veg,,,,3.75,,
7559,Essential British Free Range Skimmed Milk 4 Pints,🥛 Dairy & Eggs,,,,1.75,,
7560,Waitrose Large British Blacktail Free Range Eggs 12S,🥛 Dairy & Eggs,,,,4.4,,
7561,Essential British Free Range Semi-Skimmed Milk 1 Pint,🥛 Dairy & Eggs,,,,0.95,,
7562,Essential Free Range Double Cream 300ml,🥛 Dairy & Eggs,,,,1.85,,
7563,Waitrose British Wiltshire Cured Ham 4 Slices 130g,🥩 Meat & Fish,,,,3.9,,
7564,Waitrose Royal Gala Apples 6S,🥦 Fruit & Veg,,,,1.5,,
7565,Essential Green Celery,🥦 Fruit & Veg,,,,0.9,,
7566,Essential Mixed Peppers 3S,🥦 Fruit & Veg,,,,1.8,,
7567,Waitrose Perfectly Ripe Conference Pear 4S,🥦 Fruit & Veg,,,,2.6,,
7568,Waitrose British Native Breed Beef Mince 12% Fat 500g,🥩 Meat & Fish,,,,5.22,,
7569,Arla Lactofree Lactose Free Semi-Skimmed Milk Alternative 1litre,🥛 Dairy & Eggs,,,,2,,
7570,Waitrose Slower Reared Chicken Breast Fillets XL Pack 1.2kg,🥩 Meat & Fish,,,,9,,
7571,Duchy Organic British Free Range Medium Eggs 6S,🥛 Dairy & Eggs,,,,2.6,,
7572,Duchy Organic British Free Range Eggs Large 6S,🥛 Dairy & Eggs,,,,3.45,,
7573,Waitrose Red Romano Peppers 180g,🥦 Fruit & Veg,,,,1.8,,
7574,Waitrose Classic Vine Tomatoes 450g,🥦 Fruit & Veg,,,,2.35,,
7575,Duchy Organic British Free Range Eggs 12S,🥛 Dairy & Eggs,,,,5.4,,
7576,Essential Cherry Tomatoes 500g,🥦 Fruit & Veg,,,,1.6,,
7577,No.1 Speciality Strawberries 365g,🥦 Fruit & Veg,,,,4,,
7578,Waitrose Slower Reared 2 Chicken Breast Fillets 380g,🥩 Meat & Fish,,,,5,,
7579,The Heritage Tomato Collection Box 900g,🥦 Fruit & Veg,,,,5,,
7580,Waitrose White Flesh Nectarines Min 4,🥦 Fruit & Veg,,,,3,,
7581,Waitrose Slower Reared Chicken Breast Mini Fillets 400g,🥩 Meat & Fish,,,,5,,
7582,Waitrose Cauliflower,🥦 Fruit & Veg,,,,1.35,,
7583,Waitrose Trimmed Fine Green Beans 200g,🥦 Fruit & Veg,,,,1.6,,
7584,Waitrose British Large Red Potatoes 0.5kg,🥦 Fruit & Veg,,,,1.8,,
7585,Waitrose Smooth Orange Juice 1litre,🥤 Drinks,,,,2.2,,
7586,Cooks' Ingredients Aromatic Coriander 25g,🥦 Fruit & Veg,,,,0.85,,
7587,Essential Cottage Cheese Strength 1 300g,🥛 Dairy & Eggs,,,,1.75,,
7588,"Waitrose Slower Reared Chicken Thighs, Skin-on & Bone-in 1kg",🥩 Meat & Fish,,,,3.2,,
7589,Waitrose Baby Beetroot 250g,🥦 Fruit & Veg,,,,1.05,,
7590,Waitrose Red Grapefruit,🥦 Fruit & Veg,,,,0.7,,
7591,Waitrose Peaches Min 4,🥦 Fruit & Veg,,,,3.5,,
7592,Waitrose Tenderstem Broccoli Spears 330g,🥦 Fruit & Veg,,,,2.75,,
7593,Waitrose Conference Pears Loose,🥦 Fruit & Veg,,,,0.54,,
7594,Yeo Valley Organic Salted Butter 200g,🥛 Dairy & Eggs,,,,2.25,,
7595,Essential Coleslaw 300g,🥦 Fruit & Veg,,,,1.3,,
7596,Waitrose Maris Piper Potatoes 2kg,🥦 Fruit & Veg,,,,2.2,,
7597,Duchy Organic Houmous 200g,🥗 Deli & Salads,,,,1.6,,
7598,Waitrose Perfectly Ripe Kiwi 4S,🥦 Fruit & Veg,,,,2.85,,
7599,Duchy Organic Ripe Avocados 2S,🥦 Fruit & Veg,,,,2.75,,
7600,Waitrose ASC Extra Large King Prawns 150g,🥩 Meat & Fish,,,,4.51,,
7601,Waitrose Mini Watermelon,🥦 Fruit & Veg,,,,3,,
7602,Waitrose Butterhead Salad 120g,🥦 Fruit & Veg,,,,1.5,,
7603,Essential Free Range Double Cream Large 600ml,🥛 Dairy & Eggs,,,,3.15,,
7604,Waitrose Sweetcorn 2S,🥦 Fruit & Veg,,,,1.55,,
7605,Waitrose Greek Feta Cheese Strength 3 200g,🥛 Dairy & Eggs,,,,2.43,,
7606,Waitrose Cherries 350g,🥦 Fruit & Veg,,,,4,,
7607,Waitrose Blackberries 150g,🥦 Fruit & Veg,,,,2.9,,
7608,Essential Leeks,🥦 Fruit & Veg,,,,0.63,,
7609,Duchy Organic Cherry Vine Tomatoes 200g,🥦 Fruit & Veg,,,,2.25,,
7610,Waitrose British Native Breed Beef Mince 5% Fat 500g,🥩 Meat & Fish,,,,7.5,,
7611,Essential Cup Mushrooms 400g,🥦 Fruit & Veg,,,,1.35,,
7612,Waitrose Perfectly Ripe Golden Kiwi 4S,🥦 Fruit & Veg,,,,3.85,,
7613,Essential Limes 5S,🥦 Fruit & Veg,,,,1.6,,
7614,Essential Blueberries 150g,🥦 Fruit & Veg,,,,1.9,,
7615,Waitrose Watercress 80g,🥦 Fruit & Veg,,,,1.5,,
7616,Waitrose Extra Virgin Olive Oil Houmous 200g,🥗 Deli & Salads,,,,1.85,,
7617,Waitrose Fine Asparagus 110g,🥦 Fruit & Veg,,,,2.35,,
7618,Waitrose Filtered British Free Range Semi-Skimmed Milk 2litre,🥛 Dairy & Eggs,,,,2.3,,
7619,Waitrose Fine Green Beans 300g,🥦 Fruit & Veg,,,,2,,
7620,Waitrose 2 Mediterranean Sea Bream Fillets 180g,🥩 Meat & Fish,,,,7.25,,
7621,Waitrose Slower Reared Chicken Breast Fillets 600g,🥩 Meat & Fish,,,,5.25,,
7622,Cooks' Ingredients Basil 25g,🥦 Fruit & Veg,,,,0.85,,
7623,Essential Easy Peelers 600g,🥦 Fruit & Veg,,,,1.7,,
7624,Waitrose Braeburn Apples,🥦 Fruit & Veg,,,,1.85,,
7625,Duchy Organic Semi-Skimmed Milk 2 pints,🥛 Dairy & Eggs,,,,2.05,,
7626,Essential Greek Feta Cheese Strength 3 200g,🥛 Dairy & Eggs,,,,2.1,,
7627,Waitrose British Finely Sliced Ham 115g,🥩 Meat & Fish,,,,3.35,,
7628,Cooks' Ingredients Garlic 3S,🥦 Fruit & Veg,,,,0.7,,
7629,Waitrose British Roast Beef Topside 3 Slices 100g,🥩 Meat & Fish,,,,3.9,,
7630,Cooks' Ingredients Flat Leaf Parsley 25g,🥦 Fruit & Veg,,,,0.85,,
7631,Waitrose Royal Gala Apples Loose,🥦 Fruit & Veg,,,,0.34,,
7632,Yeo Valley Organic Kefir Natural Yogurt 350g,🥛 Dairy & Eggs,,,,1.5,,
7633,Waitrose Large Broccoli Crown 335g,🥦 Fruit & Veg,,,,1.57,,
7634,Essential Lemons 5S,🥦 Fruit & Veg,,,,1.6,,
7635,Essential Soft Cheese Strength 1 250g,🥛 Dairy & Eggs,,,,1.5,,
7636,Duchy Organic Raspberries 125g,🥦 Fruit & Veg,,,,3,,
7637,Waitrose 4 Scottish Salmon Fillets 480g,🥩 Meat & Fish,,,,10.5,,
7638,Essential Mini Apples 6S,🥦 Fruit & Veg,,,,1,,
7639,No.1 Speciality Blueberries 225g,🥦 Fruit & Veg,,,,3.95,,
7640,Waitrose Pressed Apple Juice 1litre,🥤 Drinks,,,,2.2,,
7641,Waitrose Asparagus 230g,🥦 Fruit & Veg,,,,2.5,,
7642,Duchy Organic Little Gem Lettuce 2S,🥦 Fruit & Veg,,,,1.75,,
7643,Essential Fat Free Natural Greek Style Yogurt 500g,🥛 Dairy & Eggs,,,,1.2,,
7644,Cravendale Filtered Fresher for Longer Whole Milk 2litre,🥛 Dairy & Eggs,,,,2.9,,
7645,Duchy Organic Babyleaf & Rocket Salad 100g,🥦 Fruit & Veg,,,,2.9,,
7646,Waitrose British Bramley Cooking Apples,🥦 Fruit & Veg,,,,0.69,,
7647,Waitrose Chestnut Mushrooms 450g,🥦 Fruit & Veg,,,,1.9,,
7648,Waitrose Large Oranges 6S,🥦 Fruit & Veg,,,,2.85,,
7649,No. 1 Freshly Squeezed Orange Juice with Bits 1litre,🥤 Drinks,,,,3.75,,
7650,Waitrose 2 Mediterranean Sea Bass Fillets 180g,🥩 Meat & Fish,,,,7.25,,
7651,Waitrose Watercress Spinach Rocket Salad 110g,🥦 Fruit & Veg,,,,1.8,,
7652,Essential Extra Mature Cheddar Cheese Strength 6 Large 750g,🥛 Dairy & Eggs,,,,5,,
7653,Waitrose Italian Mozzarella Strength 1 150g,🥛 Dairy & Eggs,,,,1.27,,
7654,Waitrose Italian Parma Ham 6 Slices 72g,🥩 Meat & Fish,,,,3,,
7655,No.1 Speciality Raspberries 200g,🥦 Fruit & Veg,,,,3.5,,
3643,Co-op Takeaway Egg Fried Rice with Peas and Soy Sauce 350g,🥗 Deli & Salads,2.5,,,,,
3644,Co-op Korean Style Beef & Rice 400g,🥗 Deli & Salads,4.75,,,,,
3645,Co-op Chicken Pad Thai 380g,🥗 Deli & Salads,4.75,,,,,
3649,Co-op Goats Cheese 85g,🥛 Dairy & Eggs,2,,,,,
3650,Co-op Irresistible White Sourdough Toastie Loaf 500g,🍞 Bread & Bakery,2.65,,,,,
3651,Co-op Bakery Seeded Farmhouse 800g,🍞 Bread & Bakery,1.95,,,,,
3652,Sliced Tiger Bloomer 800G,🍞 Bread & Bakery,2.15,,,,,
3653,Warburtons Soft White Our Dough 400g,🍞 Bread & Bakery,2.3,,,,,
3654,Co-op Bakery Farmhouse Wholemeal 400g,🍞 Bread & Bakery,1.1,,,,,
3655,Co-op Bakery Wholemeal Toastie 800g,🍞 Bread & Bakery,1.25,,,,,
3656,Co-op Bakery White Toastie 800g,🍞 Bread & Bakery,1.25,,,,,
3657,Co-op Bakery Farmhouse White 800g,🍞 Bread & Bakery,1.25,,,,,
3658,Co-op Bakery Farmhouse Wholemeal 800g,🍞 Bread & Bakery,1.25,,,,,
3659,Co-op Irresistible Hand Finished White Sourdough 500g,🍞 Bread & Bakery,2.8,,,,,
3660,Co-op Irresistible Hand Finished Seeded Sourdough 500g,🍞 Bread & Bakery,2.8,,,,,
3661,Co-op Irresistible Super Seeded Farmhouse 800g,🍞 Bread & Bakery,2.2,,,,,
3662,Co-op Irresistible Spelt & Rye Ancient Grains Farmhouse Loaf 800g,🍞 Bread & Bakery,2.75,,,,,
3663,Co-op Irresistible Wheat & Rye Sourdough 500g,🍞 Bread & Bakery,2.8,,,,,
3664,Co-op Irresistible Limited Edition Hot Honey & Chilli Sourdough 500g,🍞 Bread & Bakery,2.8,,,,,
3665,"Warburtons 12 Pulses, Seeds & Grains Protein Power 500g",🍞 Bread & Bakery,2.1,,,,,
3666,Warburtons Wholegrain & Rye Our Dough 400g,🍞 Bread & Bakery,2.3,,,,,
3667,Warburtons Medium Toastie Soft & Sliced White Loaf 800g,🍞 Bread & Bakery,1.75,,,,,
3668,Warburtons Original Toastie Soft & Sliced White Loaf 800g,🍞 Bread & Bakery,1.75,,,,,
3669,Warburtons Original Toastie 400g,🍞 Bread & Bakery,1.25,,,,,
3670,Warburtons Thick Toastie Soft & Sliced White Loaf 800g,🍞 Bread & Bakery,1.75,,,,,
3671,Warburtons Original Farmhouse 800g,🍞 Bread & Bakery,2,,,,,
3672,Warburtons Original Seeded Batch 400g,🍞 Bread & Bakery,1.55,,,,,
3673,Warburtons Farmhouse 400g,🍞 Bread & Bakery,1.55,,,,,
3674,Warburtons Baker's White Bloomer 800g,🍞 Bread & Bakery,2.1,,,,,
3675,Warburtons Mega Thick Toastie Soft & Sliced White Loaf 800g,🍞 Bread & Bakery,1.75,,,,,
3676,Bolands Jam Mallows 250g,🍞 Bread & Bakery,2.5,,,,,
3677,Co-op Bakery 4 All Butter Croissants 194G,🍞 Bread & Bakery,2.25,,,,,
3678,Co-op Bakery 4 Pains Au Chocolat 250G,🍞 Bread & Bakery,2.69,,,,,
3679,Co-op Irresistible All Butter Croissants 280G,🍞 Bread & Bakery,3.3,,,,,
3680,Co-op Bakery 4 Greek Style Folded Flatbreads 340g 4S,🍞 Bread & Bakery,2.1,,,,,
3681,New York Bakery Co. 5 Original Bagels Fresher for Longer 425g 5S,🍞 Bread & Bakery,1.4,,,,,
3682,Co-op 4 All Butter Scones 4S,🍞 Bread & Bakery,1.59,,,,,
3683,Co-op Bakery 6 White Finger Rolls 6PACK,🍞 Bread & Bakery,1.35,,,,,
3684,Co-op Bakery 8 Sweet Pancakes 8S,🍞 Bread & Bakery,3.65,,,,,
3685,Co-op 2 White Baguettes 300g 2S,🍞 Bread & Bakery,1.8,,,,,
3686,Co-op Bakery 6 Soft Wholemeal Rolls 6S,🍞 Bread & Bakery,1.25,,,,,
3687,Warburtons Choc Chip Belgian Waffle 70g EACH,🍞 Bread & Bakery,1.39,,,,,
3688,Soreen Banana Loaf 260g,🍞 Bread & Bakery,1.85,,,,,
3689,New York Bakery Co. Bagels 425g 5PACK,🍞 Bread & Bakery,2.3,,,,,
3690,Co-op Party Time Charlie Chocolate Cake EACH,🍞 Bread & Bakery,9.75,,,,,
3691,Co-op 12 Iced Fairy Cakes 12S,🍞 Bread & Bakery,1.6,,,,,
3692,Bonne Maman 7 La Madeleine All Butter 175g,🍞 Bread & Bakery,3.15,,,,,
3693,Co-op Irresistible Hand Finished Chocolate Cake EACH,🍞 Bread & Bakery,3.9,,,,,
3694,Co-op Teatime Treat Madeira Cake EACH,🍞 Bread & Bakery,2.1,,,,,
3695,Co-op Teatime Treat Sultana & Cherry Cake EACH,🍞 Bread & Bakery,2.1,,,,,
3696,Co-op Irresistible Hand Finished Victoria Sponge Cake EACH,🍞 Bread & Bakery,3.9,,,,,
3697,Co-op Party Time Celebration Cupcakes 9PACK,🍞 Bread & Bakery,6.15,,,,,
3698,Co-op Tea Time Treat Iced Lemon Cake EACH,🍞 Bread & Bakery,2.1,,,,,
3699,Co-op Celebration Chocolate Tray Bake EACH,🍞 Bread & Bakery,6.3,,,,,
3700,Mr Kipling 6 Almond Slices 6S,🍞 Bread & Bakery,3.15,,,,,
3701,Mr Kipling 6 Country Slices 6S,🍞 Bread & Bakery,3.15,,,2.25,,
3702,Mr Kipling 8 French Fancies 8S,🍞 Bread & Bakery,2.1,,,,,
3703,Mr Kipling 5 Mini Battenbergs 5S,🍞 Bread & Bakery,1.58,,,,,
3704,Cadbury 5 Milk Chocolate Mini Rolls 5S,🍞 Bread & Bakery,3.05,,,2.5,,
3705,Mr Kipling 6 Angel Slices 6S,🍞 Bread & Bakery,3.15,,,,,
3706,Co-op Time Treat 6 Tea Bramley Apple Pies 6PACK,🍞 Bread & Bakery,2,,,,,
3707,Co-op 6 Assorted Jam Tarts 6PK,🍞 Bread & Bakery,1.59,,,,,
3708,Mrs Crimble's 6 Big Choc Macaroons 195g,🍞 Bread & Bakery,1.85,,,,,
3709,Brioche Pasquier Pitch Chocolate and Hazelnut Brioche 4 x 37.5g (150g) 4PACK,🍞 Bread & Bakery,1.89,,,,,
3710,Brioche Pasquier 6 Brioche Rolls 6PACK,🍞 Bread & Bakery,2.39,,,,,
3711,Brioche Pasquier 6 Brioche Rolls Chocolate Chips 6S,🍞 Bread & Bakery,2.39,,,,,
3712,Yorkshire Baking Company Mega Loaf Cherry EACH,🍞 Bread & Bakery,2.85,,,,,
3713,Thorntons 10 Millionaires Bites 10PK,🍞 Bread & Bakery,2.1,,,,,
3714,Thorntons 10 Brownie Bites 10PK,🍞 Bread & Bakery,2.1,,,,,
3715,Warburtons 6 Original Crumpets 6S,🍞 Bread & Bakery,0.8,,,,,
3716,Co-op Bakery 4 Large White Baps 4PACK,🍞 Bread & Bakery,1.5,,,,,
3717,Co-op Bakery 6 Scotch Pancakes 6S,🍞 Bread & Bakery,1.3,,,,,
3718,Co-op Bakery 6 Soft White Rolls 6S,🍞 Bread & Bakery,1.25,,,,,
3719,Menissez Bake at Home 6 French Mini Pains 300g 6PACK,🍞 Bread & Bakery,2.3,,,,,
3720,Co-op Irresistible 4 Sultana Scones 4S,🍞 Bread & Bakery,2.65,,,,,
3721,Co-op Bakery 8 White Tortilla Wraps 8S,🍞 Bread & Bakery,1.8,,,,,
3722,Warburtons 4 Sliced Brioche Hot Dog Rolls 4EACH,🍞 Bread & Bakery,2.65,,,,,
3723,Co-op Limited Edition Irresistible Mango Cheesecake EACH,🍞 Bread & Bakery,3.9,,,,,
3724,Co-op Bakery 6 White Pitta Breads 6S,🍞 Bread & Bakery,1.2,,,,,
3725,Co-op Bakery 6 Wholemeal Pitta Breads 6S,🍞 Bread & Bakery,1.15,,,,,
3726,Co-op 4 Protein White Rolls 4PK,🍞 Bread & Bakery,1.95,,,,,
3727,Co-op Bakery 2 Plain Naan Breads 2S,🍞 Bread & Bakery,1.6,,,,,
3728,Co-op Irresistible 4 Brioche Buns 4PACK,🍞 Bread & Bakery,1.85,,,,,
3729,Sheldon's 6 Lancashire Oven Bottom Muffins 6S,🍞 Bread & Bakery,2.05,,,,,
3730,New York Bakery Co. 5 Sesame Bagels Fresher for Longer 425g 5S,🍞 Bread & Bakery,1.4,,,,,
3731,Co-op Irresistible Hand Finished Carrot Cake EACH,🍞 Bread & Bakery,3.9,,,,,
3732,St Pierre 6 Chocolate Filled Crêpes 6PACK,🍞 Bread & Bakery,2.6,,,,,
3733,Baker Street Seeded Rye Bread 500g,🍞 Bread & Bakery,2.25,,,,,
3734,St Pierre 4 Seeded Brioche Burger Buns 4S,🍞 Bread & Bakery,3.5,,,,,
3735,Mr Kipling 6 Lemon Layered Slices 6S,🍞 Bread & Bakery,3.15,,,2,,
3736,Cadbury 10 Raspberry Mini Rolls 10S,🍞 Bread & Bakery,4.35,,,,,
3737,Warburtons 6 Brioche Hotdog Rolls 270G,🍞 Bread & Bakery,2.1,,,,,
3738,St Pierre 4 Brioche Pre-Cut Hot Dog Rolls 4PACK,🍞 Bread & Bakery,2.25,,,,,
3739,St Pierre 6 Croissants 6PACK,🍞 Bread & Bakery,2.55,,,,,
3740,St Pierre 6 Pains Au Chocolat 6PACK,🍞 Bread & Bakery,2.55,,,,,
3741,St Pierre 4 Pre-Sliced Brioche Burger Buns 4PACK,🍞 Bread & Bakery,2.95,,,,,
3742,Soreen The Original Malt Loaf 260g,🍞 Bread & Bakery,1.85,,,1.8,,
3743,Mission Wheat & White Tortilla Wraps 6 Pack 6PACK,🍞 Bread & Bakery,1.42,,,,,
3744,Mission Original Mini Tortilla Wraps 6 Pack 6S,🍞 Bread & Bakery,1.3,,,,,
3745,Warburtons 4 Large Rolls 4S,🍞 Bread & Bakery,1.9,,,,,
3746,Warburtons 6 Original Pancakes 6S,🍞 Bread & Bakery,1.55,,,,,
3747,Warburtons 6 Wholemeal Rolls 6S,🍞 Bread & Bakery,1.69,,,,,
3748,Warburtons 6 Brown Thins 6S,🍞 Bread & Bakery,1.85,,,,,
3749,Warburtons 6 Original Thin Bagels 6S,🍞 Bread & Bakery,2.19,,,,,
3750,Warburtons 4 Protein Thin Bagels 4PACK,🍞 Bread & Bakery,2.1,,,,,
3751,Warburtons 5 Cinnamon & Raisin Bagels 5PACK,🍞 Bread & Bakery,2.19,,,,,
3752,Warburtons 4 Square Rolls 4PACK,🍞 Bread & Bakery,1.95,,,,,
3753,Warburtons 4 Easy to Fill Wholemeal Soft Pittas EACH,🍞 Bread & Bakery,1.6,,,,,
3754,Warburtons 4 Protein Soft Pittas 4PACK,🍞 Bread & Bakery,1.9,,,,,
3755,Warburtons Pearl Sugar Belgian Waffles 4 x 50g 4S,🍞 Bread & Bakery,2.65,,,,,
3756,Warburtons Pearl Sugar Belgian Waffle 70g EACH,🍞 Bread & Bakery,1.39,,,,,
3757,Warburtons 4 Brioche Burger Buns 4S,🍞 Bread & Bakery,2.65,,,,,
3758,Sheldon's 4 Soft Large Brown Baps 4S,🍞 Bread & Bakery,1.45,,,,,
3759,Co-op Treat Brookie EACH,🍞 Bread & Bakery,1.4,,,,,
3760,Co-op Treat Brownie EACH,🍞 Bread & Bakery,1.4,,,,,
3761,Co-op Treat Millionaire's Shortbread EACH,🍞 Bread & Bakery,1.4,,,,,
3762,Co-op Teatime Treat Raspberry Swiss Roll EACH,🍞 Bread & Bakery,2.1,,,,,
3763,Warburtons 4 Fibre Fix Soft Sliced Rolls 4EACH,🍞 Bread & Bakery,2.05,,,,,
3764,Soreen 5 Malt Lunchbox Loaves 150g,🍞 Bread & Bakery,2.05,,,,,
3765,Soreen 5 Banana Lunchbox Loaves 150g,🍞 Bread & Bakery,2.05,,,,,
3766,Co-op Irresistible Richly Fruited Hot Cross Buns 4PACK,🍞 Bread & Bakery,2.1,,,,,
3767,Co-op Irresistible Hand Finished 4 White Sourdough Rolls 4PACK,🍞 Bread & Bakery,1.35,,,,,
3768,Co-op Irresistible 4 Buttermilk Pancakes 4PACK,🍞 Bread & Bakery,2.1,,,,,
3769,Co-op 4 Protein Maple Pancakes 4PK,🍞 Bread & Bakery,2.1,,,,,
3770,Co-op Irresistible 2 Bake at Home White Baguettes with Sourdough 2X125PK,🍞 Bread & Bakery,2.4,,,,,
3771,Co-op 6 Protein Tortilla Wraps 6PK,🍞 Bread & Bakery,2,,,,,
7078,Jacksons Multigrain Brown Bloomer 400g,🍞 Bread & Bakery,,,,1.6,,
7079,Waitrose Victoria Sandwich Cake,🍞 Bread & Bakery,,,,3.2,,
7080,Jacksons Soft White Bloomer 400g,🍞 Bread & Bakery,,,,1.6,,
7081,Hovis Seed Sensations Multiseeded Sliced Bread 800g,🍞 Bread & Bakery,,,,2,,
7082,Waitrose Ciabatta Rolls 4S,🍞 Bread & Bakery,,,,1.8,,
7083,Hovis Granary Wholemeal Sliced Bread 800g,🍞 Bread & Bakery,,,,2,,
7084,Waitrose Lemon Drizzle Cake,🍞 Bread & Bakery,,,,3.2,,
7085,Waitrose Large Tortilla Wraps 8S,🍞 Bread & Bakery,,,,1.45,,
7086,Jason's Every Day White Bread Rolls with Sourdough 4S,🍞 Bread & Bakery,,,,1.4,,
7087,Waitrose 6 Wholemeal Pittas 6S,🍞 Bread & Bakery,,,,0.65,,
7088,St Pierre 4 Burger Buns Pre-Sliced 4S,🍞 Bread & Bakery,,,,2.5,,
7089,Jacksons Multigrain Brown Bloomer 800g,🍞 Bread & Bakery,,,,1.95,,
7090,Wildfarmed Sourdough 640g,🍞 Bread & Bakery,,,,2.5,,
7091,Angela Hartnett with Waitrose Rosemary & Sea Salt Focaccia 270g,🍞 Bread & Bakery,,,,4.25,,
7092,Bonne Maman Le Petit Cake Raspberry 175g,🍞 Bread & Bakery,,,,3.35,,
7093,Biona Organic Chia & Flax Seed Rye Bread 500g,🍞 Bread & Bakery,,,,3,,
7094,Cadbury Milk Chocolate Cake Bars 5S,🍞 Bread & Bakery,,,,2.5,,
7095,Mr Kipling Custard Whirls 4S,🍞 Bread & Bakery,,,,2,,
7096,Essential White Floured Baps 6S,🍞 Bread & Bakery,,,,1,,
7097,Essential White Finger Rolls 6S,🍞 Bread & Bakery,,,,1,,
7098,Waitrose Soft White Toastie Thick Sliced Bread 800g,🍞 Bread & Bakery,,,,1,,
7099,Jacksons Soft White Bloomer 800g,🍞 Bread & Bakery,,,,1.95,,
7100,Wildfarmed Sliced Seeded Bread 550g,🍞 Bread & Bakery,,,,2.25,,
7101,Hovis Wholemeal Medium Sliced Bread 400g,🍞 Bread & Bakery,,,,1.1,,
7102,Waitrose Soft White Farmhouse Sliced Bread 400g,🍞 Bread & Bakery,,,,1.1,,
7103,Deli Kitchen Greek Style Flatbreads 4S,🍞 Bread & Bakery,,,,1.95,,
7104,Waitrose Super Soft White Medium Sliced Bread 800g,🍞 Bread & Bakery,,,,1,,
7105,Crusty Roll,🍞 Bread & Bakery,,,,0.5,,
7106,No.1 White Sourdough Bread 500g,🍞 Bread & Bakery,,,,2.25,,
7107,White Baguette 400g,🍞 Bread & Bakery,,,,1.35,,
7108,Waitrose Multi-Seeded Farmhouse Bread 800g,🍞 Bread & Bakery,,,,1.7,,
7109,Jacksons Tiger Bloomer 700g,🍞 Bread & Bakery,,,,1.56,,
7110,No.1 2 Brioche Rolls 2S,🍞 Bread & Bakery,,,,1.6,,
7111,Warburtons Crumpets 6S,🍞 Bread & Bakery,,,,0.75,,
7112,Jason's White Sourdough 580g,🍞 Bread & Bakery,,,,2.35,,
7113,Jason's Sourdough The Great White 450g,🍞 Bread & Bakery,,,,2.35,,
7114,No.1 2 Butter Croissants 2S,🍞 Bread & Bakery,,,,2.5,,
7115,Waitrose 4 Milk Buns 4S,🍞 Bread & Bakery,,,,1.6,,
7116,Hovis Seed Sensations Multiseeded Sliced Bread 400g,🍞 Bread & Bakery,,,,1,,
7117,Waitrose 2 Bake at Home White Baguettes 2S,🍞 Bread & Bakery,,,,1.5,,
7118,Small Baguette,🍞 Bread & Bakery,,,,0.85,,
7119,Waitrose 4 All Butter Sultana Scones 4S,🍞 Bread & Bakery,,,,2.1,,
7120,Essential Crumpets 8S,🍞 Bread & Bakery,,,,0.7,,
7121,Hovis Wholemeal Medium Sliced Bread 800g,🍞 Bread & Bakery,,,,1.74,,
7122,Fitzgeralds 2 Sourdough Baguettes 250g,🍞 Bread & Bakery,,,,2.1,,
7123,Hovis Soft White Medium Sliced White Bread 800g,🍞 Bread & Bakery,,,,1.5,,
7124,Waitrose 2 Almond Croissants 2S,🍞 Bread & Bakery,,,,2.5,,
7125,Essential Scotch Pancakes 6S,🍞 Bread & Bakery,,,,0.7,,
7126,Waitrose Wholemeal Farmhouse Medium Sliced 800g,🍞 Bread & Bakery,,,,1.5,,
7127,Waitrose 2 Hand-Stretched Flatbreads 2x100g,🍞 Bread & Bakery,,,,1.85,,
7128,Essential White Giant Baps 4S,🍞 Bread & Bakery,,,,1,,
7129,Waitrose Pains Au Chocolat 4S,🍞 Bread & Bakery,,,,2.75,,
7130,Waitrose Soft White Farmhouse Sliced Bread 800g,🍞 Bread & Bakery,,,,1.5,,
7131,Jason's Grains & Seeds Sourdough Ciabattin 580g,🍞 Bread & Bakery,,,,2.35,,
7132,Hovis Premium Burger Buns 4S,🍞 Bread & Bakery,,,,1.65,,
7133,Jason's Every Day Tiger Rolls 4S,🍞 Bread & Bakery,,,,1.4,,
7134,Hovis Best of Both Medium Sliced Bread 800g,🍞 Bread & Bakery,,,,1.74,,
7135,Jason's Sourdough Wholemeal Ciabattin Bread 580g,🍞 Bread & Bakery,,,,2.35,,
7136,Hovis Original Granary Medium Sliced Bread 800g,🍞 Bread & Bakery,,,,2.1,,
7137,Fitzgeralds Sourdough Bagels 5S,🍞 Bread & Bakery,,,,2.2,,
7138,Bertinet Bakery Seeded Sourdough Bread 550g,🍞 Bread & Bakery,,,,2.5,,
7139,Waitrose 8 Large Wholemeal Tortilla Wraps 8S,🍞 Bread & Bakery,,,,1.45,,
7140,Waitrose Wholemeal Farmhouse Thick Sliced 400g,🍞 Bread & Bakery,,,,1.1,,
7141,Black Sheep Craft Bakery White Tiger Bloomer 800g,🍞 Bread & Bakery,,,,2.15,,
7142,Hovis Original Granary Thick Sliced Bread 400g,🍞 Bread & Bakery,,,,1,,
7143,Essential 4 White Sesame Seed Buns 4S,🍞 Bread & Bakery,,,,1,,
7144,Waitrose Mixed Olive Ciabatta,🍞 Bread & Bakery,,,,2,,
7145,Waitrose 6 Large Mixed Rolls 6S,🍞 Bread & Bakery,,,,1.85,,
7146,No.1 Kalamata & Haldkidiki Olive Bread 400g,🍞 Bread & Bakery,,,,3,,
7147,No.1 2 Pains Aux Raisins 2S,🍞 Bread & Bakery,,,,2.5,,
7148,No.1 Seeded Sourdough Bread 500g,🍞 Bread & Bakery,,,,2.25,,
7149,Jacksons Multiseed Bloomer 800g,🍞 Bread & Bakery,,,,1.95,,
7150,Waitrose 6 Sourdough Crumpets 6S,🍞 Bread & Bakery,,,,1.5,,
7151,Leckford Farmhouse Loaf 400g,🍞 Bread & Bakery,,,,2.55,,
7152,Waitrose 4 All Butter Scones 4S,🍞 Bread & Bakery,,,,2.1,,
7153,Hovis Soft White Thick Sliced White Bread 800g,🍞 Bread & Bakery,,,,1.5,,
7154,Wholemeal Heyford Loaf 400g,🍞 Bread & Bakery,,,,1.2,,
7155,Waitrose Multigrain Farmhouse Sliced Bread 800g,🍞 Bread & Bakery,,,,1.7,,
7156,Waitrose Plain Ciabatta,🍞 Bread & Bakery,,,,2,,
7157,No.1 Spelt Sourdough Bread 500g,🍞 Bread & Bakery,,,,2.5,,
7158,Mixed Olive Roll,🍞 Bread & Bakery,,,,0.8,,
7159,5 Raspberry Jam Doughnuts 5S,🍞 Bread & Bakery,,,,1.35,,
7160,Wildfarmed 4 Seeded Rolls 264g,🍞 Bread & Bakery,,,,1.85,,
7161,Crosta & Mollica Pane Pugliese 400g,🍞 Bread & Bakery,,,,2.7,,
7162,New York Bakery Sesame Bagels 5S,🍞 Bread & Bakery,,,,2,,
7163,No.1 2 Pains au Chocolat 2S,🍞 Bread & Bakery,,,,2.75,,
7164,Crosta & Mollica Focaccia Panini 2x80g,🍞 Bread & Bakery,,,,2.5,,
7165,Crosta & Mollica Wholeblend Flatbreads 4S,🍞 Bread & Bakery,,,,2.15,,
7166,Crosta & Mollica Piadina Flatbreads 3S,🍞 Bread & Bakery,,,,2.15,,
7167,Jason's Sourdough White Ciabattin 900g,🍞 Bread & Bakery,,,,3.35,,
7168,Rustic Brown Roll,🍞 Bread & Bakery,,,,0.5,,
7169,Waitrose 8 Chocolate Chip Brioche Rolls 8S,🍞 Bread & Bakery,,,,1.5,,
7170,Fitzgeralds 6 Soft Kids Wraps 6S,🍞 Bread & Bakery,,,,1.6,,
7171,Waitrose Summer 12 Mini Pittas 12S,🍞 Bread & Bakery,,,,1.5,,
7172,Jacksons Super Seeded Bloomer 800g,🍞 Bread & Bakery,,,,1.72,,
7173,Hovis Wholemeal Thick Sliced Bread 800g,🍞 Bread & Bakery,,,,1.5,,
7174,Wildfarmed 4 White Rolls 4S,🍞 Bread & Bakery,,,,1.85,,
7175,Deli Kitchen 2 Persian Style Flatbreads 180g,🍞 Bread & Bakery,,,,1.5,,
7176,Bertinet Bakery Seven Seeds & Grains Sourdough Bread 500g,🍞 Bread & Bakery,,,,2.5,,
7177,Fitzgeralds 2 Multiseed Baguettes 250g,🍞 Bread & Bakery,,,,2.1,,
7178,Waitrose 6 Bake at Home Petit Pains 6S,🍞 Bread & Bakery,,,,1.5,,
7179,Bonne Maman 7 Madeleine Cakes 175g,🍞 Bread & Bakery,,,,3.35,,
7180,Waitrose 8 Seeded Tortilla Wraps 8S,🍞 Bread & Bakery,,,,1.45,,
7181,Waitrose 2 Cinnamon Buns 2S,🍞 Bread & Bakery,,,,2.5,,
7182,St Pierre 4 Brioche Hot Dog Rolls 4S,🍞 Bread & Bakery,,,,2.61,,
7183,Waitrose Sliced Brioche Loaf 400g,🍞 Bread & Bakery,,,,2.95,,
7184,Duchy Organic Brown Seeded Bloomer,🍞 Bread & Bakery,,,,2.05,,
7185,Hovis 4 Hot Dog Rolls 4S,🍞 Bread & Bakery,,,,1.65,,
7186,Waitrose 8 Brioche Rolls 8S,🍞 Bread & Bakery,,,,1.5,,
7187,New York Bakery Protein Boost Bagels with Mixed Seeds 5S,🍞 Bread & Bakery,,,,2.2,,
7188,Wildfarmed Crumpets 4S,🍞 Bread & Bakery,,,,1.5,,
7189,Cherry & Almond Danish,🍞 Bread & Bakery,,,,1.7,,
7190,White Farmhouse Loaf 400g,🍞 Bread & Bakery,,,,1.2,,
7191,No.1 Seeded Ancient Grains Sourdough 700g,🍞 Bread & Bakery,,,,3.65,,
7192,No.1 Wheat & Rye Sourdough Sliced Bread 500g,🍞 Bread & Bakery,,,,2.5,,
7193,Jacksons Blend of Both Bloomer 800g,🍞 Bread & Bakery,,,,1.95,,
7194,Crosta & Mollica Mini Piadina 100g,🍞 Bread & Bakery,,,,1.3,,
7195,Stonebaked Pain Rustique Roll,🍞 Bread & Bakery,,,,0.8,,
7196,Schneider Brot Rye Bread with Sunflower Seeds 500g,🍞 Bread & Bakery,,,,1.5,,
7197,Fitzgeralds Multiseed & Cereal Bagel Slims 6S,🍞 Bread & Bakery,,,,2.2,,
7198,No.1 Rye and Wheat Dark Sourdough Bread 500g,🍞 Bread & Bakery,,,,2.5,,
7199,New York Bakery Cinnamon & Raisin Bagels 5S,🍞 Bread & Bakery,,,,2,,
7200,Modern Baker Superloaf 400g,🍞 Bread & Bakery,,,,2.4,,
7201,Jason's Sourdough Superb Sprouted Grains 450g,🍞 Bread & Bakery,,,,2.35,,
7202,Stonebaked White Boule 400g,🍞 Bread & Bakery,,,,2.35,,
7203,Bertinet Bakery Rustic Country White Sourdough Bread 500g,🍞 Bread & Bakery,,,,2.5,,
7204,Wildfarmed Seeded Sourdough Bread 600g,🍞 Bread & Bakery,,,,4,,
7205,Waitrose 4 Multigrain Rolls 4S,🍞 Bread & Bakery,,,,1.5,,
7206,Almond Croissant,🍞 Bread & Bakery,,,,1.7,,
7207,Waitrose 4 Panini 4S,🍞 Bread & Bakery,,,,1.9,,
7208,Essential Wholemeal Giant Baps 4S,🍞 Bread & Bakery,,,,1,,
7209,Bertinet Bakery Malted Wheat Sourdough Bread 500g,🍞 Bread & Bakery,,,,2.3,,
7210,Stonebaked Baguette 400g,🍞 Bread & Bakery,,,,1.8,,
7211,Waitrose Blueberry Muffins 4S,🍞 Bread & Bakery,,,,2,,
7212,All Butter Croissant,🍞 Bread & Bakery,,,,1.35,,
7213,Waitrose 4 Glazed Yum Yums 4S,🍞 Bread & Bakery,,,,1.8,,
7214,Deli Kitchen Plain Folded Flatbreads 6,🍞 Bread & Bakery,,,,1.65,,
7215,Stonebaked Malted Mixed Seed Roll,🍞 Bread & Bakery,,,,0.85,,
7216,Duchy Organic Seeded Sourdough 600g,🍞 Bread & Bakery,,,,2.5,,
7217,Waitrose Ginger Loaf Cake,🍞 Bread & Bakery,,,,2.8,,
7218,New York Bakery Sourdough Bagels 5S,🍞 Bread & Bakery,,,,2.2,,
7219,Irwin's Together Ancient Grain Muffins 4S,🍞 Bread & Bakery,,,,1.6,,
7220,Waitrose 2 Roasted Garlic Flatbreads 2x100g,🍞 Bread & Bakery,,,,1.85,,
7221,Hovis Farmhouse Batch Loaf 800g,🍞 Bread & Bakery,,,,1.45,,
7222,Black Sheep Craft Bakery Tiger Bloomer 400g,🍞 Bread & Bakery,,,,1.3,,
7223,Deli Kitchen 4 Sliced Focaccia 4S,🍞 Bread & Bakery,,,,2,,
7224,Warburtons Original Thin Bagels 6S,🍞 Bread & Bakery,,,,1.4,,
7225,Waitrose 2 Iced Belgian Buns 2S,🍞 Bread & Bakery,,,,1.95,,
7226,Jason's Sourdough Protein Seeded Ciabattin Bread 580g,🍞 Bread & Bakery,,,,2.85,,
7227,Waitrose 4 All Butter Cheese Scones 4S,🍞 Bread & Bakery,,,,2.1,,
7228,Waitrose 6 Sweet Pancakes 375g,🍞 Bread & Bakery,,,,2.7,,
7229,Waitrose 5 Flapjacks 5S,🍞 Bread & Bakery,,,,1.8,,
7230,Soreen 5 Lunchbox Loaves 150g,🍞 Bread & Bakery,,,,1.95,,
7231,Old El Paso 8 Super Soft Flour Tortillas 326g,🍞 Bread & Bakery,,,,2,,
7232,Waitrose Free From Sliced Seeded Cob 375g,🍞 Bread & Bakery,,,,3.2,,
7233,Irwin's Together Cinnamon & Raisin Loaf 400g,🍞 Bread & Bakery,,,,2.25,,
7234,Waitrose 4 Buttermilk Pancakes 4S,🍞 Bread & Bakery,,,,1.95,,
7235,Waitrose Cherry Madeira Cake 350g,🍞 Bread & Bakery,,,,2.95,,
7236,Irwin's Together Fruit Loaf 400g,🍞 Bread & Bakery,,,,2.35,,
7237,Waitrose Mini Pains Au Chocolat 6S,🍞 Bread & Bakery,,,,2.25,,
7238,Waitrose 2 Raspberry Yum Yums 2S,🍞 Bread & Bakery,,,,1.6,,
7239,Stonebaked Seeded Pave with Buckwheat Sourdough,🍞 Bread & Bakery,,,,2.55,,
7240,Warburtons 4 Seeded Protein Thin Bagels 4S,🍞 Bread & Bakery,,,,1.9,,
7241,Waitrose 6 Buttermilk Pancakes 240g,🍞 Bread & Bakery,,,,2.7,,
7242,Wafflemeister Toasting Waffle 4S,🍞 Bread & Bakery,,,,1.95,,
7243,Waitrose Banana Bread Muffins 4S,🍞 Bread & Bakery,,,,2,,
7244,Hovis 4 Giant Teacakes 4S,🍞 Bread & Bakery,,,,1.8,,
7245,Soreen 5 Lunchbox Loaves Banana 5S,🍞 Bread & Bakery,,,,1.95,,
7246,Light Rye Boule,🍞 Bread & Bakery,,,,2.5,,
7247,Fitzgeralds 4 Bake at Home Stonebaked Rustic Rolls 4S,🍞 Bread & Bakery,,,,2.1,,
7248,Flute 400g,🍞 Bread & Bakery,,,,1.8,,
7249,Real Lancashire Eccles Cakes 4S,🍞 Bread & Bakery,,,,2.75,,
7250,Waitrose 4 Vanilla Cupcakes 4S,🍞 Bread & Bakery,,,,4,,
7251,Tan Y Castell Welshcakes 6S,🍞 Bread & Bakery,,,,1.45,,
7252,Waitrose Rich Fruit Cake,🍞 Bread & Bakery,,,,2.95,,
7253,Waitrose 2 Lemon & Sultana Danish 2S,🍞 Bread & Bakery,,,,2.15,,
7254,Soreen Sliced Malt Loaf 290g,🍞 Bread & Bakery,,,,2,,
7255,Irwin's Together Brown Soda Bread 400g,🍞 Bread & Bakery,,,,2.2,,
7256,Bonne Maman 7 Madeleine Cakes with Milk Chocolate 210g,🍞 Bread & Bakery,,,,3.35,,
7257,Irwin's Together 4 Potato Slims 4S,🍞 Bread & Bakery,,,,2.2,,
7258,Waitrose Lemon Loaf Cake,🍞 Bread & Bakery,,,,3,,
7259,Waitrose Coffee & Walnut Cake,🍞 Bread & Bakery,,,,3.2,,
7260,Brown San Francisco Style Boule 400g,🍞 Bread & Bakery,,,,2.35,,
7261,No.1 Victoria Sponge,🍞 Bread & Bakery,,,,6.5,,
7262,Genius Gluten Free Brioche Burger Buns 2x70g,🍞 Bread & Bakery,,,,1.45,,
7263,Waitrose Country Style Fruit Cake,🍞 Bread & Bakery,,,,3.2,,
7264,No.1 Luscious Lemon Drizzle Cake,🍞 Bread & Bakery,,,,6.5,,
7265,Schär Gluten Free Vitality Loaf 350g,🍞 Bread & Bakery,,,,3.2,,
7266,No.1 Chocolate Indulgent Cake,🍞 Bread & Bakery,,,,6.5,,
7267,Waitrose Double Chocolate Muffins 4S,🍞 Bread & Bakery,,,,2,,
7268,Three Cheese Bloomer,🍞 Bread & Bakery,,,,2.35,,
7269,Crosta & Mollica Durum Wheat Piadina 4S,🍞 Bread & Bakery,,,,2.15,,
7270,Waitrose Multi-Seeded Farmhouse 400g,🍞 Bread & Bakery,,,,1.25,,
7271,Waitrose 6 Jam Tarts 6S,🍞 Bread & Bakery,,,,1.35,,
7272,Cheese & Onion Tear and Share Bread 350g,🍞 Bread & Bakery,,,,2.44,,
7273,Lemon & Sultana Danish,🍞 Bread & Bakery,,,,1.65,,
7274,Waitrose Fruity Mini Cupcakes 9S,🍞 Bread & Bakery,,,,4,,
7275,Waitrose 4 Wholemeal Seeded Rolls 4S,🍞 Bread & Bakery,,,,1.5,,
7276,Bonne Maman Pecan Brownie 175g,🍞 Bread & Bakery,,,,3.35,,
7277,Waitrose Free From Sliced Mixed Seed Loaf 400g,🍞 Bread & Bakery,,,,3.2,,
7278,Waitrose Vintage Cheddar Cheese Twist,🍞 Bread & Bakery,,,,1.35,,
7279,Mixed Seed Baguette 400g,🍞 Bread & Bakery,,,,1.85,,
7280,Stonebaked Grand Rustique,🍞 Bread & Bakery,,,,1.6,,
7281,Apple Crumble Danish,🍞 Bread & Bakery,,,,1.65,,
7282,Waitrose Flapjack Mini Bites 260g,🍞 Bread & Bakery,,,,3.5,,
7283,GAIL's Seeded Sourdough 650g,🍞 Bread & Bakery,,,,4.95,,
7284,Duchy Organic White Sourdough 600g,🍞 Bread & Bakery,,,,2.5,,
7285,Cadbury Crunchie Cake Bars 5S,🍞 Bread & Bakery,,,,2.5,,
7286,Mr Kipling French Fancies 8S,🍞 Bread & Bakery,,,,2,,
7287,St Pierre 6 Chocolate Filled Crêpes 6S,🍞 Bread & Bakery,,,,2.3,,
7288,Waitrose 4 Football Crumpets 4S,🍞 Bread & Bakery,,,,1.5,,
7289,Waitrose 4 Belgian Milk Chocolate Cookies 4S,🍞 Bread & Bakery,,,,2.4,,
7290,Promise Gluten Free Multi Grain Loaf 480g,🍞 Bread & Bakery,,,,3.5,,
7291,Waitrose 4 Blueberry Pancakes 4S,🍞 Bread & Bakery,,,,1.95,,
7292,Waitrose 6 Toastie Crumpets 6S,🍞 Bread & Bakery,,,,1.5,,
7293,"Mr Kipling Bramley Apple & Blackcurrant, Bramley Apple & Cherry Pies 6 Pack",🍞 Bread & Bakery,,,,3.4,,
7294,Waitrose Millionaire Mini Bites 288g,🍞 Bread & Bakery,,,,3.5,,
7295,Old El Paso White Corn Tortilla Wrap 208g,🍞 Bread & Bakery,,,,2.3,,
7296,Waitrose 8 Wheat & Corn Tortillas 8S,🍞 Bread & Bakery,,,,1.85,,
7297,Biona Organic Rye Bread 500g,🍞 Bread & Bakery,,,,3,,
7298,Schär Gluten Free Wholesome Seeded Loaf 300g,🍞 Bread & Bakery,,,,3.2,,
7299,Waitrose 10 Chocolate Mini Rolls 10S,🍞 Bread & Bakery,,,,1.95,,
7300,Wildfarmed White Sourdough Bread 600g,🍞 Bread & Bakery,,,,4,,
7301,Jacksons Multiseed Bloomer 400g,🍞 Bread & Bakery,,,,1.6,,
7302,5 Sugared Ring Doughnuts 5S,🍞 Bread & Bakery,,,,1.35,,
7303,Waitrose Mini Chocolate Cupcakes 9S,🍞 Bread & Bakery,,,,4,,
7304,St Pierre 6 Croissants 6S,🍞 Bread & Bakery,,,,2.3,,
7305,Mr Kipling Mini Battenbergs 5S,🍞 Bread & Bakery,,,,3,,
7306,New York Bakery Wholemeal Bagels 5S,🍞 Bread & Bakery,,,,2,,
7307,Warburtons Gluten Free 4 Super Soft Sliced Square Rolls 240g,🍞 Bread & Bakery,,,,3.25,,
7308,Bonne Maman 7 Madeleines with Lemon 175g,🍞 Bread & Bakery,,,,3.35,,
7309,Essential 5 Chocolate Chip Cake Bars 5S,🍞 Bread & Bakery,,,,1,,
7310,Waitrose Banana Loaf Cake,🍞 Bread & Bakery,,,,2.8,,
7311,Mr Kipling 8 Angel Slices 8S,🍞 Bread & Bakery,,,,3.95,,
7312,Schär Gluten Free Brown Ciabatta Rolls 4x50g,🍞 Bread & Bakery,,,,2.5,,
7313,Malted Mixed Seeds Bloomer,🍞 Bread & Bakery,,,,2.35,,
7314,Waitrose Chocolate Cupcakes 4S,🍞 Bread & Bakery,,,,4,,
7315,Warburtons Gluten Free 4 Soft Pittas White 240g,🍞 Bread & Bakery,,,,2.5,,
7316,San Francisco Style Bloomer 400g,🍞 Bread & Bakery,,,,2.35,,
7317,Mr Kipling Viennese Whirls 6S,🍞 Bread & Bakery,,,,2.9,,
7318,Waitrose Brownie Mini Bites 280g,🍞 Bread & Bakery,,,,3.5,,
7319,Ciabatta Roll,🍞 Bread & Bakery,,,,0.8,,
7320,Waitrose 2 Bake at Home Brown Baguettes 2S,🍞 Bread & Bakery,,,,1.5,,
7321,Waitrose 5 Brownie Bars 5S,🍞 Bread & Bakery,,,,1.8,,
7322,Schär Gluten Free Wholesome White Loaf 300g,🍞 Bread & Bakery,,,,3.2,,
7323,Hovis Seeded Batch Bread 800g,🍞 Bread & Bakery,,,,1.65,,
7324,Waitrose 6 Iced Finger Buns 6S,🍞 Bread & Bakery,,,,1.55,,
7325,Fitzgeralds Multiseed & Cereal Bagels 5S,🍞 Bread & Bakery,,,,2.2,,
7326,Essential White Medium Sliced Bread 800g,🍞 Bread & Bakery,,,,0.75,,
7327,Waitrose 9 Mini Coffee Cupcakes 9S,🍞 Bread & Bakery,,,,3.71,,
7328,Waitrose Free From Sliced Tiger Cob 375g,🍞 Bread & Bakery,,,,3.5,,
7329,Granary Loaf 400g,🍞 Bread & Bakery,,,,1.2,,
7330,Fruit and Nut Bloomer 350g,🍞 Bread & Bakery,,,,2.6,,
7331,Waitrose All Butter Welsh Cakes 6S,🍞 Bread & Bakery,,,,2.15,,
7332,No.1 Carrot Cake,🍞 Bread & Bakery,,,,6.5,,
7333,Portuguese Lemon Cake,🍞 Bread & Bakery,,,,1.5,,
7334,Waitrose 4 Bramley Apple Pies 4S,🍞 Bread & Bakery,,,,3,,
7335,Warburtons Toastie Sliced Thick White Bread 800g,🍞 Bread & Bakery,,,,1.5,,
7336,Waitrose 4 Cherry Bakewell Tarts 4S,🍞 Bread & Bakery,,,,3,,
7337,Raspberry & White Chocolate Crookie,🍞 Bread & Bakery,,,,1.8,,
7338,Waitrose Genoa Cake,🍞 Bread & Bakery,,,,2.95,,
7339,Waitrose 6 High Protein Tortilla Wraps 6S,🍞 Bread & Bakery,,,,1.85,,
7340,Bonne Maman 7 Petit Fruit Cakes 210g,🍞 Bread & Bakery,,,,3.35,,
7341,Waitrose Chocolate Mini Rolls 17S,🍞 Bread & Bakery,,,,3.5,,
7342,Waitrose Mini Cornflake Cluster Bites 200g,🍞 Bread & Bakery,,,,3.5,,
7343,Bonne Maman Chocolate Sweet Hearts 175g,🍞 Bread & Bakery,,,,3.35,,
7344,Pagen Gifflar Cinnamon Rolls 260g,🍞 Bread & Bakery,,,,1.76,,
7345,Wafflemeister Belgian Waffles 5S,🍞 Bread & Bakery,,,,2.25,,
7346,New York Bakery 5 Everything NYC Bagels 5S,🍞 Bread & Bakery,,,,2.2,,
7347,Warburtons Gluten Free Seeded Loaf 300g,🍞 Bread & Bakery,,,,2.4,,
7348,Fitzgeralds 5 Everything Bagels 5S,🍞 Bread & Bakery,,,,2.2,,
7349,No.1 Baklava Selection 200g,🍞 Bread & Bakery,,,,4,,
7350,Apricot & Almond Pastry,🍞 Bread & Bakery,,,,1.8,,
7351,Fitzgeralds Poppy Seed Bagels 5S,🍞 Bread & Bakery,,,,2.2,,
7352,Mr Kipling 4 Birthday Cake Tarts 4S,🍞 Bread & Bakery,,,,2.5,,
7353,Waitrose Carrot Cake,🍞 Bread & Bakery,,,,3.2,,
7354,Waitrose Lemon Swiss Roll,🍞 Bread & Bakery,,,,2.1,,
7355,Essential Plain Fairy Cakes 12S,🍞 Bread & Bakery,,,,1.75,,
7356,Waitrose Free From Gluten Sourdough 375g,🍞 Bread & Bakery,,,,3.6,,
7357,Marlborough Bun,🍞 Bread & Bakery,,,,1.6,,
7358,Wildfarmed Baguette 370g,🍞 Bread & Bakery,,,,2.25,,
7359,Bertinet Bakery White Sourdough Bread 500g,🍞 Bread & Bakery,,,,2.3,,
7360,No.1 Sourdough Baguette 400g,🍞 Bread & Bakery,,,,2.15,,
7361,Old El Paso 6 Gluten Free Tortillas 216g,🍞 Bread & Bakery,,,,3.2,,
7362,Waitrose 6 Iced Fairy Cakes 6S,🍞 Bread & Bakery,,,,2.5,,
7363,Mr Kipling Latte Tarts 4S,🍞 Bread & Bakery,,,,2.5,,
7364,Schär Gluten Free White Ciabatta Rolls 4x50g,🍞 Bread & Bakery,,,,2.5,,
7365,Chocolate Twist,🍞 Bread & Bakery,,,,1.35,,
7366,Waitrose High Protein Pancakes 4S,🍞 Bread & Bakery,,,,2.25,,
7367,Hovis Farmhouse Batch Wholemeal 800g,🍞 Bread & Bakery,,,,1.7,,
7368,Cheddar & Sun-Dried Tomato Breadstick,🍞 Bread & Bakery,,,,1.55,,
7369,Bonne Maman Petits Muffins Vanilla 235g,🍞 Bread & Bakery,,,,3.35,,
7370,Waitrose Raspberry Swiss Roll,🍞 Bread & Bakery,,,,2.1,,
7371,Old El Paso Tortilla Wraps 350g,🍞 Bread & Bakery,,,,2.25,,
7372,Waitrose Free From Oaty Rolls 240g,🍞 Bread & Bakery,,,,3,,
7373,Jason's 6 Sourdough Crumpets 6S,🍞 Bread & Bakery,,,,1.85,,
7374,Waitrose Multigrain Farmhouse 400g,🍞 Bread & Bakery,,,,1.25,,
7375,No.1 Afternoon Tea Cake Selection,🍞 Bread & Bakery,,,,7.5,,
7376,Cinnamon Danish Bun,🍞 Bread & Bakery,,,,1.9,,
7377,No.1 Sicilian Lemon Drizzle Muffin,🍞 Bread & Bakery,,,,1.85,,
7378,Warburtons GF Soft Brown Pittas 240g,🍞 Bread & Bakery,,,,2.5,,
7379,Bonne Maman 10 Mini Marble Cakes 300g,🍞 Bread & Bakery,,,,4,,
7380,Pain aux raisin,🍞 Bread & Bakery,,,,1.35,,
7381,Waitrose All Butter Cinnamon Knots 150g,🍞 Bread & Bakery,,,,2.3,,
7382,Mrs Crimble's Gluten Free 6 Big Choc Macaroons 6S,🍞 Bread & Bakery,,,,2.05,,
7383,Genius Gluten Free Crumpets 4S,🍞 Bread & Bakery,,,,2.5,,
7384,Chocolate & Hazelnut Croissant,🍞 Bread & Bakery,,,,1.35,,
7385,Waitrose 10 Madeleines 250g,🍞 Bread & Bakery,,,,2.25,,
7386,Angela Hartnett with Waitrose Semi-dried Tomato Focaccia 310g,🍞 Bread & Bakery,,,,4.25,,
7387,Cheddar and Jalapeños Breadstick,🍞 Bread & Bakery,,,,1.55,,
7388,New York Bakery Gluten Free Original Bagels 4S,🍞 Bread & Bakery,,,,3.25,,
7389,Waitrose 4 Triple Belgian Chocolate Cookies 4S,🍞 Bread & Bakery,,,,2.4,,
7390,Waitrose Chocolate Cake,🍞 Bread & Bakery,,,,3.2,,
7391,No.1 Pistachio Croissant,🍞 Bread & Bakery,,,,1.9,,
7392,Waitrose 4 White Chocolate & Sicilian Lemon Cookies 4S,🍞 Bread & Bakery,,,,2.4,,
7393,Waitrose Free From Gluten Cherry Bakewells 205g,🍞 Bread & Bakery,,,,2.7,,
7394,New York Bakery Fibre Plus Bagels MultiSeed & Grain 5S,🍞 Bread & Bakery,,,,2.2,,
7395,No.1 Mixed Olive Breadstick,🍞 Bread & Bakery,,,,1.55,,
7396,GAIL's San Francisco Sourdough 650g,🍞 Bread & Bakery,,,,4.95,,
7397,Waitrose 4 Belgian Chocolate Shortbreads 4S,🍞 Bread & Bakery,,,,2.4,,
7398,Almond Pain au Chocolat,🍞 Bread & Bakery,,,,2,,
7399,No.1 Triple Belgian Chocolate Muffin,🍞 Bread & Bakery,,,,1.85,,
7400,No.1 Blueberry Crumble Muffin,🍞 Bread & Bakery,,,,1.85,,
7401,Waitrose Rocky Road Mini Bites 234g,🍞 Bread & Bakery,,,,3.5,,
7402,Jason's Everyday Protein Rolls 4S,🍞 Bread & Bakery,,,,1.9,,
7403,Waitrose Pizza Mix with Semolina 500g,🍞 Bread & Bakery,,,,1.4,,
7404,Mr Kipling Battenberg 230g,🍞 Bread & Bakery,,,,3,,
7405,Mr Kipling Almond Slices 6S,🍞 Bread & Bakery,,,,2.25,,
7406,Waitrose Triple Chocolate Brownies 4S,🍞 Bread & Bakery,,,,3.75,,
7407,Leckford Seeded Baguette,🍞 Bread & Bakery,,,,2.05,,
7408,Waitrose Millionaire's Shortbread 4S,🍞 Bread & Bakery,,,,3.75,,
7409,Waitrose 4 Corn & Jalapeno Flatbuns 4S,🍞 Bread & Bakery,,,,2,,
7410,Salted Caramel Yum Yum,🍞 Bread & Bakery,,,,1,,
7411,Waitrose Chocolate Swiss Roll,🍞 Bread & Bakery,,,,2.1,,
7412,Waitrose Red Velvet Chocolate Cake,🍞 Bread & Bakery,,,,3.2,,
7413,Waitrose 2 Gunpowder Spiced Flatbreads 2S,🍞 Bread & Bakery,,,,2,,
7414,Rhubarb & Custard Pastry,🍞 Bread & Bakery,,,,1.8,,
7415,Carrot Mini Loaf Cake,🍞 Bread & Bakery,,,,2,,
7416,Waitrose 4 Bake at Home Multiseed Pavés 4S,🍞 Bread & Bakery,,,,2,,
7417,Waitrose Carrot Cake Loaf,🍞 Bread & Bakery,,,,3,,
7418,Lazy Day Gluten Free & Vegan Dark Chocolate Tiffin 150g,🍞 Bread & Bakery,,,,3.25,,
7419,Waitrose Free From Gluten Carrot Cake Slices 118g,🍞 Bread & Bakery,,,,2.35,,
7420,Waitrose Free From 2 Fruited Scones 140g,🍞 Bread & Bakery,,,,2.65,,
7421,Real Lancashire 4 Chorley Cakes 4S,🍞 Bread & Bakery,,,,2.75,,
7422,Soreen Blueberry Lift Bars 4x42g,🍞 Bread & Bakery,,,,2.35,,
7423,Promise Gluten Free Soft White Loaf 480g,🍞 Bread & Bakery,,,,3.5,,
7424,Waitrose Peach Melba Cake,🍞 Bread & Bakery,,,,3.2,,
7425,Warburtons Gluten Free 4 Super Soft Brioche Rolls 240g,🍞 Bread & Bakery,,,,3.15,,
7426,McVitie's Raspberry Jaffa Cakes 110g,🍞 Bread & Bakery,,,,1.6,,
7427,Waitrose Mini Jaffa Cakes 125g,🍞 Bread & Bakery,,,,1.9,,
7428,Butter Pain Au Chocolat,🍞 Bread & Bakery,,,,1.35,,
7429,OGGS Double Chocolate Cupcakes 2S,🍞 Bread & Bakery,,,,2.5,,
7430,Waitrose Multi Seed Malted Bread Mix 500g,🍞 Bread & Bakery,,,,1.35,,
7431,Lazy Day Gluten Free & Vegan Millionaire Shortbread 150g,🍞 Bread & Bakery,,,,3.25,,
7432,Waitrose Free From Coffee & Walnut Loaf Cake,🍞 Bread & Bakery,,,,2.6,,
7433,Mrs Crimble's Gluten Free 6 Classic Madeleines 6S,🍞 Bread & Bakery,,,,2.95,,
7434,Raspberry Croissant Cube,🍞 Bread & Bakery,,,,2.25,,
7435,GAIL's Sourdough 650g,🍞 Bread & Bakery,,,,4.85,,
7436,Waitrose 5 Mini Cecils Cakes 5S,🍞 Bread & Bakery,,,,3.9,,
7437,Waitrose Free From Blueberry Muffins,🍞 Bread & Bakery,,,,3.1,,
7438,Tregroes Toffee Waffles 8S,🍞 Bread & Bakery,,,,2.15,,
7439,Fitzgeralds 4 Bake at Home Multiseed & Cereal Petits Pains 4S,🍞 Bread & Bakery,,,,1.75,,
7440,Waitrose Free From Gluten 5 Chocolate Slices 220g,🍞 Bread & Bakery,,,,3.4,,
7441,Mrs Crimble's Gluten Free 6 Big Coconut Macaroons 6S,🍞 Bread & Bakery,,,,2.05,,
7442,BFree Gluten Free High Protein Pittas 220g,🍞 Bread & Bakery,,,,3.5,,
7443,OGGS Mini Vanilla Cupcakes 9S,🍞 Bread & Bakery,,,,4.3,,
7444,Waitrose Teacake Mini Bites 169g,🍞 Bread & Bakery,,,,3.5,,
7445,Waitrose Free From Sliced Farmhouse Loaf 400g,🍞 Bread & Bakery,,,,3.2,,
7446,Pistachio Croissant Cube,🍞 Bread & Bakery,,,,2.25,,
7447,Waitrose White Bread Mix 500g,🍞 Bread & Bakery,,,,1.2,,
7448,Cadbury Mini Rolls Milk Chocolate 10S,🍞 Bread & Bakery,,,,4.25,,
7449,No.1 2 Sicilian Lemon Cupcakes 2S,🍞 Bread & Bakery,,,,3.5,,
7450,Waitrose Free From 5 Angel Cake Slices 5Each,🍞 Bread & Bakery,,,,3.1,,
7451,Waitrose Millionaire's Flapjacks 180g,🍞 Bread & Bakery,,,,3.75,,
7452,Waitrose Free From Carrot Cake with Cream Cheese Frosting,🍞 Bread & Bakery,,,,4,,
7453,Cohens Bakery Challa Bread 400g,🍞 Bread & Bakery,,,,3,,
7454,Victoria Sponge,🍞 Bread & Bakery,,,,2,,
7455,Waitrose Chocolate & Orange Mini Rolls 17S,🍞 Bread & Bakery,,,,3.5,,
7456,Waitrose 4 Double Chocolate & Brazilian Orange Cookies 4S,🍞 Bread & Bakery,,,,2.4,,
7457,GAIL's Mixed Olive Sourdough 280g,🍞 Bread & Bakery,,,,4.25,,
7458,GAIL's Potato & Rosemary Sourdough 650g,🍞 Bread & Bakery,,,,5.3,,
7459,Cohens Bakery Buckingham Rye Bread 400g,🍞 Bread & Bakery,,,,2.1,,
7460,Wafflemeister Belgian Waffle Chocolate Coated 5S,🍞 Bread & Bakery,,,,2.25,,
7461,Waitrose Chocolate Flapjack Mini Bites 300g,🍞 Bread & Bakery,,,,3.5,,
7462,Vanilla Custard Crown,🍞 Bread & Bakery,,,,1.8,,
7463,Schar Gluten Free Foldable Flatbread 225g,🍞 Bread & Bakery,,,,2,,
7464,Lazy Day Gluten Free & Vegan Salted Caramel Crispies 150g,🍞 Bread & Bakery,,,,3.25,,
7465,Waitrose Raspberry & Coconut Cake,🍞 Bread & Bakery,,,,3.2,,
7466,Fiona Cairns Raspberry Cupcake,🍞 Bread & Bakery,,,,2.15,,
7467,Ciabatta 350g,🍞 Bread & Bakery,,,,2.5,,
7468,Original Biscuit Bakers Iced Gingerbread Alan the Avocado 75g,🍞 Bread & Bakery,,,,1.75,,
7469,Bacheldr Rustic Crunch Bread Mix 500g,🍞 Bread & Bakery,,,,1.5,,
7470,Feta & Spinach Tart 90g,🍞 Bread & Bakery,,,,1.8,,
7471,Mrs Crimble's 6 Lemon French Madeleines 6x30g,🍞 Bread & Bakery,,,,2.9,,
7472,Walker's Triple Chocolate Wee Chunkies 125g,🍞 Bread & Bakery,,,,2,,
7473,Iced Gingerbread Dylan the Dinosaur 50g,🍞 Bread & Bakery,,,,1.75,,
7474,OGGS Afternoon Tea Cakes 4S,🍞 Bread & Bakery,,,,4.3,,
7475,Studio Bakery Hot Chocolate Brownies 4Each,🍞 Bread & Bakery,,,,4,,
7476,Pistachio & Raspberry Loaded Cookie,🍞 Bread & Bakery,,,,1.5,,
7477,Matcha & Raspberry Cake,🍞 Bread & Bakery,,,,2,,
7478,OLE & STEEN Cinnamon Social Slice 165g,🍞 Bread & Bakery,,,,4.25,,
7479,Genius 4 Rocky Roads with Candy Kittens 4S,🍞 Bread & Bakery,,,,3.6,,
7480,Blueberry Cheesecake Loaded Cookie,🍞 Bread & Bakery,,,,1.5,,
7481,Pots & Co Chocolate Fudge Lava Cake 2x90g,🍞 Bread & Bakery,,,,2.75,,
7482,BFree Tiger Rolls 240g,🍞 Bread & Bakery,,,,2.5,,
7483,OLE & STEEN Maple & Pecan Social Slice 165g,🍞 Bread & Bakery,,,,4.65,,
7484,Mrs Crimble's 5 Gooey Strawberry Jammy Sponges 5x35g,🍞 Bread & Bakery,,,,2.25,,
7485,Waitrose Free From Spiced Apple Muffins,🍞 Bread & Bakery,,,,3.1,,
7486,Genius Gluten Free Spicy Fruit Loaf 400g,🍞 Bread & Bakery,,,,3.25,,
7487,GAIL's Ciabatta 425g,🍞 Bread & Bakery,,,,3.6,,
7488,Waitrose Chocolate Brownie 58g,🍞 Bread & Bakery,,,,1.3,,
7489,GAIL's Waste-less Sourdough Bread 750g,🍞 Bread & Bakery,,,,5.15,,
7490,Iced Penelope Panda Shortbread Cookie 75g,🍞 Bread & Bakery,,,,1.75,,
7491,Fiona Cairns Chocolate Cupcake,🍞 Bread & Bakery,,,,2.15,,
7492,BFree Gluten Free Multigrain Wraps 252g,🍞 Bread & Bakery,,,,3.8,,
7493,Pagen Gifflar Vanilla Rolls 260g,🍞 Bread & Bakery,,,,1.76,,
7494,GAIL's Baguette 245g,🍞 Bread & Bakery,,,,2.7,,
7495,GAIL's English Muffins 200g,🍞 Bread & Bakery,,,,2.25,,
7496,Waitrose Wholemeal Bread Mix 500g,🍞 Bread & Bakery,,,,1.35,,
7497,Mr Kipling Strawberry Bliss Cake Bites 205g,🍞 Bread & Bakery,,,,3.9,,
7498,GAIL's Challah Knots 2S 2x83g,🍞 Bread & Bakery,,,,2.5,,
7499,Waitrose Free From Sticky Toffee Muffins,🍞 Bread & Bakery,,,,3.1,,
7500,Irwin's Banana & Chia Loaf 360g,🍞 Bread & Bakery,,,,2.2,,
7501,Ole & Steen Cinnamon Swirl 125g,🍞 Bread & Bakery,,,,3.95,,
7502,GAIL's Farmer's Brown Sourdough 750g,🍞 Bread & Bakery,,,,4.9,,
7503,Mr Kipling Millionaire's Cake Bites 220g,🍞 Bread & Bakery,,,,3.9,,
7504,No.1 2 Dulce de Leche Caramel Cupcakes 2S,🍞 Bread & Bakery,,,,3.5,,
7505,Waitrose Snowball Mini Bites Tub 165g,🍞 Bread & Bakery,,,,3.5,,
7506,OLE & STEEN Cinnamon Social Half 495g,🍞 Bread & Bakery,,,,11.95,,
7507,No.1 2 Dark Chocolate & Raspberry Cupcakes 2S,🍞 Bread & Bakery,,,,3.5,,
7508,Chocolate & Caramel Loaded Cookie,🍞 Bread & Bakery,,,,1.5,,
7509,Fiona Cairns 4 Buttercream Topped Cupcakes 4S,🍞 Bread & Bakery,,,,7.3,,
7510,Waitrose Free From Victoria Sandwich,🍞 Bread & Bakery,,,,4,,
7511,Cadbury 10 Caramel Mini Rolls 10S,🍞 Bread & Bakery,,,,4.25,,
7512,Mr Kipling Cherry Bakewell Cake Bites 220g,🍞 Bread & Bakery,,,,3.9,,
7513,No.1 All Butter Belgian Waffle Biscuits 250g,🍞 Bread & Bakery,,,,7,,
7514,OLE & STEEN Chocolate Swirl 115g,🍞 Bread & Bakery,,,,3.95,,
7515,Mr Kipling Lemon Fancies 8S,🍞 Bread & Bakery,,,,2,,
7516,Genius Gluten Free Ancient Grains & Seeds Bloomer 400g,🍞 Bread & Bakery,,,,3.75,,
7517,GAIL's Wholemeal Good Earth Sourdough 750g,🍞 Bread & Bakery,,,,5.3,,
3772,itsu Chicken Soup' Dumplings 168g,🧊 Frozen,3.15,,,,,
3773,Co-op Beef Lasagne 400g,🧊 Frozen,2.65,,,,,
3774,Young's Admiral's Pie 300g,🧊 Frozen,2.65,,,,,
3775,Aunt Bessie's 10 Glorious Golden Yorkshires 190g,🧊 Frozen,2.8,,,,,
3776,Co-op 2 Steak & Ale Pies 400g 2X200G,🧊 Frozen,3.7,,,,,
3777,Co-op 12 Mozzarella Sticks 180g,🧊 Frozen,2.45,,,,,
3778,Co-op Stuffed Crust Pepperoni Pizza 468g,🧊 Frozen,3.15,,,,,
3779,Crosta Mollica Margherita Sourdough Pizzetta 2 x 218g (436g) 422G,🧊 Frozen,4.73,,,,,
3780,Co-op Meat Feast Stonebaked Pizza 335G,🧊 Frozen,1.95,,,,,
3781,Chicago Town Original Deep Dish Pepperoni Pizza 2 x 155g (310g) 2X155G,🧊 Frozen,2.35,,,,,
3782,Chicago Town Stuffed Crust Loaded Pepperoni Pizza 645g,🧊 Frozen,6.3,,,,,
3783,Goodfella's Stonebaked Thin Pepperoni 332g,🧊 Frozen,3.4,,,,,
3784,Goodfella's Stonebaked Thin Margherita 334g,🧊 Frozen,3.4,,,,,
3785,Co-op Stonebaked Four Cheese 330g,🧊 Frozen,1.95,,,,,
3786,Co-op Stonebaked Double Pepperoni Pizza 330g,🧊 Frozen,1.95,,,,,
3787,Co-op Freezer Favourite 2 Garlic Baguettes 310g,🧊 Frozen,1.75,,,,,
3788,Birds Eye 8 Wonderful Cod Breaded Fish Fingers 240g,🧊 Frozen,4.75,,,,,
3789,Whitby Seafoods Jumbo Wholetail Scampi 200g,🧊 Frozen,4.2,,,,,
3790,Young's 4 Cod Fish Cakes 200g,🧊 Frozen,1.7,,,,,
3791,Young's 4 Chip Shop Omega 3 Fish Fillets 400g,🧊 Frozen,5.2,,,,,
3792,Co-op Irresistible Jumbo King Prawns 200g,🧊 Frozen,5.5,,,,,
3793,Birds Eye 2 Battered Alaska Pollock Fish Fillets 200g,🧊 Frozen,3,,,,,
3794,Co-op Frozen Lightly Dusted Salt and Black Pepper Sole Fillets 225g,🧊 Frozen,3.4,,,,,
3795,Birds Eye Limited Edition Chicken Shop Honey Chipotle BBQ Chicken Wings 385g 375G,🧊 Frozen,3.15,,,,,
3796,Birds Eye 2 Chicken Quarter Pounders 227g,🧊 Frozen,3.4,,,,,
3797,Birds Eye Chicken Shop Salt & Pepper Chicken Goujons 325g,🧊 Frozen,4.59,,,,,
3798,Richmond 12 Thick Pork Sausages 516g,🧊 Frozen,3,,,,,
3799,Birds Eye 4 Chicken Burgers 200g,🧊 Frozen,3.3,,,,,
3800,Birds Eye 2 Crispy Tempura Battered Chicken 170g,🧊 Frozen,3.4,,,,,
3801,Birds Eye 2 Crunchy Southern Fried Chicken 180g,🧊 Frozen,3.4,,,,,
3802,Birds Eye 12 Chicken Dippers 220g,🧊 Frozen,3.4,,,,,
3803,Birds Eye Chicken Shop Ultimate Fillet Burgers 227g,🧊 Frozen,5,,,,,
3804,Co-op 4 British Beef Quarter Pounders 454g,🧊 Frozen,5.25,,,,,
3805,Strong Roots Crispy Sweet Potato Fries 500g,🧊 Frozen,3.95,,,,,
3806,Co-op Potato Wedges 750g,🧊 Frozen,1.95,,,,,
3807,Co-op Carrots Cauliflower & Broccoli 800g,🧊 Frozen,2.1,,,,,
3808,Co-op Freshly Picked Frozen Summer Fruits 400g,🧊 Frozen,3.4,,,,,
3809,McCain Air Fryer Quick & Crispy Deep Ridge Crinkle 750g,🧊 Frozen,3.4,,,,,
3810,McCain Quick Straight Chips 4 x 100g (400g) 4X100G,🧊 Frozen,3.65,,,,,
3811,Birds Eye Petits Pois 545g,🧊 Frozen,3.15,,,,,
3812,McCain 4 Slow Baked Jackets 800g 4PACK,🧊 Frozen,4.25,,,,,
3813,McCain Crinkle Home Chips 1kg,🧊 Frozen,3.9,,,,,
3814,McCain Straight Home Chips 1kg,🧊 Frozen,3.9,,,,,
3815,McCain Crispy French Fries 900g,🧊 Frozen,3.89,,,,,
3816,McCain Crispy Hash Browns 625g,🧊 Frozen,3.4,,,,,
3817,McCain Lightly Spiced Wedges 650g,🧊 Frozen,3.4,,,,,
3818,McCain Smiles 454g,🧊 Frozen,3.4,,,,,
3819,Aunt Bessie's Crispy & Fluffy Roasties 600g,🧊 Frozen,2.65,,,,,
3820,Co-op Battered Onion Rings 454g,🧊 Frozen,2.2,,,,,
3821,Co-op Sliced Carrots 750g,🧊 Frozen,1.39,,,,,
3822,Birds Eye 10 The Original Potato Waffles 567g,🧊 Frozen,2.8,,,,,
3823,Co-op Supersweet Sweetcorn 750g,🧊 Frozen,1.95,,,,,
3824,Birds Eye Garden Peas 800g,🧊 Frozen,3.4,,,,,
3825,Co-op French Fries 750g,🧊 Frozen,2.65,,,,,
3826,Co-op Freezer Favourite Crinkle Cut Chips 750g,🧊 Frozen,2.1,,,,,
3827,Co-op Straight Cut Chips 750g,🧊 Frozen,2.1,,,,,
3828,Co-op Mixed Vegetables 750g,🧊 Frozen,1.4,,,,,
3829,Co-op British Garden Peas 750g,🧊 Frozen,1.6,,,,,
3830,Co-op Irresistible Thick Cut Chunky Chips 750g,🧊 Frozen,3.4,,,,,
3831,Co-op 22 Hash Brown Bites 400g,🧊 Frozen,3,,,,,
3832,Co-op 7 Big Night in Halloumi Fries 200g,🧊 Frozen,3,,,,,
3833,Linda McCartney 2 Mozzarella 1/4lb Burgers Vegetarian 227g,🧊 Frozen,3,,,,,
3834,Quorn Crispy Nuggets 300g,🧊 Frozen,3.2,,,,,
3835,Linda McCartney 6 Vegan Sausages 270g,🧊 Frozen,2.9,,,,,
3836,Co-op GRO The Incredible Burger 210g,🧊 Frozen,2.8,,,,,
3837,Co Op Meat Free 2 Cauliflower Cheese Grills 194g,🧊 Frozen,1.55,,,,,
3838,Trü Frü Nature's Strawberries Frozen Fresh in White & Milk Chocolate 200g,🧊 Frozen,4.2,,,,,
3839,Häagen-Dazs Vanilla Caramel Brownie Ice Cream 386g 460ML,🧊 Frozen,6.35,,,,,
3840,Häagen-Dazs Tiramisu Ice Cream 346g 420ML,🧊 Frozen,6.35,,,,,
3841,Häagen-Dazs Creamy Strawberry Ice Cream Bars 3 x 204g 3X80ML,🧊 Frozen,4.75,,,,,
3842,Co-op Irresistible Italian Vanilla & Caramel Biscuit Gelato 360g,🧊 Frozen,5.25,,,,,
3843,Co-op Dipped Mini Assorted Chocolate Sticks Vanilla Ice Creams 8 x 50ml (400ml) 8X50ML,🧊 Frozen,4.29,,,,,
3844,Co-op Blackcurrant Cheesecake 450g,🧊 Frozen,3,,,,,
3845,Co-op Juice Blast Rocket Lollies 8 x 58ml (464ml),🧊 Frozen,1.85,,,,,
3846,Ben & Jerry's  Ice Cream Tub Chocolate Fudge Brownie 465 ml 465ML,🧊 Frozen,6,,,,,
3847,Ben & Jerry's  Ice Cream Phish Food 465 ml 465ML,🧊 Frozen,6,,,,,
3848,Ben & Jerry's Ice Cream Tub Cookie Dough 465ml,🧊 Frozen,6,,,,,
3849,Nuii Ice Cream Adventure Salted Caramel & Australian Macadamia  270ml 3X90ML,🧊 Frozen,5.5,,,,,
3850,Kelly's Millionaires Shortbread with Cornish Clotted Cream 425ml,🧊 Frozen,3.15,,,,,
3851,Cadbury Flake 99 Cones 4 x 125ml (500ml) 4X125ML,🧊 Frozen,5.6,,,,,
3852,Co-op Vanilla Flavour Ice Cream 900ml,🧊 Frozen,3.15,,,,,
3853,Co-op Strawberry Cheesecake 450g,🧊 Frozen,3,,,,,
3854,Angel Delight Strawberry Flavour 59g,🍝 Pantry,1.2,,,,,
3855,Hartley's Jelly Raspberry Flavour 115g,🍝 Pantry,1,,,,,
3856,Clarks Original Maple Syrup Blended with Carob Fruit Syrup 180ml,🍝 Pantry,2.95,,,,,
3857,Carnation Caramel Drizzle 450g,🍝 Pantry,3.39,,,,,
3858,Buckwud Organic Classic Candian Maple Syrup 250g,🍝 Pantry,7.75,,,,,
3859,Ambrosia Devon Custard 150g,🍝 Pantry,1.15,,,,,
3860,Ambrosia Banana Flavour Devon Custard 150g,🍝 Pantry,1.15,,,,,
3861,Ambrosia Rice Pudding 150g,🍝 Pantry,1.15,,,,,
3862,Ambrosia Light Rice Pudding 150g,🍝 Pantry,1.15,,,,,
3863,Ambrosia Light Devon Custard 150g,🍝 Pantry,1.15,,,,,
3864,Aunty's Delicious Golden Syrup Steamed Puds 2 x 95g 2X95G,🍝 Pantry,1.89,,,,,
3865,Aunty's Delicious Sticky Toffee Steamed Puds 2 x 95g 2X95G,🍝 Pantry,1.89,,,,,
3866,Co-op Rice Pudding 400g,🍝 Pantry,1.2,,,,,
3867,Co-op Custard 400g,🍝 Pantry,1.3,,,,,
3868,Co-op 12 British Eggs Meringue Shells 58.8G,🍝 Pantry,2.09,,,,,
3869,Co-op Pure Canadian Pure Maple Syrup 250g,🍝 Pantry,4.79,,,,,
3870,Co-op Irresistible 8 Crisp & Delicate Meringue Nests 8S,🍝 Pantry,1.58,,,,,
3871,Hartley's Strawberry Flavour Jelly 4 x 125g (500g) 4X125G,🍝 Pantry,2.39,,,,,
3872,Ambrosia Deluxe Custard 400g,🍝 Pantry,2.35,,,,,
3873,Ambrosia Deluxe Custard Madagascan Vanilla 2 x 120g (240g) 2X120G,🍝 Pantry,1.95,,,,,
3874,Ambrosia Devon Custard 4 x 120g (480g) 4X120G,🍝 Pantry,3.4,,,,,
3875,Ambrosia Rice Pudding 4 x 120g (480g) 4X120G,🍝 Pantry,3.45,,,,,
3876,Cadbury Milk Chocolate Sticky Puds 2 x 95g 2X95G,🍝 Pantry,2.9,,,,,
3877,Fruit Bowl Strawberry Yogurt Flakes 5 x 18g 5X18G,🍝 Pantry,2.6,,,,,
3878,Ambrosia Chocolate Flavour Devon Custard 150g,🍝 Pantry,1.15,,,,,
3879,Askeys Treat! Strawberry Flavour Sauce 325g,🍝 Pantry,1.45,,,,,
3880,Hartley's Raspberry Flavour Jelly 2 x 11.5g (23g),🍝 Pantry,1.69,,,,,
3881,Hartley's 10 Cal Blueberry & Blackcurrant Flavour Jelly 175g,🍝 Pantry,1.1,,,,,
3882,Hartley's Raspberry Flavour Jelly 135g,🍝 Pantry,1.39,,,,,
3883,Hartley's Strawberry Flavour Jelly 135g,🍝 Pantry,1.39,,,,,
3884,Hartley's Orange Flavour Jelly 135g,🍝 Pantry,1.39,,,,,
3885,Hartley's Strawberry Flavour Jelly Sugar Free Twin Pack 23g,🍝 Pantry,1.69,,,,,
3886,Hartley's 10 Cal Strawberry Flavour Jelly 175g,🍝 Pantry,1.1,,,,,
3887,Hartley's 10 Cal Raspberry Flavour Jelly 175g,🍝 Pantry,1.1,,,,,
3888,Bird's Instant Custard 75g,🍝 Pantry,1.5,,,,,
3889,Angel Delight Butterscotch Flavour 59g,🍝 Pantry,1.2,,,,,
3890,Ambrosia Low Fat Custard Can 400g,🍝 Pantry,2.1,,,,,
3891,Ambrosia Light Rice Pudding 400g,🍝 Pantry,2.1,,,,,
3892,Bird's Original Custard Powder 350g,🍝 Pantry,2.85,,,,,
3893,Ambrosia Deluxe Custard 750g,🍝 Pantry,3.5,,,,,
3894,Co-op Home Baking Evaporated Milk 170g,🍝 Pantry,0.95,,,,,
3895,Co-op 10 Crispy Ice Cream Cones 10PACK,🍝 Pantry,1.49,,,,,
3896,Co-op Fine Cut Orange Marmalade 420g,🍝 Pantry,1.19,,,,,
3897,Marmite Yeast Extract Spread 250g,🍝 Pantry,4.35,,,3.5,,
3898,Bonne Maman Strawberry Conserve 370g,🍝 Pantry,4.15,,,3.6,,
3899,Bonne Maman Apricot Conserve 370g,🍝 Pantry,4.15,,,3.6,,
3900,Bonne Maman Bitter Orange Fine Shred Marmalade 370g,🍝 Pantry,4.15,,,,,
3901,Bonne Maman Raspberry Conserve 370g,🍝 Pantry,4.15,,,4,,
3902,Robertsons Golden Shredless 454g,🍝 Pantry,3.3,,,,,
3903,Rowse Manuka 100+ MGO 225g,🍝 Pantry,11,,,,,
3904,Rowse Organic Honey 340g,🍝 Pantry,3.7,,,,,
3905,Rowse Runny Honey 340g,🍝 Pantry,3.8,,,,,
3907,NUTELLA® Hazelnut Spread with Cocoa 200g,🍝 Pantry,2.89,,,,,
3908,Co Op Squeezy Clear Honey 340g,🍝 Pantry,2.05,,,,,
3909,Co-op Set Honey 454g,🍝 Pantry,2.1,,,,,
3910,Co-op Clear Honey 454g,🍝 Pantry,2.1,,,,,
3911,Lotus Biscoff Smooth 400g,🍝 Pantry,3.9,,,,,
3912,Lotus Biscoff Crunchy 380g,🍝 Pantry,3.9,,,,,
3913,Co-op Crunchy Peanut Butter 340g,🍝 Pantry,1.99,,,,,
3914,Co-op Irresistible Extra Fruity Strawberry Conserve 340g,🍝 Pantry,3.3,,,,,
3915,Co-op Smooth Peanut Butter 340g,🍝 Pantry,1.99,,,,,
3916,Bonne Maman Black Cherry Conserve 370g,🍝 Pantry,3.45,,,,,
3917,Black Milk Hazelnut Cream 230g,🍝 Pantry,5.6,,,,,
3918,Black Milk Pistachio Cream 230g,🍝 Pantry,5.6,,,,,
3919,Duerr's Seville Orange Marmalade 340g,🍝 Pantry,1.85,,,,,
3920,Whole Earth Smooth Peanut Butter 340g,🍝 Pantry,3.8,,,,,
3921,Whole Earth Crunchy Peanut Butter 340g,🍝 Pantry,3.8,,,,,
3922,Bonne Maman Blackcurrant Conserve 370g,🍝 Pantry,4.15,,,,,
3923,Rowse Defence Honey + Manuka + Vitamin C 250g,🍝 Pantry,4.75,,,,,
3924,Wilkin & Sons Ltd Tiptree 'Old Times' Orange Fine Cut Marmalade 340g,🍝 Pantry,2.89,,,,,
3925,Rowse Light & Mild Honey 340g,🍝 Pantry,2.1,,,,,
3926,Rowse Dark & Rich Honey 340g,🍝 Pantry,2.1,,,,,
3927,Co-op Fruity Seedless Raspberry Jam 420g,🍝 Pantry,2.4,,,,,
3928,Co-op Crunchy Peanut Butter 700g,🍝 Pantry,2.79,,,,,
3929,Co-op Irresistible Seville Orange Medium Cut Marmalade 340g,🍝 Pantry,2.59,,,,,
3930,Co-op Fruity Lemon Curd 411g,🍝 Pantry,1.7,,,,,
3931,Co-op Fruity Strawberry Jam 420g,🍝 Pantry,1.59,,,,,
3932,Co-op Blackcurrant Jam 420g,🍝 Pantry,1.59,,,,,
3933,Co-op Fruity Apricot Jam 420g,🍝 Pantry,1.59,,,,,
3934,Robertsons Golden Shred 454g,🍝 Pantry,3.3,,,,,
3935,Jersey Clear Honey 1lb EACH,🍝 Pantry,15.75,,,,,
3936,Jersey Clear Honey 1/2lb EACH,🍝 Pantry,8,,,,,
3937,Nesquik Strawberry Flavour with Vitamin C&D Milkshake Mix 300g,🍝 Pantry,3.35,,,,,
3938,Nesquik Chocolate Flavoured Milkshake Mix 300g,🍝 Pantry,3.35,,,,,
3939,Alpro Soya No Sugar Long Life Dairy Free Drink 1L 1LTR,🍝 Pantry,2.65,,,,,
3940,Alpro Soya Original Chilled Dairy Free Drink 1L 1LTR,🍝 Pantry,2.65,,,,,
3941,Alpro Almond Original Long Life Dairy Free Drink 1L 1LTR,🍝 Pantry,1.85,,,,,
3942,Alpro Almond No Sugar Long Life Dairy Free Drink 1L 1LTR,🍝 Pantry,1.85,,,,,
3943,Alpro Barista Oat Long Life Dairy Free Drink 1L 1LTR,🍝 Pantry,2.6,,,,,
3944,Alpro Soya Vanilla Original Long Life Dairy Free Drink 1L 1LTR,🍝 Pantry,2.1,,,,,
3945,Jersey 2.5% Milk UHT 1 Ltr 1LTR,🍝 Pantry,1.79,,,,,
3946,Jersey 1% UHT Milk 1Ltr,🍝 Pantry,1.79,,,,,
3947,Jersey Whole Milk UHT 1Ltr,🍝 Pantry,1.79,,,,,
3948,Jersey Skimmed Milk UHT 1ltr,🍝 Pantry,1.79,,,,,
3949,Oatly! The Original Semi Oat Drink 1L 1LTR,🍝 Pantry,2.45,,,,,
3950,Koko Dairy Free The Original 1L 1LTR,🍝 Pantry,1.58,,,,,
3951,Koko Dairy Free Sugar Free 1L 1LTR,🍝 Pantry,1.58,,,,,
3952,Alpro Oat Original Long Life Dairy Free Drink 1L 1LTR,🍝 Pantry,2.65,,,,,
3953,Alpro Oat No Sugar Long Life Dairy Free Drink 1L 1LTR,🍝 Pantry,2.65,,,,,
3954,Nesquik Banana Flavour Milkshake Mix 300g,🍝 Pantry,3.35,,,,,
3955,Oatly! Oat Drink Barista Edition 500ml,🍝 Pantry,1.59,,,,,
3956,Co Op Unsweetened Soya Drink 1 Litre 1LTR,🍝 Pantry,1.59,,,,,
3957,Co-op Skimmed Milk Powder 340g,🍝 Pantry,3.59,,,,,
3958,Pot Noodle Chicken & Mushroom Instant Noodles 90 g 90G,🍝 Pantry,0.79,,,,,
3959,Pot Noodle Bombay Bad Boy King 114 g 114G,🍝 Pantry,1.6,,,,,
3960,Nissin Classic Wok Style Soba 109g,🍝 Pantry,1.4,,,,,
3961,Nissin Chilli Wok Style Soba 111g,🍝 Pantry,1.4,,,,,
3962,Cup Noodles Soba Wok Style Classic 90g,🍝 Pantry,1.58,,,,,
3963,Cup Noodles Soba Wok Style Yakitori Chicken 89g,🍝 Pantry,1.58,,,,,
3964,Pot Noodle Beef & Tomato King 114 g 114G,🍝 Pantry,1.6,,,,,
3965,Pot Noodle Chicken & Mushroom King 114 g 114G,🍝 Pantry,1.6,,,,,
3966,Pot Noodle Original Curry King 114 g 114G,🍝 Pantry,1.6,,,,,
3967,Pot Noodle Sticky Rib King 114 g 114G,🍝 Pantry,1.6,,,,,
3968,Batchelors Super Noodles Chicken Flavour 90g,🍝 Pantry,1.3,,,,,
3969,Batchelors Super Noodles BBQ Beef Flavour 90g,🍝 Pantry,1.3,,,,,
3970,Batchelors Super Noodles Curry Flavour 75g,🍝 Pantry,1.4,,,,,
3971,Batchelors Big Super Noodles Chicken Flavour 100g,🍝 Pantry,1.85,,,,,
3972,Batchelors Cheesy Pasta 'n' Sauce 200g,🍝 Pantry,2.1,,,,,
3973,Batchelors Pasta 'n' Sauce Carbonara 200g,🍝 Pantry,2.1,,,,,
3974,Wagamama Katsu Rice 98g,🍝 Pantry,1.95,,,,,
3975,Wagamama Teriyaki Noodles 74g,🍝 Pantry,1.95,,,,,
3976,Itsu Noodles & Broth Chicken Ramen 64g 64EACH,🍝 Pantry,1.6,,,,,
3977,Itsu Noodles & Broth Spicy Chicken 64g 64EACH,🍝 Pantry,1.58,,,,,
3978,Dolmio Classics Rigatoni Bolognese 250g,🍝 Pantry,3.2,,,,,
3979,Dolmio Classics Meatballs Fusilli 250g,🍝 Pantry,3.2,,,,,
3980,Ben's Original Street Food Chow Mein Style 250g,🍝 Pantry,3.2,,,,,
3981,Ben's Original Street Food Japanese Teriyaki Style 250g,🍝 Pantry,3.2,,,,,
3982,MAGGI 3 Minute Instant Noodles Chicken Flavour 4 x 59g 4X59.2G,🍝 Pantry,2.65,,,,,
3983,itsu Noodles & Broth Satay Style 66g 66EACH,🍝 Pantry,1.58,,,,,
3984,Kallo Organic Very Low Salt Vegetable Stock Cubes 6 x 10g 60G,🍝 Pantry,1.49,,,,,
3985,Maldon Himalayan Pink Salt 250g,🍝 Pantry,2.65,,,,,
3986,Colman's Classic Comforts Cheddar Cheese Sauce Mix 40 g 40G,🍝 Pantry,1.3,,,,,
3987,Colman's Midweek Meals Chilli Con Carne Recipe Mix 50 g 50G,🍝 Pantry,1.3,,,,,
3988,Colman's Classic Comforts Beef Casserole Recipe Mix 40 g 40G,🍝 Pantry,1.3,,,,,
3989,Colman's Classic Comforts Meal Maker Chicken Casserole 40 g 40G,🍝 Pantry,1.3,,,,,
3990,Colman's Midweek Meals Parsley Sauce Mix 20 g 20G,🍝 Pantry,1.3,,,,,
3991,Co-op Sage and Onion Stuffing Mix 170G,🍝 Pantry,0.79,,,,,
3992,Co-op A Pinch of Table Salt 750g,🍝 Pantry,0.99,,,,,
3993,Co-op Cook's Kitchen Cornflour 250g,🍝 Pantry,1.45,,,,,
3994,Co Op Sea Salt Mill 110g,🍝 Pantry,3.69,,,,,
3995,Oxo 12 Beef 71g,🍝 Pantry,3,,,,,
3996,Paxo Sage & Onion Stuffing Mix 170g,🍝 Pantry,2.9,,,,,
3997,Bisto The Original Gravy Powder 200g,🍝 Pantry,3.35,,,,,
3998,Maldon Sea Salt Flakes 250g,🍝 Pantry,2.75,,,3,,
3999,Bisto Gravy Granules 190g,🍝 Pantry,3.6,,,,,
4000,Bisto Reduced Salt Gravy Granules 190g,🍝 Pantry,3.6,,,,,
4001,Bisto for Chicken Gravy Granules 190g,🍝 Pantry,3.6,,,,,
4002,Bisto Onion Gravy Granules 190g,🍝 Pantry,3.6,,,,,
4003,BISTO Best Beef Gravy 230g,🍝 Pantry,4.95,,,,,
4004,BISTO Best Chicken Gravy 230g,🍝 Pantry,4.95,,,,,
4005,Bisto Gravy Granules 300g,🍝 Pantry,4.75,,,,,
4006,Bovril  Paste Beef & Yeast Extract 250 g 250G,🍝 Pantry,5.75,,,,,
4007,Bisto for Chicken Gravy Granules 300g,🍝 Pantry,4.75,,,,,
4009,Schwartz Chilli Con Carne 41g,🍝 Pantry,1.3,,,,,
4010,Schwartz Shepherds Pie Recipe Mix 38g,🍝 Pantry,1.3,,,,,
4011,Schwartz Spaghetti Bolognese 40g,🍝 Pantry,1.3,,,,,
4012,Schwartz Spaghetti Carbonara 32g,🍝 Pantry,1.3,,,,,
4013,Schwartz Beef Casserole 38g,🍝 Pantry,1.3,,,,,
4014,Schwartz Sausage Casserole 35g,🍝 Pantry,1.3,,,,,
4015,Schwartz Creamy Pepper Sauce 170g,🍝 Pantry,3.15,,,,,
4016,Kallo Organic Chicken Stock Cubes 8 x 11g 88G,🍝 Pantry,2.05,,,,,
4017,Kallo Organic Vegetable Stock Cubes 8 x 11g 88G,🍝 Pantry,2.05,,,,,
4018,Knorr Beef Stock Pots 8x 28 g 224G,🍝 Pantry,3.4,,,,,
4019,Paxo Sage & Onion Stuffing Mix 2 x 170g (340g),🍝 Pantry,3.95,,,,,
4020,Knorr Red Wine Stock Pots 4x 26 g 4X26G,🍝 Pantry,2.1,,,,,
4021,Knorr  Stock Pots Lamb 4x 28 g 112G,🍝 Pantry,2.1,,,,,
4022,Co-op British Cooking Salt 1.5kg,🍝 Pantry,2.39,,,,,
4023,Maggi BBQ 41g,🍝 Pantry,1.2,,,,,
4024,Colman's Classic Comforts Sausage Casserole Meal Maker 39 g 39G,🍝 Pantry,1.3,,,,,
4025,Colman's Midweek Meals Tuna Pasta Bake Recipe Mix 44 g 44G,🍝 Pantry,1.3,,,,,
4026,Colman's Midweek Meals Spaghetti Bolognese Recipe Mix 44 g 44G,🍝 Pantry,1.3,,,,,
4027,Knorr Chicken Stock Pots 8x 28 g 224G,🍝 Pantry,3.4,,,,,
4028,Nando's Bag & Bake Medium 20g,🍝 Pantry,1.8,,,,,
4029,Knorr Chicken Stock Pots 4x 28 g 4X28G,🍝 Pantry,2.1,,,,,
4030,Knorr Stock Pot Vegetable 4x 28 g 4X28G,🍝 Pantry,2.1,,,,,
4031,Co-op Cook's Kitchen Golden Breadcrumbs 175g,🍝 Pantry,1.2,,,,,
4032,Colman's Classic Comforts Shepherd's Pie Recipe Mix 50 g 50G,🍝 Pantry,1.3,,,,,
4033,Very Lazy Chopped Garlic 200g,🍝 Pantry,2.4,,,,,
4034,Very Lazy Garlic Paste 75g,🍝 Pantry,1.99,,,,,
4035,Oxo 12 Chicken 71g,🍝 Pantry,3,,,,,
4037,Oxo 12 Vegetable 71g,🍝 Pantry,3,,,,,
4038,Co-op Cook's Kitchen Gravy Granules for Chicken 170g,🍝 Pantry,1.19,,,,,
4039,Co-op Cook's Kitchen Gravy Granules 170g,🍝 Pantry,1.19,,,,,
4040,Kallo Organic Very Low Salt Chicken Stock Cubes 6 x 8g 48G,🍝 Pantry,1.49,,,,,
4041,Table Salt Saldomar 250g,🍝 Pantry,1.05,,,,,
4042,Saldomar Sea Salt 1KG,🍝 Pantry,1.45,,,,,
4043,Erin Gravy Rich Original Gravy Mix 158g,🍝 Pantry,2.6,,,,,
4044,McDonnells The Original Curry Sauce 250g,🍝 Pantry,3.75,,,,,
4045,Chef Brown Sauce 385g,🍝 Pantry,2,,,,,
4046,Co-op Paprika 46g,🍝 Pantry,1.45,,,,,
4047,Schwartz Paprika & Onion Chicken Seasoning 50g,🍝 Pantry,2.55,,,,,
4048,Schwartz Pepper & Garlic Chargrilled Chicken Seasoning 51g,🍝 Pantry,2.55,,,,,
4049,Schwartz Herbes De Provence 11g,🍝 Pantry,2.55,,,,,
4050,Schwartz Tarragon 5g,🍝 Pantry,2.55,,,,,
4051,Co-op A Pinch of Garlic Granules 60g,🍝 Pantry,1.45,,,,,
4052,Schwartz Cumin Seeds 35g,🍝 Pantry,2.55,,,,,
4053,Schwartz Cajun Seasoning 44g,🍝 Pantry,2.55,,,,,
4054,Knorr Aromat Original All Purpose Savoury Seasoning 90g,🍝 Pantry,2.4,,,,,
4055,Co-op A Pinch of Ground White Pepper 25g,🍝 Pantry,1.65,,,,,
4056,Co-op a Pinch of Ground Black Pepper 25g,🍝 Pantry,1.65,,,,,
4057,Schwartz Garlic Salt 73g,🍝 Pantry,2.55,,,,,
4058,Schwartz Ginger Ground 26g,🍝 Pantry,2.55,,,,,
4059,Schwartz Ground Nutmeg 32g,🍝 Pantry,2.55,,,,,
4060,Schwartz Onion Salt 65g,🍝 Pantry,2.55,,,,,
4061,Schwartz Paprika Hot 34g,🍝 Pantry,2.55,,,,,
4062,Schwartz Parsley Flat Leaf 3g,🍝 Pantry,2.55,,,,,
4063,Schwartz Cayenne Chilli Pepper 26g,🍝 Pantry,2.55,,,,,
4064,Schwartz Chives 1g,🍝 Pantry,2.55,,,,,
4065,Schwartz Cinnamon Sticks 13g,🍝 Pantry,2.55,,,,,
4066,Schwartz Garam Masala 30g,🍝 Pantry,2.55,,,,,
4067,Schwartz Medium Curry Powder 90g,🍝 Pantry,2.39,,,,,
4068,Schwartz Bay Leaves 3g,🍝 Pantry,2.55,,,,,
4069,Schwartz Oregano 7g,🍝 Pantry,2.55,,,,,
4070,Schwartz Paprika Smoked 40g,🍝 Pantry,2.55,,,,,
4071,Schwartz Ground Cinnamon 39g,🍝 Pantry,2.55,,,,,
4072,Schwartz Cumin Ground 37g,🍝 Pantry,2.55,,,,,
4073,Schwartz Garlic Granules 50g,🍝 Pantry,2.55,,,,,
4074,Schwartz Mixed Herbs 11g,🍝 Pantry,2.55,,,,,
4075,Schwartz Turmeric Ground 37g,🍝 Pantry,2.55,,,,,
4076,Schwartz Paprika 40g,🍝 Pantry,2.55,,,,,
4077,Co-op Dried Mixed Herbs 14g,🍝 Pantry,1.45,,,,,
4078,Co-op Thyme 17g,🍝 Pantry,1.45,,,,,
4079,Co-op Parsley 8g,🍝 Pantry,1.45,,,,,
4080,Schwartz Garlic Pepper 45g,🍝 Pantry,2.55,,,,,
4081,Schwartz Classic BBQ Seasoning 44g,🍝 Pantry,2.55,,,,,
4082,Schwartz Pepper & Garlic Steak Seasoning 46g,🍝 Pantry,2.55,,,,,
4083,Schwartz Dill 10g,🍝 Pantry,2.55,,,,,
4084,Schwartz Sage 10g,🍝 Pantry,2.55,,,,,
4085,Schwartz Hot Chilli Powder 38g,🍝 Pantry,2.55,,,,,
4086,Co-op A Pinch of Dried Oregano 10g,🍝 Pantry,1.45,,,,,
4087,Co-op A Pinch of Black Peppercorn Mill 50g,🍝 Pantry,3.69,,,,,
4088,Co-op A Pinch of Whole Black Peppercorns 100g,🍝 Pantry,2.65,,,,,
4089,Very Lazy Chopped Ginger 190g,🍝 Pantry,2.4,,,,,
4090,Schwartz Basil 10g,🍝 Pantry,2.55,,,,,
4091,Schwartz Coriander Leaf 7g,🍝 Pantry,2.55,,,,,
4092,Schwartz Italian Herb Seasoning 11g,🍝 Pantry,2.55,,,,,
7073,BrewDog Spicy Wings Seasoning,🍝 Pantry,,,,1.15,,
4093,Schwartz Rosemary 18g,🍝 Pantry,2.55,,,,,
4094,Schwartz Thyme 11g,🍝 Pantry,2.55,,,,,
4095,Schwartz Crushed Chilli 29g,🍝 Pantry,2.55,,,,,
4096,Schwartz Ground Coriander 24g,🍝 Pantry,2.55,,,,,
4097,Canderel 100 Tablets 8.5g 100S,🍝 Pantry,1.69,,,1.8,,
4098,Tate & Lyle Fairtrade Cane Sugar White Cubes 500g,🍝 Pantry,1.89,,,,,
4099,Tate & Lyle Pure Cane Granulated Sugar 2kg,🍝 Pantry,2.59,,,,,
4100,Tate & Lyle Sweetener 300 Tablets 15g 300G,🍝 Pantry,2.1,,,,,
4101,Tate & Lyle Fairtrade Light Muscovado 500g,🍝 Pantry,2.75,,,,,
4102,Tate & Lyle Fairtrade Dark Brown Soft Pure Cane Sugar 500g,🍝 Pantry,1.79,,,,,
4103,Tate & Lyle Fairtrade Pure Cane Granulated Sugar 1kg,🍝 Pantry,1.35,,,,,
4104,Tate & Lyle Fairtrade Pure Cane Caster Sugar 1kg,🍝 Pantry,2.1,,,,,
4105,Tate & Lyle Fairtrade Pure Cane Granulated Sugar 500g,🍝 Pantry,1,,,,,
4106,Tate & Lyle Fairtrade Cane Icing Sugar 1kg,🍝 Pantry,2.75,,,2.03,,
4107,Tate & Lyle Fairtrade Unrefined Demerara Pure Cane Sugar 1kg,🍝 Pantry,2.89,,,,,
4108,Tate & Lyle Fairtrade Golden Caster Pure Cane Sugar 1kg,🍝 Pantry,2.6,2.35,,,,
4109,Tate & Lyle Fairtrade Light Brown Soft Pure Cane Sugar 500g,🍝 Pantry,1.79,,,,,
4110,Hermesetas Mini Sweeteners 300 Tablets 3.6g 300S,🍝 Pantry,2.25,,,,,
4111,Co-op On the Side Tartare Sauce 170g,🍝 Pantry,1.3,,,,,
4112,Co-op Antipasti Pitted Green Hojiblanca Olives in Brine 330g,🍝 Pantry,1.49,,,,,
4113,Lea and Perrins Worcester Sauce 150ml,🍝 Pantry,2.95,,,,,
4114,Hellmann's Real Squeezy Mayonnaise 750ml,🍝 Pantry,4.4,,,,,
4115,Olivio 500ml,🍝 Pantry,3.5,,,,,
4116,Colman's  Mustard Original English Mustard 170 g 170G,🍝 Pantry,2.7,,,,,
4117,Aspall Raw Organic Apple Cyder Vinegar 500ml,🍝 Pantry,3.65,,,,,
4118,Nando's Peri-Salt 70g,🍝 Pantry,2.45,,,,,
4119,Filippo Berio Special Selection Extra Virgin Olive Oil 500ml,🍝 Pantry,5.75,,,,,
4120,Filippo Berio Extra Virgin Olive Oil 250ml,🍝 Pantry,5.25,,,,,
4121,Garner's Original Pickled Onions 454g,🍝 Pantry,4.15,,,,,
4122,Co-op Brown Sauce 470g,🍝 Pantry,1.5,,,,,
4123,Co-op Antipasti Pimento Stuffed Hojiblanca Olives in Brine 340g,🍝 Pantry,1.59,,,,,
4124,Co-op Classic Dijon Mustard 185g 180G,🍝 Pantry,1.2,,,,,
4125,Co-op Classic Wholegrain Mustard 180g 185G,🍝 Pantry,1.39,,,,,
4126,Heinz Salad Cream Original 425g,🍝 Pantry,3.99,,,,,
4127,Heinz 30% Less Fat Salad Cream 415g,🍝 Pantry,3.99,,,,,
4128,Heinz Salad Cream Original 605g 570ML,🍝 Pantry,3.95,,,,,
4129,Heinz Tomato Ketchup Zero Added Sugar & Salt 400ml,🍝 Pantry,3.95,,,,,
4130,Co-op Pickled Gherkins in Sweet Vinegar 680g,🍝 Pantry,2.25,,,,,
4131,Hellmann's Light Mayonnaise Condiment 430 ml 430ML,🍝 Pantry,3.15,,,,,
4132,Co-op Classic Cranberry Sauce 200g,🍝 Pantry,1.7,,,,,
4133,Co Op Artichokes 280g,🍝 Pantry,2.89,,,,,
4134,Uni-Eagle Sriracha Mayo Sauce 430ml,🍝 Pantry,3.29,,,,,
4135,Frank's RedHot Buffalo Wings Sauce 155g 148ML,🍝 Pantry,2.59,,,,,
4136,Co-op Toasted Sesame Oil 250ml,🍝 Pantry,3.69,,,,,
4137,Co-op Pitted Black Hojiblanca Olives in Brine 330g,🍝 Pantry,1.49,,,,,
4138,Co-op On The Side Real Mayonnaise 500ml,🍝 Pantry,1.9,,,,,
4139,Co Op Sundried Tomatoes in Oil 280g,🍝 Pantry,3.35,,,,,
4140,Co-op Pickled Silverskin Onions in Vinegar 440g,🍝 Pantry,1.5,,,,,
4141,Co-op Pickled Onions in Vinegar 440g,🍝 Pantry,1.5,,,,,
4142,Co-op Light in Colour Olive Oil 500ml,🍝 Pantry,6.6,,,,,
4144,Co-op Balsamic Vinegar of Modena 250ml,🍝 Pantry,2.19,,,,,
4145,Co Op Glaze with Balsamic Vinegar of Modena 250ml,🍝 Pantry,2.75,,,,,
4146,Co-op Irresistible Caramelised Red Onion Chutney 330g,🍝 Pantry,2.85,,,,,
4147,Co-op Extra Virgin Olive Oil 1l 1LTR,🍝 Pantry,9.3,,,,,
4148,Co-op Organic 100% Virgin Coconut Oil 300ml,🍝 Pantry,4.9,,,,,
4149,Co-op Tomato Ketchup 550g,🍝 Pantry,1.3,,,,,
4150,Hellmann's Real J Mayonnaise 400g,🍝 Pantry,3.3,,,3.1,,
4151,Filippo Berio Classic Olive Oil 500ml,🍝 Pantry,9.65,,,,,
4152,Hellmann's Light Mayonnaise 400g,🍝 Pantry,3.3,,,3.1,,
4153,Filippo Berio Mild & Light in Colour Olive Oil 500ml,🍝 Pantry,9.65,,,,,
4154,Filippo Berio Extra Virgin Olive Oil 750ml,🍝 Pantry,12.9,,,,,
4155,Blue Dragon Original Sweet Chilli Sauce 315g,🍝 Pantry,2.95,,,,,
4156,Blue Dragon Reduced Sugar Sweet Chilli Sauce 295g,🍝 Pantry,2.95,,,,,
4157,Levi Roots Reggae Reggae Jerk BBQ Marinade & Sauce Orginal 290g,🍝 Pantry,1.85,,,,,
4158,Heinz Tomato Ketchup 460g,🍝 Pantry,3.95,,,3,,
4159,Heinz Tomato Ketchup 700g,🍝 Pantry,3.95,,,3.5,,
4160,Heinz Tomato Ketchup 50% Less Salt & Sugar 400ml 435G,🍝 Pantry,3.95,,,,,
4161,Heinz Classic Barbecue Sauce 480g,🍝 Pantry,4.15,,,,,
4162,Encona West Indian Original Hot Pepper Sauce 285ml,🍝 Pantry,2.45,,,,,
4163,Encona Thai Sweet Chilli Sauce 285ml,🍝 Pantry,2.45,,,,,
4164,Baxters Baby Beetroot 340g,🍝 Pantry,2.29,,,,,
4165,Baxters Crinkled Beetroot 340g,🍝 Pantry,2.69,,,,,
4166,Mrs Elswood Burger Gherkins 670g,🍝 Pantry,2.9,,,,,
4167,Co-op Extra Virgin Olive Oil 500ml,🍝 Pantry,6.6,,,,,
4168,Hellmann's Light Squeezy Mayonnaise 750ml,🍝 Pantry,4.4,,,,,
4169,Napolina Extra Virgin Olive Oil 500ml,🍝 Pantry,6.6,,,,,
4170,Maille  Sauce Hollandaise 185 g 185G,🍝 Pantry,2.7,,,,,
4171,Colman's Original Squeezy Mustard English 150g,🍝 Pantry,2.65,,,,,
4172,Crisp 'n Dry Rapeseed Oil 1 Litre 1LTR,🍝 Pantry,3.4,,,,,
4173,Olivio A Blend of Vegetable Oil with 15% Pure Olive Oil 1L 8X1LTR,🍝 Pantry,5.65,,,,,
4174,Tabasco Pepper Sauce 57ml,🍝 Pantry,2.99,,,,,
4175,Uni-Eagle Sriracha Hot Chilli Sauce 430ml,🍝 Pantry,3.29,,,,,
4176,Crisp 'n Dry Rapeseed Oil 2 Litres 2LTR,🍝 Pantry,6.65,,,,,
4177,Ocean Spray Whole Cranberry Sauce 200g,🍝 Pantry,2.1,,,,,
4178,French's Classic Yellow Mustard 218ml 226G,🍝 Pantry,2.89,,,,,
4179,Frank's Red Hot Original Cayenne Pepper Sauce 160g 148ML,🍝 Pantry,2.59,,,,,
4180,Hellmann's Real Mayonnaise 250ml,🍝 Pantry,3.45,,,,,
4181,Sarson's Malt Vinegar 250ml,🍝 Pantry,1.6,,,,,
4182,Colman's  Sauce Seafood 155 ml 155G,🍝 Pantry,2.2,,,,,
4183,Sarson's Distilled Malt Vinegar 568ml,🍝 Pantry,2.2,,,1.9,,
4184,Colman's  Sauce Apple 155 ml 155G,🍝 Pantry,2.2,,,,,
4185,Branston Piccalilli 360g,🍝 Pantry,2.89,,,,,
4186,Colman's  Sauce Tartare 144 g 144G,🍝 Pantry,2.2,,,,,
4187,Branston Original Pickle 520g,🍝 Pantry,2.95,,,,,
4188,Colman's  Sauce Mint 165 g 165G,🍝 Pantry,2.2,,,,,
4189,Branston Small Chunk Pickle 360g,🍝 Pantry,2.49,,,2.4,,
4190,Colman's  Sauce Horseradish 136 g 136G,🍝 Pantry,2.2,,,,,
4191,Cooks&Co Duck Fat 200g,🍝 Pantry,3.25,,,,,
4192,Nando's Medium Peri-Peri Sauce 125g,🍝 Pantry,2.8,,,,,
4193,Nando's Mild Peri-Peri Mayo 265g,🍝 Pantry,3.15,,,,,
4194,Nando's Perinaise Peri-Peri Mayo Hot 265g,🍝 Pantry,3.15,,,,,
4195,Nando's Sweet Chilli Jam Medium 285g 265G,🍝 Pantry,3.5,,,,,
4196,Hellmann's Real Caesar Salad Dressing & Dip 250ml,🍝 Pantry,2.25,,,,,
4197,Hellmann's Real Thousand Island Salad Dressing & Dip 250ml,🍝 Pantry,2.25,,,,,
4198,Hellmann's Chilli Charger Mayo 250 ml 250ML,🍝 Pantry,3.45,,,,,
4199,Hellmann's Real Squeezy Mayonnaise 430ml,🍝 Pantry,3.15,,,3,,
4200,Pizza Express House Light Dressing 235ml,🍝 Pantry,3.4,,,,,
4201,Napolina Olive Oil 500ml,🍝 Pantry,6.6,,,,,
4202,Co-op Pickled Cornichons in Sweet Vinegar 340g,🍝 Pantry,1.5,,,,,
4203,Co-op Pickled Sliced Beetroot 340g,🍝 Pantry,1.3,,,,,
4204,HP Brown Sauce 450g,🍝 Pantry,3.75,,,3.5,,
4205,HP Brown Sauce 600g,🍝 Pantry,3.94,,,,,
4206,Co-op Vegetable Oil 1 Litre 1LTR,🍝 Pantry,2.55,,,,,
4207,Co-op Sunflower Oil 1 Litre 1LTR,🍝 Pantry,2.55,,,,,
4208,Co-op Irresistible Rapeseed Oil 500ml,🍝 Pantry,4.85,,,,,
4209,Co-op On the Side Hot Horseradish Sauce 175g,🍝 Pantry,1.3,,,,,
4210,Aspall White Wine Vinegar 350ml,🍝 Pantry,2.45,,,,,
4211,Aspall Red Wine Vinegar 350ml,🍝 Pantry,2.45,,,,,
4212,Aspall Apple Cyder Vinegar 350ml,🍝 Pantry,2.45,,,,,
4213,Co-op Pickled Sweet Red Cabbage in Vinegar 335g,🍝 Pantry,1.4,,,,,
4214,Cholula Hot Sauce Chipotle 150ml,🍝 Pantry,2.95,,,,,
4215,Nando's Limited Edition Peri-Peri Saka 500g,🍝 Pantry,5.25,,,,,
4216,Nando's Perinaise Peri-Peri Mayo Mild 465g,🍝 Pantry,3.99,,,,,
4217,Cholula Original Hot Sauce 150ml,🍝 Pantry,2.95,,,,,
4218,Filippo Berio Classico 250ml,🍝 Pantry,5.3,,,,,
4219,Hellmann's Chunky Burger Sauce 250ml 258G,🍝 Pantry,3.45,,,,,
4220,Nutella B-Ready 6 Ferrero 132g,🍝 Pantry,2.89,,,,,
4221,Jacob's TUC Original Snack Crackers 150g,🍝 Pantry,2.05,,,,,
4222,McVitie's 18 Jaffa Cakes The Original Twin Pack 18S,🍝 Pantry,2.69,,,,,
4223,McVitie's Digestive Milk Chocolate 266g,🍝 Pantry,2.89,,,,,
4224,McVitie's Club Orange Bars 7 x 22g (154g) 7PACK,🍝 Pantry,2.1,,,,,
4225,McVitie's Club Mint Bars 7 x 22g (154g) 7PACK,🍝 Pantry,2.1,,,,,
4226,Jacob's Mature Cheddar & Caramelised Onion Flavour Bites 125g,🍝 Pantry,2.39,,,,,
4227,Cadbury Timeout Roundie Milk Chocolate Wafer Biscuits Multi-pack (5 x 30g bars) 150 g 150G,🍝 Pantry,2.39,,,,,
4228,Flipz Pretzels Salted Caramel Flavour Snacks 90g,🍝 Pantry,2.1,,,,,
4229,Jacob's Baked Cheddars Cheese Crackers 150g,🍝 Pantry,2.05,,,,,
4230,Maryland S'wich Choc Creme 150g,🍝 Pantry,1.05,,,,,
4231,Ryvita Thins Sea Salt & Cider Vinegar Flavour 125g 6X125G,🍝 Pantry,2.69,,,,,
4232,Twix Caramel Chocolate Biscuit Bars Multipack 9 x 20 g 9PK,🍝 Pantry,2.35,,,,,
4233,McVitie's Digestives 5 Milk Chocolate Minis Snack Packs 95g 5PACK,🍝 Pantry,1.85,,,,,
4234,Snack a Jacks Jumbo Caramel Sharing Rice Cake Crisps 159g,🍝 Pantry,2.09,,,,,
4235,Carr's Original Table Water 125g,🍝 Pantry,2.2,,,,,
4236,McVitie's Rich Tea 300g,🍝 Pantry,2.25,,,,,
4237,Kallo Lightly Salted Corn Cakes 130g,🍝 Pantry,1.85,,,,,
4238,Tunnock's Milk Chocolate Tea Cakes 6 x 24g 6X24G,🍝 Pantry,1.6,,,,,
4239,Jacob's Tuc Cheese Sandwich 150g,🍝 Pantry,1.3,,,,,
4240,TUNNOCK'S Caramel Wafer Biscuits 8 x 30g 8X30G,🍝 Pantry,2.65,,,,,
4241,Flipz Milk Chocolate Coated Pretzels 90g,🍝 Pantry,2.1,,,,,
4242,McVitie's Hobnobs The Oaty One 255g,🍝 Pantry,2.29,,,,,
4243,Go Ahead Fruit Slices Apple 174g 4PACK,🍝 Pantry,2.15,,,,,
4244,Go Ahead Fruit Slices Forest Fruit 174g 132G,🍝 Pantry,2.49,,,,,
4245,McVitie's 6 The Original Jaffa Cakes 6X3PACK,🍝 Pantry,2.95,,,,,
4246,McVitie's 30 The Original Jaffa Cakes PACK,🍝 Pantry,2.89,,,,,
4247,McVitie's 12 Jaffa Cakes The Original 12S,🍝 Pantry,1.3,,,,,
4248,McVitie's Fruit Shortcake Biscuits 200g,🍝 Pantry,1.79,,,,,
4249,McVitie's Ginger Nuts Biscuits 250g,🍝 Pantry,2.09,,,1.7,,
4250,McVitie's the Oaty One Hobnobs Milk Chocolate 431g,🍝 Pantry,3.85,,,,,
4251,McVitie's Dark Chocolate Digestive Biscuits 266g,🍝 Pantry,2.89,,,2.35,,
4252,Jacob's The Selection 8 Varieties 300g,🍝 Pantry,4.59,,,,,
4253,McVitie's Milk Chocolate Digestive Biscuits 433g,🍝 Pantry,3.85,,,,,
4254,McVitie's Digestives Dark Chocolate 433g,🍝 Pantry,3.85,,,,,
4255,McVitie's Penguin Original Bars 7 x 24.6g (172.2g) 7PACK,🍝 Pantry,1.3,,,,,
4256,Ryvita Original Crackerbread 125g,🍝 Pantry,1.85,,,,,
4257,Ryvita Original Crispbread 250g,🍝 Pantry,1.85,,,,,
4258,RYVITA Dark Rye Crispbread 250g,🍝 Pantry,1.85,,,,,
4259,Nairn's Cheese Oatcakes 200g,🍝 Pantry,1.85,,,1.85,,
4260,Nairn's Fine Milled Oatcakes 218g,🍝 Pantry,1.2,,,,,
4261,Jammie Dodgers Raspberry Flavour 140g,🍝 Pantry,1.4,,,,,
4262,Cadbury Dairy Milk Fingers Milk Chocolate Biscuits Tray 114 g 114G,🍝 Pantry,2.3,,,,,
4263,Maryland Double Choc 200g,🍝 Pantry,2,,,,,
4264,Maryland Choc Chip 200g,🍝 Pantry,2,,,,,
4265,Maryland 6 Minis Choc Chip 118.8g 119G,🍝 Pantry,1.79,,,,,
4266,Fox's Milk Chocolate Viennese 120g,🍝 Pantry,2.75,,,,,
4267,Fox's Minis Party Rings 6 x 21g 6X21G,🍝 Pantry,1.89,,,,,
4268,Fox's Chocolatey Milk Chocolate Viennese Dipped Fingers 105g,🍝 Pantry,2.69,,,,,
4269,KitKat 2 Finger Original Bars 12 x 20.7g (248.4g),🍝 Pantry,3.19,,,,,
4270,Fox's Fabulous Milk Chocolate Cookies 180g,🍝 Pantry,2.8,,,,,
4271,Fox's Fabulous Half-Coated Milk Chocolate Cookies 175g,🍝 Pantry,2.8,,,,,
4272,Fox's Favourites Crunch Creams Golden 200g,🍝 Pantry,1.85,,,,,
4273,Lotus Biscoff Biscoff Cream 150g,🍝 Pantry,1.95,,,,,
4274,Lotus Biscoff 250g,🍝 Pantry,1.85,,,,,
4275,Wagon Wheels 6 Jammie 6PK,🍝 Pantry,1.59,,,,,
4276,Ritz Original Crackers Box 150 g 150G,🍝 Pantry,1.05,,,,,
4277,Barny 5 pack Chocolate Soft Baked Bears 125g (5 X 25g),🍝 Pantry,1.05,,,,,
4278,LU Le Petit Beurre Butter & Salt Biscuits Tray 167 g 167G,🍝 Pantry,2.75,,,,,
4279,Belvita Milk & Cereal Biscuit Snack Bars Multipack 125g (5 x 45g) 225G,🍝 Pantry,2.45,,,,,
4280,Belvita Honey & Nut with Chocolate Chips Cereal Snack Bars Multipack 225g (5 x 45g),🍝 Pantry,2.45,,,,,
4281,Belvita Soft Bakes Chocolate Chip Cereal Snack Bars Multipack 250g (5 x 50g),🍝 Pantry,3.25,,,,,
4282,OREO Double Creme Cocoa Sandwich Cookies 11 cookies 154 g 157G,🍝 Pantry,1.7,,,,,
4283,OREO Original Vanilla Sandwich Cookies 14 cookies 154 g 154G,🍝 Pantry,1.7,,,,,
4284,Nutella 12 Biscuits 166g 173G,🍝 Pantry,2.1,,,,,
4285,Carr's Melts Cheese 150g,🍝 Pantry,1.3,,,,,
4286,McVitie's Digestives Seriously Chocolatey 250g,🍝 Pantry,2.89,,,,,
4287,McVitie's Signature Cocoa Truffle Gold Rounds 109g 15X109G,🍝 Pantry,2.69,,,,,
4288,Co-op Bourbon Creams 300g,🍝 Pantry,1.05,,,,,
4289,Co-op a Cracking Rosemary Cracker 185g,🍝 Pantry,1.2,,,,,
4290,Co-op Rich Tea 300g,🍝 Pantry,0.99,,,,,
4291,Co-op 20 Shortbread Fingers 380g,🍝 Pantry,1.55,,,,,
4292,Co-op Delightfully Dunkable Custard Creams 300g,🍝 Pantry,0.89,,,,,
4293,Co-op Milk Chocolate Digestives 300g,🍝 Pantry,1.3,,,,,
4294,Co-op Delightfully Dunkable Digestives 400g,🍝 Pantry,0.95,,,,,
4295,Co-op Delightfully Dunkable Ginger Nut 200g,🍝 Pantry,0.79,,,,,
4296,Co-op a Cracking Cream Crackers 300g,🍝 Pantry,0.89,,,,,
4297,Co-op Rice & Tasty Unsalted Rice Cakes 100g,🍝 Pantry,1.2,,,,,
4298,McVitie's Limited Edition Digestive Pink Raspberry & Cream Flavour 232g,🍝 Pantry,1.84,,,,,
4299,Bahlsen 8 Choco Leibniz Milk 111g,🍝 Pantry,2.39,,,,,
4300,Nature Valley Crunchy Oats & Honey 5 x 42g (210g) 5X42G,🍝 Pantry,2.95,,,,,
4301,Nature Valley Crunchy Variety Pack 5 x 42g (210g) 5X42G,🍝 Pantry,2.95,,,,,
4302,Nature Valley Protein Peanut & Chocolate Bars 4 x 40g (160g) 4X40G,🍝 Pantry,2.95,,,,,
4303,Co-op Delightfully Dunkable Chocolate Coated Malted Milk 250g,🍝 Pantry,1.85,,,,,
4304,Pick Up! Original 4 x 28g (112g) 4X28G,🍝 Pantry,1.85,,,,,
4305,Bahlsen Choco Leibniz Dark 111g,🍝 Pantry,2.39,,,,,
4306,Co-op Rice & Easy Milk Chocolate Rice Cakes 100g,🍝 Pantry,1.59,,,,,
4307,Co-op Delightfully Dunkable Nice Biscuits 250g,🍝 Pantry,0.89,,,,,
4308,Co-op Irresistible All Butter Fruity Flapjack Cookies 200g,🍝 Pantry,2.95,,,,,
4309,Co-op Scottish Oatcakes 250g,🍝 Pantry,1.29,,,,,
4310,Jacob's Original Cream Crackers 300g,🍝 Pantry,2.1,,,1.85,,
4311,Co-op Crisp & Buttery Cheese Twists 125g,🍝 Pantry,1.59,,,,,
4312,Co-op Irresistible All Butter Triple Chocolate Cookies 200g,🍝 Pantry,2.95,,,,,
4313,Co-op Sea Salt & Black Pepper Cracker 185g,🍝 Pantry,1.2,,,,,
4314,Co-op a Cracking Sea Salt Cracker 185g,🍝 Pantry,1.2,,,,,
4315,Co-op Delighfully Dunkable Malted Milk 200g,🍝 Pantry,0.85,,,,,
4316,Jacob's Smoked Paprika Flavour Bites 125g,🍝 Pantry,2.39,,,,,
4317,McVitie's 7 Gold Bars 124g 7PACK,🍝 Pantry,1.27,,,,,
4318,McVitie's Digestives Milk Chocolate the Caramel One 250g,🍝 Pantry,1.85,,,,,
4319,Merba Chocolate Chip Cookies 150g,🍝 Pantry,2.25,,,,,
4320,Merba Nougatelli Cookie 175g,🍝 Pantry,2.25,,,,,
4321,McVitie's Hobnob's The Oaty One Dark Chocolate 262g,🍝 Pantry,2.39,,,,,
4322,Tunnock's Dark Chocolate Coated Caramel Wafer Biscuits 8 x 30g 8PACK,🍝 Pantry,2.65,,,,,
4323,Nairn's Rough Oatcakes 291g,🍝 Pantry,1.2,,,1.7,,
4324,KitKat 2 Finger Original (8 x 20.7g) 165.6g 8X20.7G,🍝 Pantry,1.84,,,2.5,,
4325,Kellogg's High Protein Almond and Dark Chocolate 4 x 35g (140g) 4PACK,🍝 Pantry,2.89,,,,,
4326,Mikado Milk Chocolate Biscuits 75g,🍝 Pantry,1.59,,,,,
4327,McVitie's Signature Caramel Chocolate Rounds 109g,🍝 Pantry,2.69,,,,,
4328,McVitie's Signature Chocolate Cream Swirls 142g,🍝 Pantry,2.69,,,,,
4329,Flipz Strawberry Cheesecake Flavour Coated Pretzels 90g,🍝 Pantry,2.1,,,,,
4330,McVitie's Hobnobs Milk Chocolate Biscuits 262g,🍝 Pantry,2.39,,,2.35,,
4331,Nature Valley Crunchy Dipped Milk Chocolate Flavour 8 x 20g (160g) 8X20G,🍝 Pantry,2.85,,,,,
4332,Crosta Mollica Black Olive Grissini Breadsticks 140g,🍝 Pantry,2.49,,,,,
4333,Crosta Mollica Classic Torinesi Breadsticks 120g,🍝 Pantry,1.49,,,,,
4334,"Cadbury Brunch Oats Chocolate Chip Cereal Bars, 4 Pack Multipack 112g (4 x 28g)",🍝 Pantry,1.05,,,,,
4335,"Cadbury Brunch Oats Raisin Chocolate Cereal Bars, 4 Pack Multipack 112g (4 x 28g)",🍝 Pantry,1.7,,,,,
4336,Cadbury Brunch Light Orange Chocolate Cereal Bars 4 Pack Multipack 104g (4 x 26g),🍝 Pantry,1.7,,,,,
4337,Cadbury Timeout 5-pack Milk Chocolate Wafer Biscuit Bars Multipack (5x 18g bars) 90 g 90G,🍝 Pantry,1.9,,,,,
4338,Cadbury Biscuits 125g,🍝 Pantry,2.1,,,,,
4339,Il Buon Pane Grissini Breadsticks 125g,🍝 Pantry,0.75,,,,,
4340,Co-op Delightfully Dunkable Chocky Bars 6 x 19g (114g),🍝 Pantry,1.1,,,,,
4341,Nature Valley Crunchy Canadian Maple Syrup 5 x 42g (210g) 5X42G,🍝 Pantry,2.95,,,,,
4342,Nature Valley Protein Salted Caramel Nut 4 x 40g (160g) 4X40G,🍝 Pantry,2.95,,,,,
4343,Fibre One 90 Calorie Chocolate Fudge Brownies 4 x 24g (96g) 4X24G,🍝 Pantry,1.31,,,,,
4344,KitKat 2 Finger Mocha Flavour 8 x 20.7g (165.6g) 8X20.7G,🍝 Pantry,2.59,,,,,
4345,Blue Riband 6 x 18g (108g),🍝 Pantry,1.4,,,,,
4346,Co-op Irresistible All Butter Salted Caramel & Blonde Chocolate Cookies 200g,🍝 Pantry,2.95,,,,,
4347,Co-op Irresistible All Butter Dark Chocolate & Hazelnut Cookies 200g,🍝 Pantry,2.95,,,,,
4348,Twix White Multipack Chocolate Bar 9 x 20g 180G,🍝 Pantry,2.85,,,,,
4349,Co-op Irresistible All Butter Stem Ginger Cookies 200g,🍝 Pantry,2.95,,,,,
4350,Co-op Irresistible Shortbread Rounds 180G,🍝 Pantry,2.95,,,,,
4351,Kellogg's Rice Krispies 430g,🍝 Pantry,4.9,,,,,
4352,Kellogg's Crunchy Nut Granola Fruit & Nut 380g,🍝 Pantry,4,,,,,
4353,Kellogg's Crunchy Nut Hazelnut & Chocolate Granola 380g,🍝 Pantry,4,,,,,
4354,Kellogg's Bran Flakes 500g,🍝 Pantry,2.6,,,,,
4355,Shredded Wheat 16 Original Biscuits 16S,🍝 Pantry,2.1,,,,,
4356,Quaker Oats High Protein Peanut Butter Porridge Pot 58g 58.2G,🍝 Pantry,1.6,,,,,
4357,Co-op 24 Wholewheat Biscuits 24S,🍝 Pantry,2.25,,,,,
4358,Co Op Porridge Oats 1kg,🍝 Pantry,1.7,,,,,
4359,Surreal Granola Chocolate & Hazelnut 300g,🍝 Pantry,4.15,,,,,
4360,Co-op Corn Flakes 500g,🍝 Pantry,1.65,,,,,
4361,Bio & Me Cocoa & Hazelnut Granola 360g,🍝 Pantry,4.2,,,,,
4362,Quaker Rolled Porridge Oats 1kg,🍝 Pantry,3.4,,,3.2,,
4363,Quaker Oat So Simple Golden Syrup Porridge Sachets 10x36g,🍝 Pantry,4.2,,,,,
4364,Kellogg's Fruit 'n Fibre 500g,🍝 Pantry,3.25,,,,,
4365,Nesquik Choco Crunch 375g,🍝 Pantry,2.63,,,,,
4366,Curiously Cinnamon Crazily Cinnamon 375g,🍝 Pantry,3.9,,,,,
4367,Ambrosia Ready to Eat Golden Syrup Flavour Porridge 210g,🍝 Pantry,1.8,,,,,
4368,Ambrosia Ready to Eat Porridge with Apple & Blueberry Layer 210g,🍝 Pantry,1.8,,,,,
4369,Jordans Raisin & Honey Crunchy Oat Granola 750g,🍝 Pantry,4.3,,,,,
4370,Jordans Super Berry Granola 370g,🍝 Pantry,4.15,,,,,
4371,Jordans Super Nutty Granola 400g,🍝 Pantry,4.15,,,,,
4372,Jordans Strawberries Country Crisp 450g,🍝 Pantry,2.65,,,,,
4374,Up & Go Protein Energize Vanilla Flavour Breakfast Drink 500ml,🍝 Pantry,2.1,,,,,
4375,Co-op Chocolate Hazelnut Pillows 375g,🍝 Pantry,2.3,,,,,
4376,Kellogg's Frosties 470g,🍝 Pantry,3.15,,,,,
4377,Special K The Original 440g,🍝 Pantry,3.15,,,,,
4378,Kellogg's Corn Flakes 450g,🍝 Pantry,3.1,,,,,
4379,Kellogg's 8 Variety Packs 196g 8PACK,🍝 Pantry,2.65,,,,,
4380,Shreddies The Original 460g,🍝 Pantry,2.36,,,,,
4381,Cheerios Honey 370g,🍝 Pantry,2.36,,,,,
4382,Up & Go Protein Energize Chocolate Breakfast Drink 500ml,🍝 Pantry,2.1,,,,,
4383,Mornflake Pixels Chocolate & Hazelnut 750g,🍝 Pantry,4.3,,,,,
4384,Alpen Original Muesli 550g,🍝 Pantry,3.8,,,,,
4385,Alpen No Added Sugar Muesli 550g,🍝 Pantry,3.8,,,,,
4386,Fuel10K Chocolate Chunks Granola 400g,🍝 Pantry,4.2,,,,,
4387,Fuel10K Breakfast Chocolate Flavour Milk Drink 330ml,🍝 Pantry,2,,,,,
4388,Fuel10K Super Berry Granola 400g,🍝 Pantry,4.2,,,,,
4389,Quaker Oats High Protein Chocolate Brownie Porridge Sachets 8x44g,🍝 Pantry,4.15,,,,,
4390,Dorset Muesli Gloriously Nutty 500g,🍝 Pantry,4.2,,,,,
4391,Dorset Muesli Fantastically Fruity 500g,🍝 Pantry,4.2,,,,,
4392,Fuel10K Chocolate Crunch Flakes 350g (10 x 35g),🍝 Pantry,2.63,,,,,
4393,Fuel10K Cocoa Crunchy Hoops 350g (10 x 35g),🍝 Pantry,2.63,,,,,
4394,Fuel10K Chocolate Porridge 210g,🍝 Pantry,1.31,,,,,
4395,Fuel10K Golden Syrup Flavour Porridge 210g,🍝 Pantry,1.31,,,,,
4396,Jordans Protein Boost Granola Chocolate & Hazelnut 400g,🍝 Pantry,4.15,,,,,
4397,Kellogg's Choco Hazelnut Flavour High Protein Bites 400g,🍝 Pantry,3.15,,,,,
4398,Huel Chocolate Fudge Brownie Complete Nutrition Bar 55g,🍝 Pantry,2.65,,,,,
4399,Kellogg's Bluey Multigrain Cereal 350g,🍝 Pantry,3,,,,,
4400,Kellogg's All-Bran Fibre Plus 500g,🍝 Pantry,3.1,,,,,
4401,Lizi's High Protein Chocolate & Peanut Granola 350g,🍝 Pantry,4.2,,,,,
4402,Kellogg's Crunchy Nut Clusters Chocolate 400g,🍝 Pantry,3.15,,,,,
4403,Jordans No Added Sugar Triple Nut Granola 425g,🍝 Pantry,4.15,,,,,
4404,Lion Caramel and Chocolate 400g,🍝 Pantry,2.63,,,,,
4405,Lizi's Low Sugar Nuts & Seeds Granola 400g,🍝 Pantry,2.89,,,4.25,,
4406,Bio&Me Granola Super Seedy & Nutty 360g,🍝 Pantry,4.2,,,,,
4407,Mornflake Mighty Oats Organic Porridge 1kg,🍝 Pantry,3.15,,,,,
4408,Weetabix 12 Biscuits 12S,🍝 Pantry,2.45,,,,,
4409,Ready Brek Smooth Porridge Oats Original 450g,🍝 Pantry,2.8,,,,,
4410,Weetabix Marvel Chocolate Stars 500g,🍝 Pantry,3.95,,,,,
4411,Weetabix Crispy Minis Caramelised Biscuit 500g,🍝 Pantry,2.89,,,,,
4412,ÜFIT Protein Porridge Chocolate 72g 70EACH,🍝 Pantry,1.6,,,,,
4413,ÜFIT Protein Porridge Caramelised Biscuit Flavour 70g 72G,🍝 Pantry,1.6,,,,,
4414,Quaker Oats High Protein Peanut Butter Porridge Sachets 8x43g 8X43.2G,🍝 Pantry,4.2,,,,,
4415,Quaker Oats High Protein Chocolate Brownie Porridge Pot 61g 52.3G,🍝 Pantry,1.45,,,,,
4416,Cheerios Very Berry 435g,🍝 Pantry,2.63,,,,,
4417,Quaker Oat So Simple Golden Syrup Porridge Pot 57g,🍝 Pantry,1.45,,,,,
4418,Quaker Oat So Simple Original Porridge Pot 45g,🍝 Pantry,1.45,,,,,
4419,Quaker Porridge To Go Golden Syrup Breakfast Bars 2x55g,🍝 Pantry,1.85,,,,,
4420,Co-op Irresistible Scottish Jumbo Rolled Oats 750g,🍝 Pantry,2.35,,,,,
4421,Co-op Nutty & Crunchy Fruit & Fibre 500g,🍝 Pantry,2.1,,,,,
4422,Co-op Mixed Fruit Muesli 500g,🍝 Pantry,2.1,,,,,
4423,Co-op Honey Raisin & Almond Granola 500g,🍝 Pantry,3,,,,,
4424,Co-op Bran Flakes 500g,🍝 Pantry,2.1,,,,,
4425,Co-op Mixed Berry Granola 500g,🍝 Pantry,3,,,,,
4426,Co-op Crunchy Triple Chocolate Crisp 500g,🍝 Pantry,2.59,,,,,
4427,Co-op Strawberry Crisp 500g,🍝 Pantry,2.59,,,,,
4428,Special K Red Berries 330g,🍝 Pantry,4.05,,,,,
4429,Kellogg's Crunchy Nut 460g,🍝 Pantry,4.45,,,,,
4430,Weetabix Crispy Minis Chocolate Chip 500g,🍝 Pantry,2.89,,,,,
4431,Fuel10K High Protein Chocolate Porridge 70g,🍝 Pantry,1.6,,,,,
4432,Cookie Crisp 500g,🍝 Pantry,2.63,,,,,
4433,Weetabix 24 Biscuits 24S,🍝 Pantry,4.2,,,3.5,,
4434,Co Op Porridge Oats 500g,🍝 Pantry,1,,,,,
4435,Kellogg's Krave Chocolate Hazelnut Flavour Breakfast Cereal 410g,🍝 Pantry,4.35,,,,,
4436,Coco Pops Chocos 430g,🍝 Pantry,3.15,,,,,
4437,Cheerios Multigrain 390g,🍝 Pantry,2.36,,,,,
4438,Fuel10K Golden Syrup Flavour Porridge 80g,🍝 Pantry,1.05,,,,,
4439,Fuel10K Chocolate Fudge Porridge 80g,🍝 Pantry,1.05,,,,,
4440,Quaker Oat So Simple Original Big Pack Porridge Sachets 12x27g,🍝 Pantry,4.75,,,,,
4441,Kellogg's Special K Crunchy Golden Clusters 360g,🍝 Pantry,4.2,,,,,
4442,KitKat Cereal 330g,🍝 Pantry,3.9,,,,,
4443,Co-op Original Porridge 55g,🍝 Pantry,0.8,,,,,
4444,Co-op Swiss Style Muesli 500g,🍝 Pantry,2.25,,,,,
4445,Co-op Golden Syrup Flavour Porridge 60g,🍝 Pantry,0.8,,,,,
4446,Huel Chocolate Caramel Complete Nutrition Bar 55g,🍝 Pantry,2.65,,,,,
4447,Cadbury Wispa Chocolate Bar 4 Pack Multipack (4x27.75g) 111 g 111.6G,🍝 Pantry,2.9,,,,,
4448,Cadbury Dairy Milk Chocolate Bar 4 Pack Multipack 134 g 134G,🍝 Pantry,2.9,,,,,
4449,Smint 30 Peppermint Cleanbreath 21g,🍝 Pantry,1.2,,,,,
4450,NUTELLA® & Go! Hazelnut Spread with Cocoa + Breadsticks 48g,🍝 Pantry,1.45,,,,,
4451,Kinder Surprise 20g,🍝 Pantry,1.3,,,,,
4452,Fry's Turkish Delight Chocolate Bar 51g,🍝 Pantry,1.2,,,,,
4453,Smarties 38g,🍝 Pantry,1.05,,,,,
4454,Cadbury Dairy Milk Chocolate Buttons Bag 40 g 40G,🍝 Pantry,1.2,,,,,
4455,Cadbury Starbar Milk Chocolate Bar 49 g 49G,🍝 Pantry,1.2,,,,,
4456,Ring Pop 10g 2.88G,🍝 Pantry,0.65,,,,,
4457,Mega Push Pop 30g,🍝 Pantry,1.4,,,,,
4458,Yorkie Original 46g,🍝 Pantry,1.05,,,,,
4459,KitKat 41.5g,🍝 Pantry,1,,,,,
4460,Ferrero Rocher Chocolate Pralines Treat Pack 3 Pieces (37.5g),🍝 Pantry,1.65,,,,,
4461,Kinder Bueno Milk Chocolate and Hazelnuts Single Bar 2 Finger x 21.5g (43g),🍝 Pantry,1.2,,,,,
4462,Kinder Bueno White Milk and Hazelnuts 39g,🍝 Pantry,1.2,,,,,
4463,Ferrero Rocher Chocolate Pralines Gift Box of Chocolate 16 Pieces (200g),🍝 Pantry,7.9,,,,,
4464,Tic Tac Cherry Cola 49g,🍝 Pantry,1.58,,,,,
4465,Lindt Nocciolatte Milk Chocolate Hazelnut Treat Bar 35g,🍝 Pantry,1.16,,,,,
4466,Co-op Natural Flavourings Sour Watermelon Slices 65g,🍝 Pantry,0.85,,,,,
4467,Co-op Teeth and Lips 65g,🍝 Pantry,0.85,,,,,
4468,Cadbury Dairy Milk Marvellous Creations Chocolate Bar with Jelly Popping Candy 47 g 47G,🍝 Pantry,1.2,,,,,
4469,Cadbury Wispa Milk Chocolate Bar 36 g 36G,🍝 Pantry,1.2,,,,,
4470,Little Rolo 103g,🍝 Pantry,1.35,,,,,
4471,Cadbury Dairy Milk Marvellous Creations Jelly Popping Candy Chocolate 56g,🍝 Pantry,1.59,,,,,
4472,Cadbury Dairy Milk Milk Chocolate Bar 45 g 45G,🍝 Pantry,1.2,,,,,
4473,Reese's 2 Peanut Butter Cups 42g,🍝 Pantry,1.19,,,,,
4474,Lindt Lindor Milk Chocolate Treat Bar 38g,🍝 Pantry,1.16,,,,,
4475,Twix Caramel Biscuit Chocolate Bar 50g,🍝 Pantry,1.3,,,,,
4476,Maltesers Milk Chocolate & Honeycomb Snack Bag 37g,🍝 Pantry,1.3,,,,,
4477,Galaxy Milk Chocolate Bar 42g,🍝 Pantry,1.1,,,,,
4478,Maynards Bassetts Sports Mix Candy 130g,🍝 Pantry,1.05,,,,,
4479,Co-op Strawberry Pencils 65g,🍝 Pantry,0.85,,,,,
4480,Kinder Surprise 3 x 20g 60G,🍝 Pantry,3.15,,,,,
4481,Swizzels Squashies Drumstick Sour Cherry & Apple Flavour 120g,🍝 Pantry,1.3,,,,,
4482,Nerds Gummy Clusters Fruit-Flavour Candy 113g,🍝 Pantry,1.58,,,,,
4483,MAOAM Pinballs 140g,🍝 Pantry,1.05,,,,,
4484,HARIBO Zingfest 150g,🍝 Pantry,1.45,,,,,
4485,HARIBO Nostalgix 160g 175G,🍝 Pantry,1.45,,,,,
4486,Polo Original The Mint with The Hole 4 x 34g (136g),🍝 Pantry,1.89,,,,,
4487,Trebor Extra Strong Peppermint Mints Rolls 4 Pack 145g (4 x 36.4g) 146G,🍝 Pantry,1.75,,,,,
4488,Cadbury Twirl Milk Chocolate 3 Pack Multipack 129 g 129G,🍝 Pantry,2.75,,,,,
4489,Cadbury Dairy Milk Caramel Nibbles Chocolate Large Sharing Bag 175 g 175G,🍝 Pantry,4,,,,,
4490,Cadbury Dairy Milk Buttons Chocolate Large Sharing Bag 175 g 175G,🍝 Pantry,4,,,,,
4491,Cadbury Dairy Milk Caramel Chocolate Bar 4 Pack Multipack 148 g 148G,🍝 Pantry,2.9,,,,,
4492,Cadbury Dairy Milk Wholenut Chocolate Bar 120 g 120G,🍝 Pantry,1.58,,,,,
4493,Co-op Irresistible Single Origin Dark Chocolate with Raspberries 100g,🍝 Pantry,2.4,,,,,
4494,Skittles Chewies Fruits Sweets Pouch Bag 137g,🍝 Pantry,1,,,,,
4495,Skittles Fruit Flavoured Sweets Bag 136g,🍝 Pantry,1.19,,,,,
4496,Starburst Vegan Chewy Sweets Fruit Flavoured Pouch Bag 138g,🍝 Pantry,1,,,,,
4497,Skittles Gooeys Fruit Flavoured Sweets Bag 125g,🍝 Pantry,1,,,,,
4498,Werther's Original Butter Candies 135g,🍝 Pantry,1.55,,,,,
4499,M&M's Peanut Chocolate More to Share Pouch Bag 200g,🍝 Pantry,3.79,,,,,
4500,Maltesers Truffles Milk Chocolate Gift Box of Chocolates 200g,🍝 Pantry,7.9,,,,,
4501,Celebrations Milk Chocolate Gift Box 300g,🍝 Pantry,6.3,,,,,
4502,HARIBO Tangfastics Bag 175g,🍝 Pantry,1.45,,,,,
4503,MAOAM 17 Stripes 140g,🍝 Pantry,1.45,,,,,
4504,Cadbury Roses Chocolate Gifting Box 275g,🍝 Pantry,5.25,,,,,
4505,Cadbury Dairy Milk Caramel Nibbles Chocolate bag 100 g 100G,🍝 Pantry,2.6,,,,,
4506,Cadbury Crunchie Rocks Chocolate Bag 100g,🍝 Pantry,2.6,,,,,
4507,Cadbury Dairy Milk Chocolate Orange Buttons Bag 100g,🍝 Pantry,2.6,,,,,
4508,Cadbury Dairy Milk Chocolate Buttons Bag 100g,🍝 Pantry,2.6,,,,,
4509,Cadbury Twirl Bites Chocolate Bag 100g,🍝 Pantry,2.6,,,,,
4510,Cadbury Bitsa Wispa Chocolate Bag 100g,🍝 Pantry,2.6,,,,,
4511,Cadbury Dairy Milk Biscoff Biscuit Chocolate Bar 105 g 105G,🍝 Pantry,1.6,,,,,
4512,Kinder Small Chocolate Bars Multipack 8 x 12.5g (100g),🍝 Pantry,1.59,,,,,
4513,M&M'S Cookie Dough Milk Chocolate Bag 102g,🍝 Pantry,1.58,,,,,
4514,Polo Original 34g,🍝 Pantry,0.9,,,,,
4515,Lotus Biscoff & Go! Biscoff Spread and Breadsticks 8 x 45g,🍝 Pantry,1.3,,,,,
4516,Kinder Small Chocolate Bars Multipack 4 x 12.5g (50g),🍝 Pantry,1.3,,,,,
4517,Tic Tac Two Spearmint Flavour 38.5g,🍝 Pantry,1.8,,,,,
4518,Yorkie Raisin & Biscuit 44g,🍝 Pantry,1.05,,,,,
4519,KitKat Chunky 40g,🍝 Pantry,1.05,,,,,
4520,Reese's Nutrageous 47g,🍝 Pantry,1.2,,,,,
4521,Aero Peppermint 36g,🍝 Pantry,1.05,,,,,
4522,Tic Tac Fresh Mint 49g,🍝 Pantry,1.58,,,,,
4523,M&M's Peanut Chocolate Pouch Bag 112g,🍝 Pantry,2.49,,,,,
4525,Galaxy Milk Chocolate Bar 100g,🍝 Pantry,2,,,,,
4526,Bounty Coconut Multipack Chocolate Bar 4 x 57g 228G,🍝 Pantry,2.69,,,,,
4527,Galaxy Caramel Milk Chocolate Bar 135g,🍝 Pantry,2,,,,,
4528,Munchies 104g,🍝 Pantry,1.35,,,,,
4529,M&M's Crispy Milk Chocolate Bites Pouch Bag 107g,🍝 Pantry,1.58,,,,,
4530,M&M's Milk Chocolate Bites Pouch Bag 112g,🍝 Pantry,1.58,,,,,
4531,"Revels Milk Chocolate with Raisins, Coffee & Orange Bites Pouch Bag 101g",🍝 Pantry,1.84,,,,,
4532,Galaxy Minstrels Buttons Chocolate Bag 118g,🍝 Pantry,1.84,,,,,
4533,Maltesers Milk Chocolate & Honeycomb Bites Bag 93g,🍝 Pantry,1.84,,,,,
4534,Swizzels Squashies Drumstick Strawberry & Cream Flavour 120g,🍝 Pantry,1.3,,,,,
4535,Swizzels Squashies Drumstick Original Raspberry & Milk Flavour 120g,🍝 Pantry,1.3,,,,,
4536,HARIBO Starmix 175g,🍝 Pantry,1.45,,,,,
4537,Haribo Supermix 175g,🍝 Pantry,1.45,,,,,
4538,Co-op Marshmallows 160g,🍝 Pantry,1.2,,,,,
4539,Maltesers Milk Chocolate Gift Box 110g,🍝 Pantry,3.4,,,,,
4540,Galaxy Ripple Multipack Chocolate Bars 4 x 30g 120G,🍝 Pantry,2.89,,,,,
4541,Twix Caramel Multipack Chocolate Bars 40g x 4 160G,🍝 Pantry,2.55,,,,,
4542,Co-op Wine Gums 175g,🍝 Pantry,1.2,,,,,
4543,Co-op Butter Mintoes 175g,🍝 Pantry,1.2,,,,,
4544,Co-op Fruit Pastilles 175g,🍝 Pantry,1.2,,,,,
4545,Co-op Blackcurrant & Liquorice 175g,🍝 Pantry,1.2,,,,,
4546,Co-op Toffee Assortment 175g,🍝 Pantry,1.2,,,,,
4547,Co-op Mint Humbugs 175g,🍝 Pantry,1.2,,,,,
4548,Co-op Milk Chocolate Eclairs 175g,🍝 Pantry,1.2,,,,,
4549,Co-op Irresistible Single Origin 70% Cocoa Dark Chocolate 100g,🍝 Pantry,2.4,,,,,
4550,Tic Tac Two Lemon Raspberry Flavours 38.5g,🍝 Pantry,1.8,,,,,
4551,Cadbury Wispa Gold Chocolate Bar 4 Pack Multipack (4x38.3g) 153.2 g 153.2G,🍝 Pantry,2.9,,,,,
4552,Cadbury Flake Chocolate Bar 4 Pack Multipack (4x25.5g) 102 g 102G,🍝 Pantry,2.9,,,,,
4553,Milky Way Magic Stars Milk Chocolate Bag 100g,🍝 Pantry,1.84,,,,,
4554,Cadbury Dairy Milk Chocolate Bar 180 g 180G,🍝 Pantry,3.15,,,,,
4555,Cadbury Dairy Milk Wholenut Chocolate Bar 180 g 180G,🍝 Pantry,3.15,,,,,
4556,Cadbury Marvellous Creation Jelly Popping Candy Shells Chocolate Bar 160 g 160G,🍝 Pantry,3.15,,,,,
4557,After Eight Mint Dark Chocolate 300g,🍝 Pantry,5.3,,,,,
4558,Cadbury Oreo Chocolate 100g,🍝 Pantry,2.6,,,,,
4559,Cadbury Curly Wurly Squirlies Chocolate Bag 100g,🍝 Pantry,2.6,,,,,
4560,Cadbury Dairy Milk Daim Chocolate Bar 120g,🍝 Pantry,1.58,,,,,
4561,Cadbury Crunchie Chocolate Bar 4 Pack Multipack (4x32g) 128 g 128G,🍝 Pantry,2.9,,,,,
4562,Cadbury Dairy Milk Fruit and Nut Chocolate Bar 110 g 110G,🍝 Pantry,1.58,,,,,
4563,Cadbury Heroes Chocolate Assortment Gifting Box 290 g 290G,🍝 Pantry,5.25,,,,,
4564,Aero Peppermint Bars 4 x 27g (108g),🍝 Pantry,2.1,,,,,
4565,Cadbury Dairy Milk Caramel Chocolate Bar 120 g 120G,🍝 Pantry,1.58,,,,,
4566,Rowntree's Jelly Tots 150g,🍝 Pantry,1.75,,,,,
4567,Cadbury Dairy Milk Chocolate Bar 110 g 110G,🍝 Pantry,1.58,,,,,
4568,Aero Peppermint 90g,🍝 Pantry,1.59,,,,,
4569,Aero Chocolate 90g,🍝 Pantry,1.59,,,,,
4570,Rowntree's Fruit Pastilles 143g,🍝 Pantry,1.75,,,,,
4571,Ferrero Rocher Gift Box of Chocolate 24 Pieces (300g),🍝 Pantry,12.6,,,,,
4572,HARIBO Giant Strawbs 175g,🍝 Pantry,1.45,,,,,
4573,HARIBO Twin Snakes 175g,🍝 Pantry,1.45,,,,,
4574,Rowntree's Randoms Sweets Sharing Bag 150g,🍝 Pantry,1.75,,,,,
4575,Co-op Irresistible Single Origin 85% Cocoa Dark Chocolate 100g,🍝 Pantry,2.4,,,,,
4576,Twix Xtra Milk Chocolate Biscuit Twin Bars 75g,🍝 Pantry,1.6,,,1.59,,
4577,Co-op Strawberry Laces 65g,🍝 Pantry,0.85,,,,,
4578,Co-op Fizzy Strawberry Lances 65g,🍝 Pantry,0.85,,,,,
4579,Co-op Fizzy Rainbow Belts 65g,🍝 Pantry,0.85,,,,,
4580,Cadbury Crunchie Milk Chocolate Bar 40 g 40G,🍝 Pantry,1.2,,,,,
4581,Cadbury Twirl Milk Chocolate Bar 43 g 43G,🍝 Pantry,1.2,,,,,
4582,Milky Way Milk Chocolate Crispy Rolls 22.5g,🍝 Pantry,0.5,,,,,
4583,Sour Patch Kids Original Candy 120g,🍝 Pantry,1.5,,,,,
4584,Maynards Bassetts Jelly Babies Candy 130g,🍝 Pantry,1.05,,,,,
4585,Maynards Bassetts Wine Gums Candy 130g,🍝 Pantry,1.05,,,,,
4586,Cadbury Dairy Milk Oreo Chocolate Bar 120 g 120G,🍝 Pantry,1.58,,,,,
4587,Mars Caramel & Milk Chocolate Bar 40g,🍝 Pantry,1.3,,,,,
4588,Mars Duo Caramel & Milk Chocolate Bar 69g,🍝 Pantry,1.6,,,,,
4589,Mars Caramel Multipack Chocolate Bars 4 x 40g 160G,🍝 Pantry,2.55,,,,,
4590,Snickers Peanut & Caramel Chocolate Bar 40g,🍝 Pantry,1.3,,,,,
4591,KitKat Cookie Dough Flavour 41.5g,🍝 Pantry,1,,,,,
4592,Maltesers More To Share Chocolate Bag 158g,🍝 Pantry,2.63,,,,,
4593,Co-op Jelly Cherries 65g,🍝 Pantry,0.85,,,,,
4594,Snickers Peanut Multipack Chocolate Bars 4 x 40g 160G,🍝 Pantry,2.55,,,,,
4595,Cadbury Milk Tray Chocolate Pralines Gifting Box 312 g 312G,🍝 Pantry,7,,,,,
4596,KitKat Chunky 4 x 40g (160g),🍝 Pantry,2.1,,,,,
4597,Toblerone Milk Chocolate Bar 100g,🍝 Pantry,2.25,,,,,
4598,Snickers Duo Peanut & Caramel Chocolate Bar 69g,🍝 Pantry,1.6,,,,,
4599,M&M's Minis Milk Chocolate Bag 115g,🍝 Pantry,1.58,,,,,
4600,Lindt Excellence Dark 70% Cocoa Chocolate Bar 100g,🍝 Pantry,3.95,,,3.5,,
4601,Lindt Excellence Dark Sea Salt Chocolate Bar 100g,🍝 Pantry,3.95,,,3.5,,
4603,Milkybar 94g,🍝 Pantry,1.35,,,,,
4604,Aero Peppermint Bubbles 92g,🍝 Pantry,1.35,,,,,
4605,Cadbury Fruit and Nut Chocolate Bar 180 g 180G,🍝 Pantry,3.19,,,,,
4606,Cadbury Bournville Chocolate Bar 180 g 180G,🍝 Pantry,3.15,,,,,
4607,Maynards Bassetts Liquorice Allsorts Candy 130g,🍝 Pantry,1.05,,,,,
4608,Maltesers White Chocolate Bag 74g,🍝 Pantry,1.84,,,,,
4609,Bounty Coconut & Milk Chocolate Snack Bar Duo 57g,🍝 Pantry,1.3,,,,,
4610,Aero Caramel Flavour Bubbles 92g,🍝 Pantry,1.35,,,,,
4611,Aero Orange Bubbles 92g,🍝 Pantry,1.35,,,,,
4612,Grenade Oreo 60g,🍝 Pantry,2.99,,,,,
4613,Grenade Oreo White 60g,🍝 Pantry,2.99,,,,,
4614,Grenade White Chocolate Cookie Flavour 60g,🍝 Pantry,2.99,,,,,
4615,Grenade Peanut Nutter Peanut Flavour 60g,🍝 Pantry,2.99,,,,,
4616,Grenade Chocolate Chip Salted Caramel Flavour 60g,🍝 Pantry,2.99,,,,,
4617,Barebells Protein Bar Cookies & Cream 55g,🍝 Pantry,2.85,,,,,
4618,Pringles Original 165g,🍝 Pantry,1.6,,,,,
4619,Nākd Cocoa Hazelnut Protein Bar 45g,🍝 Pantry,1.55,,,,,
4620,Walkers French Fries Snacks Variety Multipack Crisps 6x18g,🍝 Pantry,1.65,,,,,
4621,Doritos Tangy Cheese Crisps Grab Bag Tortilla Chips 44g,🍝 Pantry,1.3,,,,,
4622,Doritos Chilli Heatwave Crisps Grab Bag Tortilla Chips 44g,🍝 Pantry,1.3,,,,,
4623,Walkers Max Punchy Paprika Grab Bag Crisps 50g,🍝 Pantry,1.3,,,,,
4624,Walkers Max Sizzling Flame Grilled Steak Grab Bag Crisps 50g,🍝 Pantry,1.3,,,,,
4625,Seabrook Sea Salted The Original Crinkle Cut Crisp 6 x 25g 6X25G,🍝 Pantry,1.69,,,,,
4626,Hula Hoops Original 6 x 24g 6X24G,🍝 Pantry,2.39,,,,,
4627,Hula Hoops BBQ Beef Flavour 6 x 24g 6X24G,🍝 Pantry,2.39,,,,,
4628,Hula Hoops Variety Multipack Crisps 6 Pack 6X24G,🍝 Pantry,2.39,,,,,
4629,Doritos Chilli Heatwave Tortilla Chips Multipack Crisps 5x30g,🍝 Pantry,1.95,,,,,
4630,Tyrrells Sweet Chilli & Red Pepper 150g,🍝 Pantry,2.39,,,,,
4631,Tyrrell's Furrows Sea Salted 150g,🍝 Pantry,2.39,,,,,
4632,Pringles Salt & Vinegar 165g,🍝 Pantry,1.6,,,,,
4633,Pringles Prawn Cocktail Flavour Sharing Crisps 165g,🍝 Pantry,1.6,,,,,
4634,Skips Prawn Cocktail Flavour 6 x 13.1g 6X13.1G,🍝 Pantry,1.6,,,,,
4635,Butterkist Deliciously Sweet & Salty Popcorn 100g,🍝 Pantry,2,,,,,
4636,McCoy's Classic Variety Multipack Crisps 6 Pack 6X25G,🍝 Pantry,1.65,,,,,
4637,Pom-Bear Original Potato Snacks 6 x 13g 6PACK,🍝 Pantry,1.58,,,1.5,,
4638,Bear Strawberries 35g,🍝 Pantry,0.9,,,,,
4639,Takis Intense Nacho Seasoned Cheese Flavour Fried Maize Snack 100g,🍝 Pantry,2.39,,,,,
4640,Co-op Irresistible Hand Cooked Sea Salt & Chardonnay Wine Vinegar Crisps 150g,🍝 Pantry,1.6,,,,,
4641,Co-op Sweet & Salty Popcorn 100g,🍝 Pantry,1.3,,,,,
4642,Co-op Oh So Sweet Popcorn 100g,🍝 Pantry,1.3,,,,,
4643,Co-op Onion Rings 125g,🍝 Pantry,1.29,,,,,
4644,Co-op Cheese Puffs 150g,🍝 Pantry,1.29,,,,,
4645,Co-op Bacon Rashers 150g,🍝 Pantry,1.29,,,,,
4646,Co-op The Classics Cheese & Onion Potato Crisps 6 x 25g (150g) 6X25G,🍝 Pantry,1.39,,,,,
4647,Co-op The Classics Potato Crisps 6 x 25g (150g) 6X25G,🍝 Pantry,1.39,,,,,
4648,Co-op Sour Cream & Chive Party Mix 150g,🍝 Pantry,1.3,,,,,
4649,Co-op Honey Roasted Peanuts & Cashews 175g,🍝 Pantry,3.1,,,,,
4650,Co-op Roasted & Salted Peanuts 200g,🍝 Pantry,1.79,,,,,
4651,Co-op Dry Roasted Peanuts 200g,🍝 Pantry,1.79,,,,,
4652,Jacob's 6 Red Leicester Flavour Mini Cheddars 138g 6X23G,🍝 Pantry,2.39,,,,,
4653,McCoy's Flame Grilled Steak Flavour Potato Crisps 6 x 25g 6X25G,🍝 Pantry,1.85,,,,,
4654,McCoy's Mighty Meaty Ridge Cut 6 x 25g 6X25G,🍝 Pantry,1.85,,,,,
4655,Nik Naks Nice 'N' Spicy Flavour 6 x 20g 6X20G,🍝 Pantry,1.69,,,,,
4656,Walkers Monster Munch Pickled Onion Multipack Snacks Crisps 6x20g,🍝 Pantry,2.25,,,,,
4657,Walkers Baked Snacks Cheese & Onion Multipack Crisps 6x22g,🍝 Pantry,1.65,,,,,
4658,Walkers Baked Snacks Sea Salt Multipack Crisps 6x22g,🍝 Pantry,1.65,,,,,
4659,Walkers Oven Baked 6 x 22g 6X22G,🍝 Pantry,1.58,,,,,
4660,Penn State Baked Original Sea Salted Pretzels 175g,🍝 Pantry,1.75,,,,,
4661,Walkers Squares Salt & Vinegar Sharing Snacks Crisps 104g,🍝 Pantry,1.85,,,,,
4662,Mr. Porky Original Scratchings 65g EACH,🍝 Pantry,1.59,,,,,
4663,Chipsticks Salt & Vinegar Multipack Crisps 6x17g,🍝 Pantry,1.85,,,,,
4664,SUN Bites Sweet Chilli High Fibre Snacks Multipack Crisps 6x25g,🍝 Pantry,2.39,,,,,
4665,Walkers Cheese & Onion Multipack Crisps 6x25g,🍝 Pantry,2.39,,,2.35,,
4666,Walkers Classic Pack 6 x 25g 6X25G,🍝 Pantry,1.75,,,,,
4667,Walkers Ready Salted Multipack Crisps 6x25g,🍝 Pantry,2.39,,,2.35,,
4668,Walkers Salt & Shake Multipack Crisps 6x24g,🍝 Pantry,2.39,,,2.35,,
4669,Cheez-It Snap'd Double Cheese Baked Snacks 4 x 30g (120g),🍝 Pantry,2.39,,,,,
4670,Co-op Salted Pretzel Sticks 150g,🍝 Pantry,1.3,,,,,
4671,"Love, Corn Sea Salt Delicious Crunchy Corn 115g",🍝 Pantry,2.65,,,,,
4672,Love Corn BBQ Delicious Crunchy Corn 115g,🍝 Pantry,2.65,,,,,
4673,Popchips Barbeque Flavour Potato Snacks 85g,🍝 Pantry,2.65,,,,,
4674,Myprotein Layered Bar Triple Chocolate Fudge Flavour 60g,🍝 Pantry,2.35,,,,,
4675,Popchips Sour Cream & Onion Flavour Potato Snacks 85g,🍝 Pantry,2.65,,,,,
4676,Walkers Sensations Roasted Chicken & Thyme Sharing Crisps 150g,🍝 Pantry,2.19,,,,,
4677,Walkers Roast Chicken Multipack Crisps 6x25g,🍝 Pantry,1.75,,,2.35,,
4678,Walkers Prawn Cocktail Multipack Crisps 6 x 25g 6X25G,🍝 Pantry,1.75,,,,,
4679,Walkers Salt & Vinegar Multipack Crisps 6x25g,🍝 Pantry,2.39,,,2.35,,
4680,Tyrrells Lightly Sea Salted 150g,🍝 Pantry,2.39,,,,,
4681,Tyrrells Sea Salt & Cider Vinegar Hand-Cooked English Crisps 150g,🍝 Pantry,2.39,,,,,
4682,Tyrrells Mature Cheddar & Chive Hand-Cooked English Crisps 150g,🍝 Pantry,2.39,,,,,
4683,Pringles Texas BBQ Sauce 165g,🍝 Pantry,1.6,,,,,
4684,Pringles Sour Cream & Onion 165g,🍝 Pantry,2.65,,,,,
4685,Walkers Max Strong Jalapeño & Cheese Sharing Crisps 140g,🍝 Pantry,2.4,,,,,
4686,Doritos Chilli Heatwave Tortilla Chips Sharing Bag Crisps 140g,🍝 Pantry,2.65,,,,,
4687,Doritos Cool Original Tortilla Chips Sharing Bag Crisps 140g,🍝 Pantry,2.65,,,,,
4688,Doritos Tangy Cheese Tortilla Chips Sharing Bag Crisps 140g,🍝 Pantry,2.65,,,,,
4689,Walkers Max Punchy Paprika Sharing Crisps 140g,🍝 Pantry,2.4,,,,,
4690,Co-op Irresistible Hand Cooked Posh Prawn Cocktail Crisps 150g,🍝 Pantry,1.8,,,,,
4691,Walkers Quavers Cheese Multipack Snacks 6x16g,🍝 Pantry,1.65,,,,,
4692,Walkers Sensations Mature Cheddar Cheese & Chilli Sharing Crisps 150g,🍝 Pantry,2.19,,,,,
4693,Walkers Sensations Thai Sweet Chilli Sharing Bag Crisps 150g,🍝 Pantry,2.19,,,,,
4694,Wotsits Giants Really Cheesy Sharing Cheese Snacks Crisps 130g,🍝 Pantry,2.65,,,,,
4695,Walkers Wotsits Giants Snacks Sweet & Spicy Sharing Crisps 130g,🍝 Pantry,2.65,,,,,
4696,Walkers Bugles Snacks Southern Style BBQ Sharing Crisps 110g,🍝 Pantry,1.85,,,,,
4697,Walkers Sensations Mango & Chilli Chutney Sharing Poppadoms Crisps 82.5g,🍝 Pantry,2.19,,,,,
4698,Walkers Squares Flavour Potato Snacks 6 x 22g 6X22G,🍝 Pantry,1.65,,,,,
4699,Co-op Salt & Vinegar Sticks 150g,🍝 Pantry,1.3,,,,,
4700,Co-op Irresistible Lightly Sea Salted Crisps 150g,🍝 Pantry,1.6,,,,,
4701,Co-op a Little Salted Popcorn 90g,🍝 Pantry,1.3,,,,,
4702,Jacob's 6 Original Mini Cheddars 138g 6X23G,🍝 Pantry,2.39,,,,,
4703,Co-op Roasted & Salted Pistachios 150g,🍝 Pantry,2.95,,,,,
4704,Co-op Ready Salted Potato Sticks 150g,🍝 Pantry,1.3,,,,,
4705,Co-op Irresistible West Country Cheddar & Spring Onion Crisps 150g,🍝 Pantry,1.6,,,,,
4706,Takis Fuego Seasoned Chilli and Lime Flavour Fried Maize Snack 100g,🍝 Pantry,2.39,,,,,
4707,Co-op Irresistible Sea Salt & Chardonnay Wine Vinegar Crisps 40g,🍝 Pantry,1.2,,,,,
4708,Hula Hoops Big Hoops Iconic Barbecue Beef Flavour 45g,🍝 Pantry,1.3,,,,,
4709,Skips Prawn Cocktail Flavour 35g,🍝 Pantry,1.3,,,,,
4710,Nik Naks Nice 'N' Spicy Flavour 45g,🍝 Pantry,1.3,,,,,
4711,Hula Hoops Big Hoops Sharp Salt & Vinegar Flavour 45g,🍝 Pantry,1.3,,,,,
4712,McCoy's Ridge Cut Thai Sweet Chicken Flavour Potato Crisps 45g,🍝 Pantry,1.3,,,,,
4713,McCoy's­ Ridge Cut Cheddar & Onion Flavour Potato Crisps 45g,🍝 Pantry,1.3,,,,,
4714,McCoy's Ridge Cut Salt & Malt Vinegar Flavour Potato Crisps 45g,🍝 Pantry,1.3,,,,,
4715,McCoy's Ridge Cut Flame Grilled Steak Flavour Potato Crisps 45g,🍝 Pantry,1.3,,,,,
4716,Walkers Quavers Cheese Snacks Grab Bag Crisps 34g,🍝 Pantry,1.3,,,,,
4717,Walkers Squares Salt & Vinegar Snacks Grab Bag Crisps 40g,🍝 Pantry,1.3,,,,,
4718,Walkers Wotsits Really Cheesy Snacks Grab Bag Cheese Crisps 36g,🍝 Pantry,1.3,,,,,
4719,Walkers Monster Munch Pickled Onion Snacks Grab Bag Crisps 40g,🍝 Pantry,1.3,,,,,
4720,Walkers Baked Snacks Cheese & Onion Grab Bag Crisps 37.5g,🍝 Pantry,1.3,,,,,
4726,Kettle Sea Salt & Balsamic Vinegar of Modena Potato Chips 130g,🍝 Pantry,2.8,,,,,
4727,Kettle Krinkle Lightly Salted Ridged Potato Chips 130g,🍝 Pantry,2.8,,,,,
4728,Kettle Sweet Chilli & Sour Cream Potato Chips 130g,🍝 Pantry,2.8,,,,,
4729,NOMO Choc Lollies 3 x 12g (36g) 3X12G,🍝 Pantry,2.3,,,,,
4730,Freee Gluten Free Plain White Flour 1kg,🍝 Pantry,2.79,,,,,
4731,Alpro Vanilla Dairy Free Vegan Soya Dessert 4x125g,🍝 Pantry,2.4,,,,,
4732,Alpro Single Soya 250ml,🍝 Pantry,1.59,,,,,
4733,Nomo Caramel 38g,🍝 Pantry,1.69,,,,,
4734,Mrs Crimble's Classic French Madeleines 6 x 30g (180g),🍝 Pantry,2.1,,,,,
4735,Go Free Gluten Free Honey Nut Flakes 350g,🍝 Pantry,3,,,,,
4736,Nairn's Chocolate Chip Oat Biscuit Breaks 160g,🍝 Pantry,2.69,,,,,
4737,Warburtons Gluten Free Seeded 300g,🍝 Pantry,2.35,,,,,
4738,Warburtons Family Bakers Gluten Free Tiger Bloomer 400g,🍝 Pantry,4.2,,,,,
4739,Warburtons 4 Gluten Free White Wraps 4PACK,🍝 Pantry,3.49,,,,,
4740,Warburtons Gluten Free 4 Super Soft Sliced Square Rolls 4PACK,🍝 Pantry,3.4,,,,,
4741,Warburtons Gluten Free 4 Super Soft Brioche Rolls 4EACH,🍝 Pantry,3.4,,,,,
4742,Warburtons Gluten Free 4 Sliced Fruity Buns with Cinnamon & Raisin 4X60G,🍝 Pantry,3.45,,,,,
4743,Warburtons Gluten Free 4 White Soft Pittas 4PACK,🍝 Pantry,3.65,,,,,
4744,Galaxy Dairy Free Salted Caramel 100g,🍝 Pantry,2.36,,,,,
4745,Mrs Crimble's 6 Big Jam Coconut Rings 240g,🍝 Pantry,2.5,,,,,
4746,Buttermilk Caramel Nougat Choccy Bar 50g,🍝 Pantry,1.05,,,,,
4747,Freee Gluten Free Self Raising White Flour 1kg,🍝 Pantry,2.79,,,,,
4748,Co-op Free From Custard Creams 125g,🍝 Pantry,2,,,,,
4749,BFree Stone Baked Naan Bread 240g,🍝 Pantry,3.4,,,,,
4750,Warburtons Gluten Free 4 Crumpets 4X73G,🍝 Pantry,2.79,,,,,
4751,Alpro Vanilla Soya Dairy Free Alternative to Custard 525g,🍝 Pantry,1.7,,,,,
4752,Sacla' Vegan Basil Pesto 190g,🍝 Pantry,4,,,,,
4753,Whitworths Sunny Raisin 6 x 30g 180G,🍝 Pantry,3.4,,,,,
4754,Schär Notes 2 Gluten-Free Wafer Biscuits 27g,🍝 Pantry,0.89,,,,,
4755,Alpro Dark Chocolate Dairy Free Vegan Soya Dessert 4x125g,🍝 Pantry,2.55,,,,,
4756,Alpro Kids Oat Chocolate Long Life Dairy Free Drink 200ml,🍝 Pantry,1.39,,,,,
4757,Tribe Protein Flapjack White Choc Bars 3 x 38g 3X38G,🍝 Pantry,3.65,,,,,
4758,Eat Real Lentil Chips 95g,🍝 Pantry,2.5,,,,,
4759,Nākd Peanut Delight Raw Fruit & Nut Bars 4 x 35g 4X35G,🍝 Pantry,3.15,,,,,
4760,Co Op Free From Buttons 25g,🍝 Pantry,0.85,,,,,
4761,Co-op Free From Sea Salt & Black Pepper Crackers 175g,🍝 Pantry,3.3,,,,,
4762,Co-op Irresistible Italian Crafted Mezzi Rigatoni 400g,🍝 Pantry,2,,,,,
4763,Co-op Free From Chocolate Digestive Biscuits 166g,🍝 Pantry,2.1,,,,,
4764,Co-op Free From 4 White Rolls 4PK,🍝 Pantry,2.1,,,,,
4765,Co-op Irresistible 2 All Butter Fruit Scones 2PK,🍝 Pantry,2.9,,,,,
4766,Co-op Irresistible All Butter Triple Chocolate Cookies 150g,🍝 Pantry,2.89,,,,,
4767,Old El Paso Gluten Free Fajita Kit Smoky BBQ 462g,🍝 Pantry,4.75,,,,,
4768,Nākd Cocoa Hazelnut Protein Bars 3 x 45g 3X45G,🍝 Pantry,3.6,,,,,
4769,Nākd Cocoa Orange Raw Fruit & Nut Bars 4 x 35g 4X35G,🍝 Pantry,3.15,,,,,
4770,Trek Cocoa Oat Protein Flapjacks Bars 3 x 50g 3X50G,🍝 Pantry,3.49,,,,,
4771,Nākd Blueberry Muffin Raw Fruit & Nut Bars 4 x 35g 4X35G,🍝 Pantry,3.15,,,,,
4772,Trek Salted Caramel Protein Flapjacks Bars 3 x 50g 3X50G,🍝 Pantry,3.49,,,,,
4773,Co-op Irresistible Hand Finished Gluten Free Chocolate Cake EACH,🍝 Pantry,4.59,,,,,
4774,Co-op Free From Spaghetti 500g,🍝 Pantry,1.65,,,,,
4775,Co-op Free From Fusilli 500g,🍝 Pantry,1.65,,,,,
4776,Co-op Free From Angel Slice 4S,🍝 Pantry,2.69,,,,,
4777,Co-op Free From Stem Ginger Cookies 150g,🍝 Pantry,2.49,,,,,
4778,Co-op Free From Brown Seeded Loaf 500g,🍝 Pantry,2.55,,,,,
4779,Co-op Free From White Sliced Loaf 500g,🍝 Pantry,2.35,,,,,
4780,Co-op Free From Chocolate Chip Cookies 145g,🍝 Pantry,2.55,,,,,
4781,Co-op Free From Berry Granola 350g,🍝 Pantry,3.29,,,,,
4782,Co-op Free From Porridge Oats 450g,🍝 Pantry,2.39,,,,,
4783,Co-op Free From Mini Crackers 125g,🍝 Pantry,2.65,,,,,
4784,Co-op Free From Oat Cookies 150g,🍝 Pantry,2.45,,,,,
4785,Co-op Free From 9 Vanilla Mini Cupcakes 9S,🍝 Pantry,3.95,,,,,
4786,Co-op Free From Blueberry Muffins 2s PACK,🍝 Pantry,2.2,,,,,
4787,Co-op Free From 4 Bakewell Tarts 205g 4PK,🍝 Pantry,2.95,,,,,
4788,Co-op Free From Millionaires Crispy Stackers 150g,🍝 Pantry,3.39,,,,,
4789,Schär Gluten Free Pretzels 60g,🍝 Pantry,1.45,,,,,
4790,Schär Crispbread 150g,🍝 Pantry,2,,,,,
4791,Schär Gluten-Free Custard Creams 5 x 25g (125g),🍝 Pantry,2.29,,,,,
4792,Schär Melto 30g,🍝 Pantry,1.29,,,,,
4793,Nairn's Gluten Free Original Oatcakes 213g,🍝 Pantry,2.69,,,,,
4794,Nairn's Cheese Oatcakes 180g,🍝 Pantry,2.69,,,,,
4795,Nomo Cookie Dough 127g,🍝 Pantry,4.65,,,,,
4796,Warburtons Gluten Free 4 Brown Soft Pittas 4PACK,🍝 Pantry,3.65,,,,,
4797,Warburtons Seeded Tiger Bloomer 400g 417G,🍝 Pantry,4.2,,,,,
4798,Schär Gluten-Free Jaffa Cakes 150g,🍝 Pantry,2.05,,,,,
4799,Tribe Protein Flapjack Banoffee Choc Chip 3 x 38g 3X38G,🍝 Pantry,3.65,,,,,
4800,Deliciously Ella Apple & Raisin Oat Bars 3 x 50g 150G,🍝 Pantry,3.3,,,,,
4801,Deliciously Ella Chocolate Orange Dipped Almonds 27g,🍝 Pantry,1.85,,,,,
4802,Nākd Peanut Butter Protein Bars 3 x 45g 3X45G,🍝 Pantry,3.6,,,,,
4803,Lazy Day 4 Mini Vic the Vegan Caterpillar Cakes 160g 160EACH,🍝 Pantry,3.9,,,,,
4804,Co-op  Free From Lemon Drizzle EACH,🍝 Pantry,3.3,,,,,
4805,Co-op Free From 4 Belgian Chocolate Cake Bars 120g,🍝 Pantry,3.7,,,,,
4806,Co-op Free From 4 Flapjacks 100G,🍝 Pantry,2.65,,,,,
4807,Co-op Free From Coco Hoops 300g,🍝 Pantry,2.65,,,,,
4808,Deliciously Ella Peanut Butter Oat Bars 3 x 50g 150G,🍝 Pantry,3.3,,,,,
4809,Co-op Vanilla Flavour Frosting 400g,🍝 Pantry,3.05,,,,,
4810,Allinson's Fast Action Yeast 42g (2 x 7g),🍝 Pantry,1.75,,,,,
4811,Dr.Oetker White Chocolate Chips 100g,🍝 Pantry,2.65,,,,,
4812,Dr. Oetker 72 Rainbow Cupcake Cases 72PK,🍝 Pantry,1.85,,,,,
4813,Dr.Oetker Rainbow Magic 115g,🍝 Pantry,2.8,,,,,
4814,Betty Crocker Chocolate Fudge Brownie Mix 415g,🍝 Pantry,3.45,,,,,
4815,Whitworths Amazing Apricots 140g,🍝 Pantry,3.05,,,,,
4816,Dr. Oetker Bicarbonate of Soda 200g,🍝 Pantry,1.99,,,,,
4817,Dr. Oetker Platinum Grade Leaf Gelatine 13g (8 Leaves),🍝 Pantry,2.89,,,,,
4818,Dr. Oetker Milk Chocolate 100g,🍝 Pantry,2.75,,,,,
4819,Dr. Oetker Rainbow Decorating Icing 6 x 17g (102g),🍝 Pantry,2.95,,,,,
4820,Betty Crocker Rainbow Chip Party Cake Mix 425g,🍝 Pantry,3.45,,,,,
4821,Kellogg's Fruit Winders Strawberry Flavour 5 x 17g 5X17G,🍝 Pantry,1.9,,,,,
4822,Co-op Home Baking Batter Mix 130g,🍝 Pantry,0.69,,,,,
4823,Co Op Ready to Roll White Icing 500g,🍝 Pantry,2.99,,,,,
4824,Co Op Dumpling Mix 150g,🍝 Pantry,1.19,,,,,
4825,Co-op Soft Pitted Dates 250g,🍝 Pantry,2.8,,,,,
4826,Co Op Desiccated Coconut 200g,🍝 Pantry,2.55,,,,,
4827,Co Op Ground Almonds 150g,🍝 Pantry,2.55,,,,,
4828,Co-op Walnut Pieces 150g,🍝 Pantry,2.89,,,,,
4829,Co Op Soft Apricots 250g,🍝 Pantry,4.59,,,,,
4830,Co-op British Wholemeal Bread Flour 1.5kg,🍝 Pantry,1.65,,,,,
4831,Co-op A Sprinkle of Hundreds & Thousands 80g,🍝 Pantry,1.45,,,,,
4832,Dr. Oetker Sicilian Lemon Extract 35ml,🍝 Pantry,1.85,,,,,
4833,McDougalls Pre-Sifted Plain Flour 1.1kg,🍝 Pantry,2.2,,,,,
4834,Co Op Glacé Cherries in Sugar Syrup 200g,🍝 Pantry,2.75,,,,,
4835,Atora Shredded Suet Vegetable 200g,🍝 Pantry,2.65,,,,,
4836,Dr. Oetker 75 Muffin Cases 75PCE,🍝 Pantry,1.19,,,,,
4837,Whitworths Dazzling Dates 300g,🍝 Pantry,3.05,,,,,
4838,Whitworths Amazing Chopped Apricots 140g,🍝 Pantry,3.05,,,,,
4839,Whitworths Phenomenal Prunes 190g,🍝 Pantry,3.05,,,,,
4840,Dr. Oetker American Style Pancake Mix 170g,🍝 Pantry,1.4,,,,,
4841,Betty Crocker Vanilla Buttercream Flavour Icing 400g,🍝 Pantry,3.45,,,,,
4842,Natural Selection Berry Mix 300g,🍝 Pantry,1.95,,,,,
4843,Natural Selection Banana Chips 200g,🍝 Pantry,2.8,,,,,
4844,Cake Angels Bluey Ooh Fancy Cupcake Kit 171g,🍝 Pantry,2.5,,,,,
4845,Dr. Oetker Black Food Colour Gel 15g,🍝 Pantry,1.85,,,,,
4846,Whitworths Marvellous Mango 60g,🍝 Pantry,2.89,,,,,
4847,Dr. Oetker 12 Giant Chocolate Stars Milk & White 20g,🍝 Pantry,3.05,,,,,
4848,Dr. Oetker White Chocolate 100g,🍝 Pantry,2.75,,,,,
4849,Allinson's Very Strong White Bread Flour 1kg,🍝 Pantry,1.95,,,,,
4850,Natural Selection Whole Chia Seeds 200g,🍝 Pantry,2.09,,,,,
4851,Betty Crocker Chocolate Chip Cookie Mix 200g,🍝 Pantry,2.1,,,,,
4852,Dr.Oetker Milk Chocolate Chips 100g,🍝 Pantry,2.7,,,,,
4853,Dr.Oetker Madagascan Vanilla Extract 95ml,🍝 Pantry,5,,,,,2.1
4854,McDougalls Pre-Sifted Self Raising Flour 1.1kg,🍝 Pantry,2.2,,,,,
4855,Cadbury Chocolate Icing 400g,🍝 Pantry,3.35,,,,,
4856,Atora The Original Shredded Beef Suet 200g,🍝 Pantry,2.65,,,,,
4857,Allinson's Very Strong Wholemeal Bread Flour 1kg,🍝 Pantry,1.95,,,,,
4858,Betty Crocker Devil's Food Cake Mix 425g,🍝 Pantry,3.45,,,,,
4859,Tate & Lyle Golden Syrup Pouring 700g,🍝 Pantry,3.69,,,,,
4860,Co-op Walnut Halves 100g,🍝 Pantry,2.55,,,,,
4861,Taylor & Colledge Fairtrade Organic Vanilla Bean Extract 100ml,🍝 Pantry,7.6,,,,,
4862,Co-op Vanilla Sponge Mix 400g,🍝 Pantry,1.85,,,,,
4863,Co Op Crumble Mix 227g,🍝 Pantry,0.85,,,,,
4864,Co Op Whole Almonds 100g,🍝 Pantry,1.85,,,,,
4865,Co-Op Cashew Nuts 100g,🍝 Pantry,2.85,,,,,
4866,Co-op Dark Chocolate Chunks 100g,🍝 Pantry,1.8,,,,,
4867,Co-op Home Baking Pink & White Marshmallows 150g,🍝 Pantry,2.65,,,,,
4868,Co-op A Sprinkle of Multi-Colour Strands 65g,🍝 Pantry,1.45,,,,,
4869,Co Op Sponge Fingers 125g,🍝 Pantry,1.59,,,,,
4870,Co-op British Strong White Bread Flour 1.5kg,🍝 Pantry,1.65,,,,,
4871,Co-op British Self Raising White Flour 1.5kg,🍝 Pantry,1.05,,,,,
4872,Co-op Milk Chocolate Chips 100g,🍝 Pantry,1.8,,,,,
4873,Co-op Chocolate Brownie Mix 284g,🍝 Pantry,3.29,,,,,
4874,Dr. Oetker Baking Powder 170g,🍝 Pantry,1.99,,,,,
4875,Co-op White Marzipan 500G,🍝 Pantry,3.5,,,,,
4876,Co Op Sweetened Dried Cranberries 170g,🍝 Pantry,3.05,,,,,
4877,Co Op Flake Almonds 150g,🍝 Pantry,2.5,,,,,
4878,Co-op Lemon Juice 250ml,🍝 Pantry,1.05,,,,,
4879,"Co-op Home Baking Mincemeat with Sultanas, Apple, Currants, Raisins and Mixed Peel 411g",🍝 Pantry,2.39,,,,,
4880,Co-op Home Baking Lime Juice 250ml,🍝 Pantry,1.05,,,,,
4881,Co-op British Plain White Flour 1.5kg,🍝 Pantry,1.05,,,,,
4882,Co Op Soft Figs 250g,🍝 Pantry,3.15,,,,,
4883,Co-op 2 Garlic & Coriander Naan Breads 260G,🍝 Pantry,1.2,,,,,
4884,Dolmio Stir in Slow Roasted Garlic & Tomato Pasta Sauce 150g,🍝 Pantry,2.39,,,,,
4885,Sharwood's Korma Cooking Sauce 420g,🍝 Pantry,2.95,,,,,
4886,Sharwood's Tikka Masala Cooking Sauce 420g,🍝 Pantry,2.95,,,,,
4887,Ainsley Harriott Roasted Vegetable Couscous 100g,🍝 Pantry,1.1,,,1,,
4888,De Cecco Gnocchi Di Patate 500g,🍝 Pantry,2.9,,,2.9,,
4889,De Cecco Tortiglioni No23 500g,🍝 Pantry,2.45,,,,,
4890,Gallo Traditional Risotto Rice 500g,🍝 Pantry,3.29,,,,,
4891,Kikkoman Naturally Brewed Soy Sauce 150ml,🍝 Pantry,3.55,,,,,
4892,Old El Paso 12 Crunchy Taco Shells 156g,🍝 Pantry,2.3,,,,,
4893,Sacla' Pesto Sun-Dried Tomato 190g,🍝 Pantry,3.85,,,,,
4894,Barilla Pesto Genovese 190g,🍝 Pantry,2.99,,,,,
4895,Old El Paso 8 Tortilla Pockets 223g 231G,🍝 Pantry,3.05,,,,,
4896,Co-op Thai Sweet Chilli Sauce 200ml,🍝 Pantry,1.45,,,,,
4897,Co Op Easy Cook Long Grain Rice 1kg,🍝 Pantry,1.95,,,,,
4898,Co-op Easy Cook Long Grain Brown Rice 1kg,🍝 Pantry,2.69,,,,,
4899,Co Op Basmati Rice 500g,🍝 Pantry,1.79,,,,,
4900,Co Op Long Grain Rice 500g,🍝 Pantry,1.55,,,,,
4901,Ben's Original Sweet and Sour Extra Pineapple 450g,🍝 Pantry,2.75,,,,,
4902,Dolmio Smooth Tomato Sauce for Bolognese 450g,🍝 Pantry,2.85,,,,,
4903,Dolmio Onion & Garlic Sauce for Bolognese 675g,🍝 Pantry,3.15,,,,,
4904,Dolmio Sauce for Lasagne Tomato 675g,🍝 Pantry,3.15,,,,,
4905,Dolmio Creamy Sauce for Lasagne 655g,🍝 Pantry,3.15,,,,,
4906,Dolmio Sauce for Bolognese Original 675g,🍝 Pantry,3.15,,,,,
4907,Co-op Cook's Menu Cous Cous 500g,🍝 Pantry,1.29,,,,,
4908,Co-op Mexican Menu Mild Salsa 280g,🍝 Pantry,1.39,,,,,
4909,Co-op Italian Menu Tomato Sauce 500g,🍝 Pantry,1.8,,,,,
4910,Co-op Indian Menu Mini Poppadums 60g,🍝 Pantry,1.15,,,,,
4911,Co-op Brown Basmati Rice 500g,🍝 Pantry,1.8,,,,,
4912,Co-op Mexican Menu Taco Seasoning Spice Mix 30g,🍝 Pantry,0.75,,,,,
4913,Ben's Original Sauce for Chilli Con Carne Medium 450g,🍝 Pantry,2.75,,,,,
4914,Ben's Original Sweet & Sour Tangy 450g,🍝 Pantry,2.75,,,,,
4915,Dolmio Sauce for Lasagne Tomato 450g,🍝 Pantry,2.85,,,,,
4916,Co-op Italian Menu Wholewheat Fusilli 500g,🍝 Pantry,0.95,,,,,
4917,Dolmio Creamy Sauce for Lasagne 440g,🍝 Pantry,2.85,,,,,
4918,Dolmio Tomato & Basil Sauce for Meatballs 450g,🍝 Pantry,2.85,,,,,
4919,Co-op Italian Menu Macaroni 500g,🍝 Pantry,0.95,,,,,
4920,Co-op Italian Menu Lasagne Sheets 500g,🍝 Pantry,1.05,,,,,
4921,Co-op Italian Menu White Sauce 460g,🍝 Pantry,1.95,,,,,
4922,Co Op Basmati Rice 1kg,🍝 Pantry,2.45,,,,,
4923,Co-op Long Grain Rice 1kg,🍝 Pantry,1.95,,,,,
4924,Patak's Balti Cooking Sauce 450g,🍝 Pantry,2,,,,,
4925,Patak's The Original Madras Cooking Sauce 450g,🍝 Pantry,2,,,,,
4926,Patak's The Original Mango Chutney 210g,🍝 Pantry,1.85,,,,,
4927,Patak's South Indian Style Madras Curry Kit 270g,🍝 Pantry,3.6,,,,,
4928,Patak's The Original Punjabi Style Tikka Masala Curry Kit 270g,🍝 Pantry,3.6,,,,,
4929,Patak's The Original 2 Korma Paste Pots 2 x 70g 2X70G,🍝 Pantry,2.25,,,,,
4930,Veetee Basmati Rice 2 x 125g (250g) 2X125G,🍝 Pantry,1.45,,,,,
4931,Veetee Steam Filtered Thai Jasmine 2 x 140g (280g) 2X140G,🍝 Pantry,1.45,,,,,
4932,Veetee Steam Sticky Rice 2 x 130g (260g) 2X130G,🍝 Pantry,1.45,,,1.5,,
4933,Sharwood's Prawn Crackers 60g,🍝 Pantry,2.35,,,,,
4934,Homepride Creamy Tomato & Herb Pasta Bake 485g,🍝 Pantry,2.35,,,,,
4935,Old El Paso Soured Cream 230g,🍝 Pantry,2.8,,,,,
4936,Blue Dragon Rich Hoisin Sauce 250ml,🍝 Pantry,2.89,,,,,
4937,Blue Dragon Original Sweet Chilli Sauce 250ml,🍝 Pantry,2.9,,,,,
4938,Blue Dragon Black Bean Stir Fry Sauce 120g,🍝 Pantry,1.35,,,,,
4939,Loyd Grossman Italian Grated Cheese 80g,🍝 Pantry,2.95,,,,,
4940,Blue Dragon Medium Wok Ready Noodles 300g,🍝 Pantry,2.65,,,,,
4941,Old El Paso Fajita Seasoning Mix Smoky BBQ 35g,🍝 Pantry,1.5,,,1.3,,
4942,Blue Dragon Thai Red Curry Paste 170g,🍝 Pantry,2.7,,,,,
4943,Old El Paso Taco Seasoning Mix 25g,🍝 Pantry,1.5,,,,,
4944,Blue Dragon Thai Green Curry 253g,🍝 Pantry,3.1,,,,,
4945,Blue Dragon Pad Thai Noodle Kit 265g,🍝 Pantry,3.1,,,,,
4946,Old El Paso 8 Regular Tortillas Flour 326g,🍝 Pantry,2.2,,,,,
4947,Loyd Grossman No Added Sugar Pizza Sauce 350g,🍝 Pantry,3.7,,,,,
4948,Patak's the Original 2 Flame Baked Plain Naans 220G,🍝 Pantry,1.68,,,,,
4949,Patak's The Original 2 Flame Baked Peshwari Naans 220G,🍝 Pantry,2,,,,,
4950,Ben's Original Spicy Mexican Microwave Rice 220g,🍝 Pantry,1.65,,,,,
4951,Tilda Pure Microwave Basmati Rice Classics 250g,🍝 Pantry,1.05,,,1.65,,
4952,Tilda Microwave Egg Fried Rice 250g,🍝 Pantry,1.75,,,,,
4953,Tilda Wholegrain Basmati Rice 250g,🍝 Pantry,1.05,,,1.65,,
4954,Tilda Microwave Pilau Basmati Rice 250g,🍝 Pantry,1.05,,,,,
4955,Tilda Microwave Mushroom Basmati Rice 250g,🍝 Pantry,1.75,,,,,
4956,Patak's The Original 8 Plain Pappadums 64g,🍝 Pantry,1.5,,,,,
4957,Patak's the Original Tikka Masala Cooking Sauce 450g,🍝 Pantry,2,,,,,
4958,Patak's The Original Korma Cooking Sauce 450g,🍝 Pantry,2,,,,,
4959,Patak's The Original Butter Chicken Cooking Sauce 450g,🍝 Pantry,2,,,,,
4960,Patak's The Original Jalfrezi Cooking Sauce 450g,🍝 Pantry,2,,,,,
4961,Sacla' Pesto Classic Basil 190g,🍝 Pantry,3.85,,,,,
4962,Dolmio Onion & Garlic Sauce for Bolognese 450g,🍝 Pantry,2.85,,,,,
4963,Dolmio Original Sauce for Bolognese 450g,🍝 Pantry,2.85,,,,,
4964,Co-op Italian Menu Fusilli 500g,🍝 Pantry,0.95,,,,,
4965,Co-op Italian Menu Penne 500g,🍝 Pantry,0.95,,,,,
4966,Co-op Italian Spaghetti 500g,🍝 Pantry,0.95,,,,,
4967,Co-op Italian Linguine 500g,🍝 Pantry,0.95,,,,,
4968,Ben's Original Mixed Pepper Microwave Rice 220g,🍝 Pantry,1.05,,,,,
4969,Ben's Original Wholegrain Spicy Mexican Microwave Rice 220g,🍝 Pantry,1.05,,,,,
4970,Clay Oven Bakery Garlic & Coriander Naan Breads 240g 2X120G,🍝 Pantry,1.89,,,,,
4971,"Dolmio Intensify Spicy Red Pepper, Smoked Paprika & Chilli Pasta Sauce 400g",🍝 Pantry,2.75,,,,,
4972,Tilda Boil in Bag Pure Basmati Rice 250g,🍝 Pantry,1.05,,,,,
4973,Tilda Brown Basmati 500g,🍝 Pantry,3.45,,,,,
4974,Dolmio Stir in Sun-Dried Tomato Pasta Sauce 150g,🍝 Pantry,2.39,,,,,
4975,Dolmio Stir In Carbonara Pasta Sauce 150g,🍝 Pantry,2.39,,,,,
4976,Co-op Medium Egg Noodles 250g,🍝 Pantry,1.5,,,,,
4977,Tilda Microwave Lime and Coriander Basmati Rice 250g,🍝 Pantry,1.75,,,,,
4978,Tilda Wholegrain Basmati and Wild Rice 250g,🍝 Pantry,1.75,,,,,
4979,Tilda Microwave Fragrant Jasmine Rice 250g,🍝 Pantry,1.05,,,,,
4980,Tilda Classics Golden Vegetable Rice 250g,🍝 Pantry,1.05,,,,,
4981,Homepride Tomato & Bacon Pasta Bake 485g,🍝 Pantry,2.36,,,,,
4982,Blue Dragon Light Coconut Milk 400ml,🍝 Pantry,2.65,,,,,
4983,Blue Dragon Coconut Milk 400ml,🍝 Pantry,2.65,,,,,
4984,Blue Dragon Satay Stir Fry Sauce 120g,🍝 Pantry,1.35,,,,,
4985,Blue Dragon Medium Egg Noodles 250g,🍝 Pantry,1.8,,,,,
4986,Blue Dragon Hoisin & Garlic Stir Fry Sauce 120g,🍝 Pantry,1.35,,,,,
4987,Blue Dragon Thai Green Curry Paste 170g,🍝 Pantry,2.7,,,,,
4988,Patak's The Original 2 Flame Baked Garlic & Coriander Naans 220G,🍝 Pantry,1.68,,,,,
4989,Blue Dragon Light Soy Sauce 150ml,🍝 Pantry,2,,,,,
4990,Blue Dragon Dark Soy Sauce 150ml,🍝 Pantry,2,,,,,
4991,Ainsley Harriott Spice Sensation Couscous 100g,🍝 Pantry,1.1,,,,,
4992,Kingfisher Oriental Sliced Water Chestnuts in Water 225g,🍝 Pantry,1.39,,,,,
4993,Kingfisher Oriental Sliced Bamboo Shoots in Water 225g,🍝 Pantry,1.39,,,,,
4994,Bens Original Smokey BBQ 220g,🍝 Pantry,1.65,,,,,
4995,Tilda Pure Original Basmati 1kg,🍝 Pantry,5.5,,,,,
4996,Clay Oven Bakery Plain Naan Breads 240g,🍝 Pantry,1.89,,,,,
4997,Tilda Fragrant Jasmine 500g,🍝 Pantry,3.1,,,,,
4998,Old El Paso Thick 'N Chunky Mild Salsa 226g,🍝 Pantry,2.39,,,,,
4999,Ben's Original Boil In Bag Long Grain Rice 8 x 62.5g 500G,🍝 Pantry,3.55,,,,,
5000,Co-op Chinese Menu Prawn Crackers 60g,🍝 Pantry,1.29,,,,,
5001,Co-op Indian Menu Korma Curry Sauce 450g,🍝 Pantry,1.3,,,,,
5002,Co-op Indian Menu Tikka Masala Curry Sauce 450g,🍝 Pantry,1.3,,,,,
5003,Co-op Italian Red Pesto 190g,🍝 Pantry,1.69,,,,,
5004,Co-op Wholewheat Noodles 250g,🍝 Pantry,1.5,,,,,
5005,Co-op Fine Egg Noodles 250g,🍝 Pantry,1.5,,,,,
5006,Co-op Thai Menu Spicy Crackers 80g,🍝 Pantry,1.79,,,,,
5007,Co-op Chinese Menu Dark Soy Sauce 150ml,🍝 Pantry,1.29,,,,,
5008,Co-op Indian Menu 8 Plain Poppadoms 64g 8S,🍝 Pantry,2.1,,,,,
5009,Co-op Italian Spirali 500g,🍝 Pantry,0.95,,,,,
5010,Co-op Italian Menu Farfalle 500g,🍝 Pantry,0.95,,,,,
5011,Co-op Long Grain Rice 250g,🍝 Pantry,1,,,,,
5012,Co-op Basmati Rice 250g,🍝 Pantry,1,,,,,
5013,Co-op Wholegrain Rice 250g,🍝 Pantry,1,,,,,
5014,Co-op Golden Vegetable Rice 250g,🍝 Pantry,1.05,,,,,
5015,Co-op Thai Menu Coconut Milk 400ml,🍝 Pantry,1.7,,,,,
5016,Co-op Thai Menu Light Coconut Milk 400ml,🍝 Pantry,1.7,,,,,
5017,Co-op Indian Menu 2 Plain Naan Breads 260G,🍝 Pantry,1.19,,,,,
5018,Co-op Italian Menu Green Pesto 190g,🍝 Pantry,1.69,,,,,
5019,Blue Dragon Sweet & Sour Stir Fry Sauce 120g,🍝 Pantry,1.35,,,,,
5020,Blue Dragon Chow Mein Stir Fry Sauce 120g,🍝 Pantry,1.35,,,,,
5021,Barilla Spaghetti N°5 500g,🍝 Pantry,1.79,,,,,
5022,Barilla Classic Fusilli N°98 500g,🍝 Pantry,1.79,,,,,
5023,Barilla Basilico 400g,🍝 Pantry,2.49,,,,,
5024,Barilla Arrabbiata 400g,🍝 Pantry,2.49,,,,,
5025,Loyd Grossman 2 Flame Baked Pizza Bases 220g 2X110G,🍝 Pantry,2.8,,,,,
5026,Napolina Penne 500g,🍝 Pantry,1.75,,,,,
5027,Napolina Spaghetti 500g,🍝 Pantry,1.75,,,,,
5028,Dolmio Intensify Creamy Garlic & Black Pepper Pasta Sauce 390g,🍝 Pantry,2.75,,,,,
5029,Co-op Italian Conchiglie 500g,🍝 Pantry,0.95,,,,,
5030,Co-op Italian Menu Tagliatelle 500g,🍝 Pantry,0.95,,,,,
5031,Co-op Mexican Menu Sliced Green Jalapeños 225g,🍝 Pantry,1.49,,,,,
5032,Loyd Grossman Tomato & Roasted Garlic Pasta Sauce 350g,🍝 Pantry,3.7,,,,,
5033,Loyd Grossman Tomato & Chilli Sauce 350g,🍝 Pantry,3.7,,,,,
5034,Loyd Grossman Tomato & Basil 350g,🍝 Pantry,3.7,,,,,
5035,Loyd Grossman Bolognese Original Pasta Sauce 350g,🍝 Pantry,3.7,,,,,
5036,Loyd Grossman Tomato & Mascarpone 350g,🍝 Pantry,3.7,,,,,
5037,Dolmio Stir In Smoked Bacon and Tomato Pasta Sauce 150g,🍝 Pantry,2.39,,,,,
5038,Old El Paso Soft Taco Street Vibes Kit Barbacoa 255g,🍝 Pantry,3.69,,,,,
5039,Old El Paso Original Tortilla Nachips 185g,🍝 Pantry,2.35,,,,,
5040,Co-op Risotto Rice 500g,🍝 Pantry,1.3,,,,,
5041,Co-op Wild Pacific Red Salmon 170g,🍝 Pantry,5.25,,,,,
5042,Butter Beans 500g,🍝 Pantry,3.89,,,,,
5043,Haricot Dried  Beans 500G,🍝 Pantry,3.49,,,,,
5044,Pek Chopped Pork 300g,🍝 Pantry,2.65,,,,,
5045,Mixed Dried Beans P/P... 500g,🍝 Pantry,3.2,,,,,
5046,Baxters Chicken Broth 400g,🍝 Pantry,2.3,,,,,
5047,Ye Olde Oak 6 American Style Hot Dogs in Brine 400g,🍝 Pantry,1.89,,,,,
5048,Ye Olde Oak 8 Premium Hot Dogs in Brine 560g,🍝 Pantry,2.05,,,,,
5049,Spam Chopped Pork and Ham 200g,🍝 Pantry,3.3,,,,,
5050,Spam Chopped Pork and Ham 340g,🍝 Pantry,4.05,,,,,
5051,Princes Tuna Chunks in Spring Water 145g,🍝 Pantry,1.85,,,,,
5052,Princes Corned Beef 200g,🍝 Pantry,4.2,,,,,
5053,Co-op Marrowfat Peas 300g,🍝 Pantry,0.69,,,,,
5054,Co-op Tuna Chunks in Brine 145g,🍝 Pantry,1.2,,,,,
5055,Co-op Tuna Chunks in Sunflower Oil 3 x 145g 3X145G,🍝 Pantry,3.49,,,,,
5056,Co-op Tuna Chunks in Spring Water 145g,🍝 Pantry,1.2,,,,,
5057,Co-op Tuna Chunks in Sunflower Oil 145g,🍝 Pantry,1.2,,,,,
5058,Co-op Italian Chopped Tomatoes in Tomato Juice 400g,🍝 Pantry,0.9,,,,,
5059,Co-op Italian Plum Tomatoes in Tomato Juice 400g,🍝 Pantry,0.9,,,,,
5060,Co-op Cream of Chicken Soup 400g,🍝 Pantry,1,,,,,
5061,Co-op Classic Cream of Tomato Soup 400g,🍝 Pantry,1,,,,,
5062,Co-op Classic Vegetable Soup 400g,🍝 Pantry,1,,,,,
5063,Co-op Tuna Chunks in Brine 3 x 145g 3X145G,🍝 Pantry,3.49,,,,,
5064,Co-op Tuna Chunks in Spring Water 3 x 145g 3X145G,🍝 Pantry,3.49,,,,,
5065,Stagg Chili Classic Beef & Beans Chili Con Carne 400g,🍝 Pantry,2.8,,,,,
5066,Napolina Chopped Tomatoes in a Rich Tomato Juice 4 x 400g 4X400G,🍝 Pantry,4.2,,,,,
5067,Branston Baked Beans 410g,🍝 Pantry,0.84,,,,,
5068,Princes Tuna Chunks in Brine 4 x 145g 4X145G,🍝 Pantry,5.25,,,,,
5069,Heinz Beef Tinned Ravioli 400g,🍝 Pantry,2.55,,,,,
5070,Heinz Baked Beans in Tomato Sauce 4 x 200g 800G,🍝 Pantry,4,,,,,
5071,Green Giant Original 4 x 198g 4X198G,🍝 Pantry,4.15,,,,,
5072,Heinz Spaghetti In a Rich Tomato Sauce With Richmond Pork Sausages 400g,🍝 Pantry,2.55,,,,,
5073,Baxters Favourites Minestrone 400g,🍝 Pantry,2.3,,,,,
5074,Co-op Baked Beans in Tomato Sauce 400g,🍝 Pantry,0.7,,,,,
5075,Co-op Sardines in Tomato Sauce 120g,🍝 Pantry,0.8,,,,,
5076,Co-op Wild Pacific Pink Salmon 213g,🍝 Pantry,3.59,,,,,
5077,Nature's Finest Peach in Juice 400g,🍝 Pantry,2.6,,,,,
5078,Nature's Finest Mandarin in Juice 390g,🍝 Pantry,2.6,,,,,
5079,Princes Mandarin Segments in Juice 298g,🍝 Pantry,1.25,,,,,
5080,Princes Pineapple Slices in Juice 432g,🍝 Pantry,1.05,,,,,
5081,Princes Fruit Cocktail in Light Syrup 410g,🍝 Pantry,1.05,,,,,
5082,Princes Prunes in Juice 410g,🍝 Pantry,1.65,,,,,
5083,Co-op Wild Pacific Red Salmon 213g,🍝 Pantry,5.3,,,,,
5084,Co-op Italian Passata Sieved Tomatoes 500g,🍝 Pantry,0.9,,,,,
5085,Batchelors Cup a Soup 4 Chicken Sachets 81g,🍝 Pantry,1.85,,,,,
5086,Co-op Sweetcorn in Water 198g,🍝 Pantry,0.79,,,,,
5087,Co-op Chilli Beans in a Spicy Tomato Sauce 390g,🍝 Pantry,1.1,,,,,
5088,Co Op Wholefoods Dried Red Split Lentils 500g,🍝 Pantry,1.85,,,,,
5089,Co-op Mackerel Fillets in Sunflower Oil 85g 125G,🍝 Pantry,1.85,,,,,
5090,Co-op Mackerel Fillets in Tomato Sauce 125g,🍝 Pantry,1.85,,,,,
5091,Co-op Mackerel Fillets in Brine 125g,🍝 Pantry,1.85,,,,,
5092,Co-op Cannellini Beans in Water 400g,🍝 Pantry,1.1,,,,,
5093,Co-op Chick Peas in Water 400g,🍝 Pantry,1.1,,,,,
5094,Co-op Butter Beans in Water 400g,🍝 Pantry,1.1,,,,,
5095,Co-op Red Kidney Beans in Water 400g,🍝 Pantry,1.1,,,,,
5096,Napolina Lentils in Water 400g,🍝 Pantry,1.45,,,,,
5097,Heinz Hoops 400g,🍝 Pantry,1.7,,,,,
5098,Heinz Baked Beans 415g,🍝 Pantry,1.79,,,1.4,,
5099,Heinz Tinned Baked Beans 200g,🍝 Pantry,1.35,,,,,
5100,Heinz Baked Beans 4 x 415g 4X415G,🍝 Pantry,4.95,,,,,
5101,Heinz Spaghetti Hoops 205g,🍝 Pantry,1.3,,,,,
5102,Heinz Potato & Leek Tinned Soup 400g,🍝 Pantry,2.15,,,,,
5104,Heinz Cream of Chicken Soup 400g,🍝 Pantry,2.15,,,,,
5105,Heinz Oxtail Tinned Soup 400g,🍝 Pantry,2.15,,,,,
5106,Heinz Lentil Tinned Soup 400g,🍝 Pantry,2.15,,,,,
5107,Heinz Cream of Tomato Tinned Soup  4 x 400g 4X400G,🍝 Pantry,4.2,,,,,
5108,Heinz BIG SOUP Chunky Chicken and Vegetable 400g,🍝 Pantry,3,,,,,
5109,Heinz Beef & Vegetable Chunky Big Soup 400g,🍝 Pantry,3,,,,,
5110,Heinz Chicken Noodle Tinned Soup 400g,🍝 Pantry,2.15,,,,,
5111,John West No Drain Fridge Pot Tuna Steak with a Little Sunflower Oil 110g,🍝 Pantry,2.3,,,,,
5112,Co-op Tomato & Three Bean Soup 400g,🍝 Pantry,1,,,,,
5113,Co-op Tuna Steak with a Little Spring Water 110g,🍝 Pantry,1.59,,,,,
5114,Heinz Scotch Broth Tinned Soup 400g,🍝 Pantry,2.15,,,,,
5115,Princes Pineapple Chunks in Juice 432g,🍝 Pantry,1.05,,,,,
5116,John West Anchovy Fillets 95g,🍝 Pantry,3.15,,,,,
5117,Batchelors Cup a Soup 4 Chicken & Vegetable with Croutons Sachets 110g,🍝 Pantry,1.85,,,,,
5118,Batchelors Cup a Soup 4 Potato & Leek Sachets 107g,🍝 Pantry,1.85,,,,,
5119,Hunger Breaks Chilli Con Carne 392g,🍝 Pantry,2.45,,,,,
5120,Co-op Sliced Carrots in Water 300g,🍝 Pantry,0.7,,,,,
5121,Heinz Mulligatawny Soup 400g,🍝 Pantry,2.15,,,,,
5122,Princes Apricot Halves in Light Syrup 410g,🍝 Pantry,1.89,,,,,
5123,Nature's Finest Mango in Juice 400g,🍝 Pantry,2.6,,,,,
5124,Nature's Finest Pitted Prunes in Juice 700g,🍝 Pantry,3.59,,,,,
5125,Princes Peach Slices with Juice 410g 400G,🍝 Pantry,1.05,,,,,
5126,Princes Fruit Cocktail with Juice 410g,🍝 Pantry,1.05,,,,,
5127,Crosse & Blackwell Cream of Tomato Soup 400g,🍝 Pantry,1.59,,,,,
5128,Crosse & Blackwell Cream of Chicken Condensed Soup 295g,🍝 Pantry,1.45,,,,,
5129,Crosse & Blackwell Roast Chicken & Vegetable Soup 400g,🍝 Pantry,1.59,,,,,
5130,John West on the Go Light Mediterranean Tuna Pasta Salad 220g,🍝 Pantry,2.6,,,,,
5131,Baxters Favourites Cock-a-Leekie 400g,🍝 Pantry,2.3,,,,,
5132,Baxters Favourites French Onion 400g,🍝 Pantry,2.3,,,,,
5133,Fray Bentos Steak & Gravy 425g,🍝 Pantry,3.95,,,,,
5134,Bold Bean Co Rich Tomato Baked Beans 390g 6X390G,🍝 Pantry,3.7,,,,,
5135,Bold Bean Co Smoky Chilli Baked Beans 390g 2340G,🍝 Pantry,3.7,,,,,
5136,Co-op Mushy Peas 300g,🍝 Pantry,0.7,,,,,
5137,Co-op Double Concentrated Italian Tomato Puree 200g,🍝 Pantry,0.9,,,,,
5138,Co-op Sardines in Sunflower Oil 120g,🍝 Pantry,0.79,,,,,
5139,Nature's Finest Mandarin in Juice 4 x 113g (452g) 4X113G,🍝 Pantry,2.59,,,,,
5140,Nature's Finest Peach in Juice 4 x 120g (480g) 4X120G,🍝 Pantry,2.59,,,,,
5141,Nature's Finest Pineapple in Juice 4 x 113g (452g) 4X113G,🍝 Pantry,2.59,,,,,
5142,Heinz Baked Beans & Richmond Pork Sausages 415G,🍝 Pantry,2.55,,,,,
5143,John West Infusions Tuna Chilli & Garlic 80g,🍝 Pantry,2.1,,,,,
5144,John West Infusions Tuna Basil 80g,🍝 Pantry,2.1,,,,,
5145,John West Fridge Pot Tuna Steak with a Little Spring Water 110g,🍝 Pantry,2.3,,,,,
5146,Co-op Garden Peas in Water 290g,🍝 Pantry,0.85,,,,,
5147,Co-op Tuna Steak with a Little Sunflower Oil 3 x 110g 3X110G,🍝 Pantry,4.1,,,,,
5148,Co-op Classic Minestrone Soup 400g,🍝 Pantry,1,,,,,
5149,Co-op Honest Value Chopped Tomatoes in Tomato Juice 400g,🍝 Pantry,0.7,,,,,
5150,Co-op Tuna Flakes in Brine 145g,🍝 Pantry,0.85,,,,,
5151,Co-op Spaghetti Rings in Tomato Sauce 385g,🍝 Pantry,0.75,,,,,
5152,Co-op Tuna Steak with a Little Spring Water 3 x 110g 3X110G,🍝 Pantry,4.1,,,,,
5153,Co-op Green Lentils in Water 400g,🍝 Pantry,0.7,,,,,
5154,Co-op Black Eyed Beans in Water 400g,🍝 Pantry,0.7,,,,,
5155,Co-op Black Beans 400G,🍝 Pantry,0.7,,,,,
5156,Co-op Classic Corned Beef 340g,🍝 Pantry,4.45,,,,,
5157,Co-op Classic Corned Beef 200g,🍝 Pantry,3.35,,,,,
5158,Co-op Baked Beans in Tomato Sauce 210g,🍝 Pantry,0.65,,,,,
5159,Co-op Cream of Mushroom Soup 400g,🍝 Pantry,1,,,,,
5160,Co-op Classic Scotch Broth 400g,🍝 Pantry,1,,,,,
5161,Heinz Cathedral City Cheesy Tinned Baked Beans 390g,🍝 Pantry,2,,,,,
5162,Napolina Peeled Plum Tomatoes in a Rich Tomato Juice 400g,🍝 Pantry,1.59,,,,,
5163,Baxters Favourites Lentil & Bacon 400g,🍝 Pantry,2.3,,,,,
5164,Napolina Chopped Tomatoes in a Rich Tomato Juice 400g,🍝 Pantry,1.59,,,,,
5165,John West Sweet Chilli Salmon Pot 80g,🍝 Pantry,2.4,,,,,
5166,Finish Quantum All In One Dishwasher Tablets Lemon - 36 Tabs,🧹 Household,8.5,,,,,
5167,Mr Sheen Multi-Surface Spring Fresh Polish Spray,🧹 Household,2.1,,,,,
5168,Finish Rinse & Shine Aid 400ml,🧹 Household,3.65,,,,,
5169,Co-op Dishwasher Rinse Aid Lemon 400ml,🧹 Household,2.95,,,,,
5170,Co Op Thick Bleach Original 750ml,🧹 Household,0.95,,,,,
5171,Co-op Thick Bleach Lime 750ml,🧹 Household,0.95,,,,,
5172,Dettol 5 in 1 Antibacterial Washing Machine Cleaner Lemon Breeze 250ml,🧹 Household,4.79,,,,,
5173,Dettol Antibacterial Cleansing Surface Wipes 72 Large Wipes,🧹 Household,3.15,,,,,
5174,Dettol 110 Multi Purpose Wipes Citrus Zest,🧹 Household,4.2,,,,,
5175,Duzzit Shake & Fresh Carpet Odour Neutraliser Fresh Linen 500g,🧹 Household,1.55,,,,,
5176,"Viakal Classic Limescale Remover Spray 500ML, To Remove Up To 100% Of Limescale",🧹 Household,3.85,,,,,
5177,Flash Bleach Cleaning Spray For Hard Surfaces 800ML,🧹 Household,3.3,,,,,
5178,Co-op 30 Ultimate All in One Dishwasher Tablets Lemon 510g,🧹 Household,3.39,,,,,
5179,Co-op 40 Antibacterial Lemon Multi-Surface Wipes,🧹 Household,1.3,,,,,
5180,Co-op Dishwasher Cleaner 250ml,🧹 Household,3.4,,,,,
5181,Co-op 4 Non Scratch Sponge Scourer,🧹 Household,1.2,,,,,
5182,Co-op 4 Hand Sponge Scourer,🧹 Household,1.2,,,,,
5183,Fairy Original Washing Up Liquid Green with LiftAction 654 ML,🧹 Household,2.99,,,,,
5184,Harpic Power Plus 10X Clean and Protect Citrus 750ml,🧹 Household,2.2,,,,,
5185,Cillit Bang Black Mould Remover Spray 750ml,🧹 Household,4.39,,,,,
5186,Dettol Antibacterial Surface Cleanser Spray 750ml,🧹 Household,3.4,,,,,
5187,Zoflora All Purpose Concentrated Disinfectant Mandarin & Lime 4 in 1 Action 250ml,🧹 Household,3.15,,,,,
5188,Flash Spray Wipe Done Antibac Apple Blossom Cleaning Spray 800ml,🧹 Household,2.89,,,,,
5189,"Fairy Skip the Soak Dish Power Spray Lemon 500ml, Dishes & Kitchen, Grease Remover",🧹 Household,3.15,,,,,
5190,Flash Multipurpose Floor Liquid Cleaner Crisp Lemon 1L,🧹 Household,2.65,,,,,
5191,Flash Spray Wipe Done Bright Mandarin Cleaning Spray 800ml,🧹 Household,3.3,,,,,
5192,Cif Ocean Floor Cleaner 950 ml,🧹 Household,2.2,,,,,
5193,Febreze 3Volution Air Freshener Plug In Refill Spring Awakening 20ML,🧹 Household,4.65,,,,,
5194,Co-op 15 Antibacterial Floor Wipes,🧹 Household,1.55,,,,,
5195,Co-op Original Washing Up Liquid 450ml,🧹 Household,1.2,,,,,
5196,Co-op Lemon Washing Up Liquid 450ml,🧹 Household,1.2,,,,,
5197,Zoflora All Purpose Concentrated Disinfectant Linen Fresh 250ml,🧹 Household,3.15,,,,,
5198,Domestos Power 5 Toilet Rim Block Lime 50 g,🧹 Household,1.6,,,,,
5199,Febreze Air Freshener Spray Lenor Spring Awakening 185ML,🧹 Household,3.25,,,,,
5200,Zoflora Multipurpose Cleaner Midnight Blooms 800ml,🧹 Household,2.69,,,,,
5201,Co Op Medium Fairly Traded Household Gloves,🧹 Household,1.85,,,,,
5202,Co-op Blue Cistern Blocks 2 x 38g,🧹 Household,1.2,,,,,
5203,Domestos Thick Bleach Original 750 ml,🧹 Household,1.7,,,,,
5204,Cif Lemon Cream Cleaner 500 ml,🧹 Household,1.65,,,,,
5205,Domestos Thick Bleach Citrus Fresh 750 ml,🧹 Household,1.7,,,,,
5206,Flash Spray.Wipe.Done. Bathroom Antibac Cleaning Spray White Blossom 800ML,🧹 Household,3.3,,,,,
5207,Febreze Antibacterial Fabric Freshener Spray Fresh Linen 385ML,🧹 Household,3.15,,,,,
5208,"Raid Rapid Action Wasp, Mosquito & Fly Killer Aerosol Spray 300ml",🧹 Household,2.85,,,,,
5209,Duck Toilet Deep Action Gel Liquid Cleaner Marine 750ml,🧹 Household,1.9,,,,,
5210,Febreze 3Volution Air Freshener Plug In Refill Cotton Fresh 20ML,🧹 Household,4.65,,,,,
5211,Mr Muscle Platinum Window & Glass Spray 750ml,🧹 Household,3.15,,,,,
5212,"Air Wick Pure Aerosol, Cherry Blossom Air Freshener, 250ml",🧹 Household,3.6,,,,,
5213,"Febreze Bathroom, Continuous Air Freshener Blossom & Breeze 1 Count",🧹 Household,3.3,,,,,
5214,Finish Ultimate All In One Dishwasher Tablets Fresh - 55 Tabs,🧹 Household,9.45,,,,,
5215,Fairy Clean & Fresh Washing Up Liquid Pomegranate & Honeysuckle 320ML,🧹 Household,1.45,,,,,
5216,Fairy Original Washing Up Liquid Green with LiftAction 320 ML,🧹 Household,1.45,,,,,
5217,Fairy Washing Up Liquid Lemon with LiftAction 320 ML,🧹 Household,1.45,,,,,
5218,"Fairy Platinum Plus Dishwasher Tablets, Lemon, 25 Capsules, Powerful Even In Quick Cycles",🧹 Household,7.35,,,,,
5219,Co-op 3 Cloths,🧹 Household,1.45,,,,,
5220,"Fairy 30 Minute Miracle Platinum Plus Dishwasher Tablets, 26 Capsules",🧹 Household,8.4,,,,,
5221,"Fairy Original Power Dishwasher Tablets, Lemon, 22 Capsules, 1st Time Clean, No Rewash",🧹 Household,6.3,,,,,
5222,Cif Bathroom Spray 700 ml,🧹 Household,3.95,,,,,
5223,Air Wick White Vanilla Bean Candle 105g,🧹 Household,3.6,,,,,
5224,Air Wick Candle Pink Sweet Pea 105g,🧹 Household,3.6,,,,,
5225,Finish Ultimate Plus All In One Lemon Dishwasher Tablets Lemon - 48 Tabs,🧹 Household,13.15,,,,,
5226,Finish Quantum All In One Lemon Dishwasher Tablets - 24 Tabs,🧹 Household,5.8,,,,,
5227,Air Wick Plug-In Kit Linen & White Orchid Air Freshener 19ml,🧹 Household,6.35,,,,,
5228,Air Wick Plug-In Refill Linen & White Orchid Air Freshener 19ml,🧹 Household,4.4,,,,,
5229,Dettol Antibacterial Mould & Mildew Remover 750ml,🧹 Household,4.09,,,,,
5230,Finish Ultimate All In One Dishwasher Tablets Lemon - 32 Tabs,🧹 Household,11,,,,,
5231,Dettol Liquid Antiseptic 500ml,🧹 Household,4.65,,,,,
5232,Dr. Beckmann Original Carpet Stain Remover 650ml,🧹 Household,4.15,,,,,
5233,Mr Muscle Sink & Drain Unblocker Gel 500ml,🧹 Household,4.4,,,,,
5234,Zoflora All Purpose Concentrated Disinfectant Midnight Blooms 250ml,🧹 Household,3.15,,,,,
5235,Domestos Bleach Foam Mint Boost 450 ml,🧹 Household,3.4,,,,,
5236,Bloo Power Active Lemon 50g,🧹 Household,2.39,,,,,
5237,Domestos Power Foam Arctic Fresh Toilet & Bathroom Cleaner Spray 450 ml,🧹 Household,3.4,,,,,
5238,Domestos Power 5 Ocean Toilet Rim Block 50 g,🧹 Household,1.6,,,,,
5239,Febreze 3Volution Smart Programming Air Freshener Plug-In Starter Kit Cotton Fresh 20ML,🧹 Household,6.6,,,,,
5240,Domestos Power 5 Ocean Toilet Rim Blocks 2x 50 g,🧹 Household,2.29,,,,,
5241,Cif Infinite Clean All in One Cleaner Lavender & Eucalyptus 280 ml,🧹 Household,4.2,,,,,
5242,Cif Infinite Clean Lime & Lemongrass All in One Cleaner 280 ml,🧹 Household,4.2,,,,,
5243,Cif Infinite Clean Sensitive Lotus & Mineral Salt All in One Cleaner Reload 280 ml,🧹 Household,3.15,,,,,
5244,Method Wild Rhubarb Anti-Bac All Purpose Cleaner 828ml,🧹 Household,3.95,,,,,
5245,"Fairy Platinum Plus Dishwasher Tablets, Lemon, 36 Capsules, Powerful Even In Quick Cycles",🧹 Household,12,,,,,
5246,Fairy Max Power Washing Up Liquid Antibacterial 545ML,🧹 Household,2.65,,,,,
5247,Fairy Max Power Washing Up Liquid 545ML,🧹 Household,3.4,,,,,
5248,Febreze Fabric Freshener Spray Lenor Spring Awakening 500ML,🧹 Household,3.59,,,,,
5249,Co-op Antibacterial Washing Up Liquid 450ml,🧹 Household,1.2,,,,,
5250,Co-op Kitchen with Bleach Cleaner 750ml,🧹 Household,1.2,,,,,
5251,Co-op Aqua Multi-surface Cleaner 1LTR,🧹 Household,1.35,,,,,
5252,Co-op Lemon Multi-Surface Cleaner 750ml,🧹 Household,1.1,,,,,
5253,Comfort Perfume Creations Fabric Conditioner Strawberry & Lily 900 ml,🧹 Household,2.95,,,,,
5254,Comfort Perfume Creations Fabric Conditioner Honeysuckle & Sandalwood 30 washes (900 ml),🧹 Household,2.95,,,,,
5255,Persil Non Bio Liquid Detergent 35 washes (945 ml),🧹 Household,5.25,,,,,
5256,Surf 3 in 1 Tropical Lily Laundry Washing Detergent Capsules 26 washes,🧹 Household,4.75,,,,,
5257,Surf Tropical Lily Laundry Washing 60 washes,🧹 Household,6.85,,,,,
5258,"Fairy Fabric Softener, Voted No1 For Sensitive Skin, 48 Washes, 1.488l",🧹 Household,3.68,,,,,
5259,"Fairy Non Bio Detergent Gel, 26 Washes 858ml, For Sensitive Skin",🧹 Household,5.25,,,,,
5260,"Ariel Washing Liquid, 26 Washes, Original",🧹 Household,5.25,,,,,
5261,"Bold Lavender and Camomile Liquid Laundry Detergent Gel 26 Washes, 858ml",🧹 Household,7.35,,,,,
5262,"Persil Non Bio 4 in 1 fast-dissolving laundry capsules, 15 washes",🧹 Household,6.75,,,,,
5263,Comfort Fresh Sunshiny Days Fabric Conditioner 31 washes (930 ml),🧹 Household,1.85,,,,,
5264,"Lenor Outdoorable Fabric Conditioner 60 Washes, Floral Fresh",🧹 Household,5,,,,,
5265,Comfort Fresh Fabric Conditioner Blue Skies 31 washes (930 ml),🧹 Household,1.85,,,,,
5266,"Lenor Outdoorable Fabric Conditioner 60 Washes, Spring Awakening",🧹 Household,5,,,,,
5267,Vanish Oxi Action Crystal White Chlorine Bleach Free Whitener & Stain Remover 450g,🧹 Household,5.5,,,,,
5268,Vanish Oxi Action Vibrant Colours Chlorine Bleach Free Stain Remover 450g,🧹 Household,5.5,,,,,
5269,"Persil Bio 4 in 1 fast-dissolving laundry capsules, 34 washes",🧹 Household,9,,,,,
5270,"Persil Non Bio 4 in 1 fast-dissolving laundry capsules, 34 washes",🧹 Household,9,,,,,
5271,Lenor Unstoppables Fresh Scent Booster 280g,🧹 Household,6.85,,,,,
5272,"Fairy In-Wash Scent Booster 280g, Almond Milk & Manuka Honey",🧹 Household,4.73,,,,,
5273,"Lenor Fabric Conditioner 29 Washes, Gold Orchid",🧹 Household,2.63,,,,,
5274,Persil Bio Laundry Washing Liquid Detergent 648 ml (24 washes),🧹 Household,6.35,,,,,
5275,Persil Non Bio Laundry Washing Liquid Detergent 648 ml (24 washes),🧹 Household,6.35,,,,,
5276,Surf Tropical Lily Washing Powder 45 washes 2.25 kg,🧹 Household,6,,,,,
5277,Surf Tropical Lily Washing Powder 23 washes 1.15 kg,🧹 Household,4,,,,,
5278,Persil Washing Powder Non Bio 21 washes (1.05 kg),🧹 Household,6,,,,,
5279,Surf 3 in 1 Tropical Lily Laundry Washing Detergent Capsules 15 washes,🧹 Household,5.25,,,,,
5280,Surf Tropical Lily Laundry Washing 24 washes,🧹 Household,3.95,,,,,
5281,"Ariel 4in1 PODS®, Washing Liquid Capsules 33 Washes",🧹 Household,7.35,,,,,
5282,"Ariel 4in1 PODS®, Washing Liquid Capsules 15 Washes",🧹 Household,5.25,,,,,
5283,"Fairy Fabric Softener, Voted No1 For Sensitive Skin, 29 Washes, 899ml",🧹 Household,3.15,,,,,
5284,"Lenor Fabric Conditioner 29 Washes, Spring Awakening",🧹 Household,3.15,,,,,
5285,"Fairy Non Bio Washing Liquid Pods, For Sensitive Skin 33 Washes",🧹 Household,7.35,,,,,
5286,"Fairy Non Bio Washing Liquid Pods, For Sensitive Skin 15 Washes",🧹 Household,5.25,,,,,
5287,"Bold PODS® Washing Liquid Capsules 15 Washes, Lavender and Camomile",🧹 Household,4.2,,,,,
5288,"Bold PODS® Washing Liquid Capsules 33 Washes, Spring Awakening",🧹 Household,11,,,,,
5289,Comfort Fabric Conditioner Pure 31 washes (930 ml),🧹 Household,1.85,,,,,
5290,Surf Magnifi-Scent Wash Floral Fusion Laundry Liquid 837 ml (31 Washes),🧹 Household,6.85,,,,,
5291,Comfort Vaporesse Fresh Sky Ironing Water 1 L,🧹 Household,1.35,,,,,
5292,"Ariel 4in1 PODS®, Washing Liquid Capsules 50 Washes",🧹 Household,14.75,,,,,
5293,"Lenor Scent Booster 280g, Spring Awakening",🧹 Household,4.2,,,,,
5294,"Fairy Non Bio Washing Liquid Pods, For Sensitive Skin 50 Washes",🧹 Household,14.75,,,,,
5295,"Bold PODS® Washing Liquid Capsules 50 Washes, Spring Awakening",🧹 Household,14.75,,,,,
5296,Calgon washing machine cleaner gel anti-limescale 750ml,🧹 Household,7.3,,,,,
5297,Lenor Unstoppables Fresh Scent Booster 155g,🧹 Household,3.95,,,,,
5298,"Lenor Scent Booster 155g, Spring Awakening",🧹 Household,3.95,,,,,
5299,"Fairy In-Wash Scent Booster 155 g, Fresh",🧹 Household,3.8,,,,,
5300,"Ariel Washing Liquid, 50 Washes, Original",🧹 Household,7.35,,,,,
5301,"Fairy Non Bio Liquid Detergent, 50 Washes 1.55l, For Sensitive Skin",🧹 Household,7.35,,,,,
5302,"Fairy Non Bio Detergent Gel, 38 Washes 1.254L, For Sensitive Skin",🧹 Household,8.4,,,,,
5303,"Ariel Washing Liquid, 38 Washes, Original",🧹 Household,8.4,,,,,
5304,Co-op Pure & Gentle Fabric Conditioner 1 Litre,🧹 Household,1.9,,,,,
5305,Co-op Blue Skies Fabric Conditioner 1 Litre,🧹 Household,1.9,,,,,
5306,Co-op Non-Bio Laundry Powder 1250g,🧹 Household,4.4,,,,,
5307,Co-op Bio Laundry Liquid 750ml,🧹 Household,2.75,,,,,
5308,Co-op Non-Bio Laundry Liquid 750ml,🧹 Household,2.75,,,,,
5309,"Lenor Fabric Conditioner 29 Washes, Wild Berries & Jasmine",🧹 Household,2.63,,,,,
5310,"Fairy Outdoorable Fabric Softener, For Sensitive Skin,, 60 Washes",🧹 Household,3.7,,,,,
5311,Co-op Fresh Breeze Laundry Fragrance Scent Booster,🧹 Household,3.3,,,,,
5312,"Persil Bio 4 in 1 fast-dissolving laundry capsules, 15 washes",🧹 Household,6.75,,,,,
5313,Table Fun 10 Rainbow Balloons,🧹 Household,1.59,,,,,
5314,Polylina 20 Swing Bin Liners Medium 50 Litres,🧹 Household,2.19,,,,,
5315,Bacofoil The Non-Stick Kitchen Foil with Easy-Cut System 30cm x 5m,🧹 Household,3.55,,,,,
5316,Co-op 25 Small Resealable Food & Freezer Bags,🧹 Household,2.45,,,,,
5317,Co-op 25 Tie Handle Swing Bin Liners,🧹 Household,2.55,,,,,
5318,Co-op 10 Garden Refuse Sacks,🧹 Household,2.55,,,,,
5319,Co-op 15 Tie Handle 75 Litre Refuse Sacks,🧹 Household,2.25,,,,,
5320,Co-op Extra Strong Kitchen Foil,🧹 Household,2.45,,,,,
5321,Co-op 10 Large Heavy Duty Refuse Sacks,🧹 Household,2.55,,,,,
5322,Co-op All Purpose Kitchen Foil,🧹 Household,2.25,,,,,
5323,Co-op White Paper Cup 350ml,🧹 Household,2.8,,,,,
5324,Zip 16 Individual Odourless Firelighters,🧹 Household,2.85,,,,,
5325,Table Fun 6 Reusable Plastic Wine Glasses,🧹 Household,2.79,,,,,
5326,Bacofoil The Original Kitchen Foil with Easy-Cut System 30cm x 5m,🧹 Household,2.69,,,,,
5327,Co-op 100 Wooden Cocktail Sticks,🧹 Household,1.05,,,,,
5328,Co-op 30 Napkins,🧹 Household,2.5,,,,,
5329,Status 9w=60w LED 806 Lumen Bayonet Cap,🧹 Household,3.1,,,,,
5330,Status LED 15w GLS Bulb ES cap EACH,🧹 Household,2.69,,,,,
5331,Status 9w=60w GLS Pearl Bulb LED 806 Lumen Screw Cap,🧹 Household,2.95,,,,,
5332,Polylina Large Roasting Tray,🧹 Household,1,,,,,
5333,Price's 30 Tealights 300g,🧹 Household,2.79,,,,,
5334,Table Fun 6 Wooden Cutlery,🧹 Household,2.2,,,,,
5335,Co-op 20 Self Seal Ice Cube Bags,🧹 Household,1.4,,,,,
5336,Cook's Matches The Original Kitchen Safety Matches,🧹 Household,1.19,,,,,
5337,Bryant & May Extra Long Matches,🧹 Household,1.25,,,,,
5338,Status 4W / 50W LED GU10 BULB EACH,🧹 Household,1.29,,,,,
5339,Table Fun Red Straws in Card Box 20 Pack EACH,🧹 Household,0.85,,,,,
5340,Bacofoil Non PVC Cling Film 20m,🧹 Household,2.99,,,,,
5341,Co-op 20 Drawstring Tall Kitchen Bin Liners,🧹 Household,3.15,,,,,
5342,Co-op 30 Paper Plates,🧹 Household,3.15,,,,,
5343,Co-op 30 Tie Handle Pedal Bin Liners Bags,🧹 Household,2.35,,,,,
5344,Co-op Grease Proof Baking Paper,🧹 Household,1.39,,,,,
5345,Co-op 40 Medium Tie Handle Food & Freezer Bags,🧹 Household,1.75,,,,,
5346,Co-op Non PVC Cling Film,🧹 Household,2.45,,,,,
5347,Co-op 20 Medium Zip Seal Food & Freezer Bags,🧹 Household,2.25,,,,,
5348,Poppell 3 Flint Lighters,🧹 Household,1.69,,,,,
5349,Table Fun Paper Bowl 12 Pack,🧹 Household,2.8,,,,,
5350,Tiger Tim Wood Wool 300G,🧹 Household,4.59,,,,,
5351,Zip Natural Firelog,🧹 Household,3.3,,,,,
5352,Status 8w = 60w 806 lumens - LED - Candle - SES -,🧹 Household,3.2,,,,,
5353,Status 5W/40W LED Round Bulb SES Cap EACH,🧹 Household,2.9,,,,,
5354,Bacofoil Non-Stick Baking Paper,🧹 Household,2.1,,,,,
5355,Bacofoil 20 Air Fryer Paper Liners 20cm,🧹 Household,3.59,,,,,
5356,Co-op 15 Biodegradable Caddy Liners Bags,🧹 Household,2.69,,,,,
5357,Co-op 6 Small Foil Trays with Lids,🧹 Household,2.65,,,,,
5358,Co-op Table Cover,🧹 Household,4.15,,,,,
5359,Co-op White Paper Cup 450ml,🧹 Household,3.4,,,,,
5360,Co-op 18 Long Burning Fire Lighters,🧹 Household,3.15,,,,,
5361,Co-op 30 2 Ply Napkins,🧹 Household,2.5,,,,,
5362,Co-op 30 Long Burning Fire Lighters,🧹 Household,4.2,,,,,
5363,Cricket Outdoor & Home Refillable Firepower,🧹 Household,3.19,,,,,
5364,Energizer Light,🧹 Household,4.39,,,,,
5365,"Energizer® LR44/A76 Battery, 2 Pack",🧹 Household,3.8,,,,,
5366,"Energizer® 2016 Lithium Coin Battery, 2 Pack",🧹 Household,4.39,,,,,
5367,Energizer 2032 Lithium Coin Battery 2 Pack,🧹 Household,4.39,,,,,
5368,"Energizer Ultimate Lithium AAA Batteries, 2 Pack",🧹 Household,4.69,,,,,
5369,"Energizer Ultimate Lithium AA Batteries, 2 Pack",🧹 Household,4.69,,,,,
5370,Energizer® LR1/E90 Alkaline Battery 2-Pack,🧹 Household,4.99,,,,,
5371,Energizer® A23 Alkaline Battery 2-Pack,🧹 Household,4.99,,,,,
5372,Energizer Max Plus 9V Batteries Alkaline,🧹 Household,5.8,,,,,
5373,Energizer Lithium 2025 3v 2 Pack 2PK,🧹 Household,4.39,,,,,
5374,Energizer® Accu Recharge Maxi Charger for NiMH Rechargeable AA and AAA Batteries,🧹 Household,21,,,,,
5375,Energizer 2032 Lithium Coin Battery 4 Pack,🧹 Household,5.65,,,,,
5376,Energizer® LR44/A76 Battery Cell 4-Pack,🧹 Household,7.35,,,,,
5377,"Energizer Accu Recharge Power Plus Rechargeable AAA Batteries, 4 Pack",🧹 Household,11.6,,,,,
5378,Energizer Accu Recharge Power Plus Rechargeable AA Batteries 4 Pack,🧹 Household,11.6,,,,,
5379,"Energizer Max 9V Batteries, Alkaline, 2 Pack",🧹 Household,7.9,,,,,
5380,Energizer Max 9V Batteries Alkaline,🧹 Household,5.2,,,,,
5381,Energizer Max C Batteries Alkaline 2 Pack,🧹 Household,4.75,,,,,
5382,Energizer Max D Batteries Alkaline 2 Pack,🧹 Household,4.75,,,,,
5383,Energizer Max Plus AA Batteries Alkaline 4 Pack,🧹 Household,5.8,,,,,
5384,"Energizer Max Plus AAA Batteries, Alkaline, 4 Pack",🧹 Household,5.8,,,,,
5385,"Energizer Max AA Batteries, Alkaline, 4 Pack",🧹 Household,5.2,,,,,
5386,"Energizer Max AA Batteries, Alkaline, 8 Pack",🧹 Household,7.9,,,,,
5387,"Energizer Max AA Batteries, Alkaline, 12 Pack",🧹 Household,9,,,,,
5388,"Energizer Max AAA Batteries, Alkaline, 8 Pack",🧹 Household,7.9,,,,,
5389,Energizer Max AAA Alkaline Batteries 12 Pack,🧹 Household,10,,,,,
5390,"Energizer Max AAA Batteries, Alkaline, 4 Pack",🧹 Household,5.2,,,,,
5391,Andrex Ultimate Quilts 9 Rolls,🧹 Household,6.85,,,,,
5392,Kleenex The Original,🧹 Household,3.59,,,,,
5393,Co-op Ultra Soft Tissues 3 Ply 72S,🧹 Household,1.7,,,,,
5394,Kleenex® Mansize Tissues Single Box,🧹 Household,1.85,,,,,
5395,Regina Blitz Household Towel,🧹 Household,2.1,,,,,
5396,Co-op Super Soft White Bathroom Tissue 4 Rolls,🧹 Household,2.65,,,,,
5397,Co-op 2 Strong & Absorbent Kitchen Roll,🧹 Household,2.7,,,,,
5398,Kleenex Supporting Mind - Single Cube Tissue Box,🧹 Household,1.1,,,,,
5399,Co-op Pioneer Lite White Bathroom Tissue 4EACH,🧹 Household,1.75,,,,,
5400,Co-op Super Soft Quilted Bathroom Tissue 6 Longer Rolls,🧹 Household,4.6,,,,,
5401,Andrex Ultimate Quilts 4 Rolls,🧹 Household,3.4,,,,,
5402,Co-op Ultra Soft Balm Tissues 3 Ply 72S,🧹 Household,1.29,,,,,
5403,Co-op 2 Super Soft Large Tissues,🧹 Household,2.29,,,,,
5404,Andrex Complete Clean 4 Rolls,🧹 Household,3.29,,,,,
5405,Andrex Complete Clean 9 Rolls,🧹 Household,4.75,,,,,
5406,Plenty Ultrasorb Kitchen Roll 1 Roll,🧹 Household,1.22,,,,,
5407,Co-op Super Soft Cream Bathroom Tissue 4 Rolls,🧹 Household,2.65,,,,,
5408,Plenty Ultrasorb Kitchen Roll 2 Rolls,🧹 Household,5.25,,,,,
5409,Regina Absorb,🧹 Household,4.2,,,,,
5410,Co-op Kitchen Towel,🧹 Household,1.75,,,,,
5411,Co-op 4 Quilted Bathroom Tissue Rolls,🧹 Household,2.65,,,,,
5412,Andrex Fresh and Soothe 36 Hygiene Wipes,🧹 Household,1.3,,,,,
5413,Andrex Ultimate Fresh Hygiene Wipes,🧹 Household,2.1,,,,,
5414,Co-op Ultra Absorbent Multi Purpose Towel,🧹 Household,2.05,,,,,
5415,Co-op Super Soft White Bathroom Tissue 9 Rolls,🧹 Household,4.6,,,,,
5416,Kleenex Extra Large Tissues Even Bigger Tissues for When You Need a Little Extra Compact Twin Pack,🧹 Household,2.95,,,,,
5417,Kleenex Balsam Tissues Single Standard Box,🧹 Household,3.29,,,,,
5418,Co-op 6 Ultra Soft Pocket Tissues,🧹 Household,1.1,,,,,
5419,Andrex Complete Clean 6 Rolls,🧹 Household,6.3,,,,,
5420,Kleenex Balsam Extra Large Tissues - Single Compact Box,🧹 Household,2.1,,,,,
5421,Andrex Ultimate Quilts 6 XL Rolls,🧹 Household,5.2,,,,,
5422,Co-op 6 Super Soft White Bathroom Tissue,🧹 Household,4.55,,,,,
5423,Co-op Space to Thrive British Chicken Drum Fillets 400g,🥩 Meat & Fish,3.59,,,,,
5424,Ben & Jerry's Ice Cream Tub Chocolate Fudge Brownie 465 ml 465ML,🧊 Frozen,6,,,,,
5425,Ben & Jerry's Ice Cream Phish Food 465 ml 465ML,🧊 Frozen,6,,,,,
5426,Nuii Ice Cream Adventure Salted Caramel & Australian Macadamia 270ml 3X90ML,🧊 Frozen,5.5,,,,,
5427,Bovril Paste Beef & Yeast Extract 250 g 250G,🍝 Pantry,5.75,,,,,
5428,Knorr Stock Pots Lamb 4x 28 g 112G,🍝 Pantry,2.1,,,,,
5429,Colman's Mustard Original English Mustard 170 g 170G,🍝 Pantry,2.7,,,,,
5430,Maille Sauce Hollandaise 185 g 185G,🍝 Pantry,2.7,,,,,
5431,Colman's Sauce Seafood 155 ml 155G,🍝 Pantry,2.2,,,,,
5432,Colman's Sauce Apple 155 ml 155G,🍝 Pantry,2.2,,,,,
5433,Colman's Sauce Tartare 144 g 144G,🍝 Pantry,2.2,,,,,
5434,Colman's Sauce Mint 165 g 165G,🍝 Pantry,2.2,,,,,
5435,Colman's Sauce Horseradish 136 g 136G,🍝 Pantry,2.2,,,,,
5436,Co-op Free From Lemon Drizzle EACH,🍝 Pantry,3.3,,,,,
5437,Haricot Dried Beans 500G,🍝 Pantry,3.49,,,,,
5438,Heinz Cream of Tomato Tinned Soup 4 x 400g 4X400G,🍝 Pantry,4.2,,,,,
5439,"innocent Kids Smoothies Oranges, Mangoes & Pineapples 4 x 150ml 4X150ML",🥤 Drinks,2.65,,,,,
5440,Simplee Aloe Vera Immunity with Bits 1 Litre 1LTR,🥤 Drinks,3.05,,,,,
5441,Tropicana Smooth Orange with No Bits 900ml,🥤 Drinks,2.1,,,2.55,,
5442,Tropicana Original Orange with Juicy Bits 900ml,🥤 Drinks,2.1,,,,,
5443,Innocent Strawberries Bananas & Apples Fruit Smoothie 750ml,🥤 Drinks,4.2,,,,,
5444,"Innocent Mangoes, Apples & Passion Fruits Fruit Smoothie 750ml",🥤 Drinks,4.2,,,,,
5445,Co-op Irresistible Smooth Orange Juice 1L 1LTR,🥤 Drinks,3.95,,,,,
5446,Vita Coco The Original Coconut Water 1L 1LTR,🥤 Drinks,4.75,,,,,
5447,Vita Coco The Original Coconut Water 4 x 330ml 4X330ML,🥤 Drinks,5,,,,,
5448,Co-op Pineapple and Coconut Smoothie 750ml,🥤 Drinks,2.19,,,,,
5449,Co-op Mango & Passion Fruit Smoothie 750ml,🥤 Drinks,2.19,,,,,
5450,Co-op Strawberry & Banana Smoothie 750ml,🥤 Drinks,2.19,,,,,
5451,Innocent Orange with Bits 900ml,🥤 Drinks,2.1,,,,,
5452,Innocent Orange Juice Smooth 900ml,🥤 Drinks,2.1,,,,,
5453,innocent Apple Juice 900ml,🥤 Drinks,2.1,,,,,
5454,"innocent Berry Set Go Raspberry, Cherry, Apple, Guarana Juice + Vitamins 750ml",🥤 Drinks,4.5,,,,,
5455,"innocent Berry Energise, Strawberry, Cherry, Apple & Guarana Super Smoothie 750ml",🥤 Drinks,2.9,,,,,
5456,"innocent Green Energise, Kiwi, Cucumber, Apple & Matcha Super Smoothie 750ml",🥤 Drinks,2.9,,,,,
5457,Co-op Orange Juice with Bits 1L 1LTR,🥤 Drinks,2.55,,,,,
5458,Co-op Cranberry Juice Drink 1L 1LTR,🥤 Drinks,2.55,,,,,
5459,Co-op Apple & Mango Juice 1L 1LTR,🥤 Drinks,2.55,,,,,
5460,Co-op Apple Juice 1L 1LTR,🥤 Drinks,2.55,,,,,
5461,Co-op Smooth Orange Juice 1L 1LTR,🥤 Drinks,2.55,,,,,
5462,Mockingbird Raw Press Raw Greens 750ml,🥤 Drinks,4.85,,,,,
5463,Innocent Orange with Bits 1.35L 1350ML,🥤 Drinks,4.95,,,,,
5464,Innocent Orange Juice Smooth 1.35L 1350ML,🥤 Drinks,4.95,,,,,
5465,innocent Apple Juice Family Size 1.35L 1350ML,🥤 Drinks,4.95,,,,,
5466,"innocent Berry Defence, Raspberry, Cranberry, Pomegranate & Apple Super Smoothie 750ml",🥤 Drinks,2.9,,,,,
5467,Mockingbird Raw Press Raw Boost 750ml,🥤 Drinks,4.85,,,,,
5468,innocent Tropical Juice 1.35L 1350ML,🥤 Drinks,4.95,,,,,
5469,Co-op Apple Juice Drink 1 Litre 1LTR,🥤 Drinks,1.3,,,,,
5470,Co-op GoodFuel Daily Immunity x 5 Fiery Ginger Shot 500ml,🥤 Drinks,3.4,,,,,
5471,Co-op Pineapple Juice 1L 1LTR,🥤 Drinks,2.55,,,,,
5472,"Innocent Kids Smoothies Strawberries, Raspberries & Apples 4 x 150ml 4X150ML",🥤 Drinks,2.65,,,,,
5473,Co-op Honest Value Orange Juice Drink 1litre 1LTR,🥤 Drinks,1.3,,,,,
5474,innocent tropical juice 900ml,🥤 Drinks,2.1,,,,,
5475,Mockingbird Raw Press Raw Shield + Virgin Blend 750ml,🥤 Drinks,2.9,,,,,
5476,Co-op Irresistible Still Lemonade 1L 1LTR,🥤 Drinks,3.4,,,,,
5477,Co-op Irresistible Orange Juice with Bits 1L 1LTR,🥤 Drinks,3.95,,,,,
5478,Co-op Apple & Raspberry Juice Drink 1L 1LTR,🥤 Drinks,2.55,,,,,
5479,Cadbury Bournville Dark Chocolate Cocoa Powder Tin 250g,🥤 Drinks,4.49,,,,,
5480,Nescafe Cappuccino Decaf Unsweetened Taste 7 x 15g (105g) 7X15G,🥤 Drinks,2.75,,,,,
5481,Nescafé Latte 7 x 18g (126g) 7X18G,🥤 Drinks,2.75,,,,,
5482,Co-op Fairtrade 99 Blend 80 Tea Bags 250g,🥤 Drinks,1.8,,,,,
5483,Cooper&Co Decaffeinated Coffee 200g,🥤 Drinks,7.5,,,,,
5484,Cooper &Co Colombian Wh Beans 200g,🥤 Drinks,5.1,,,,,
5485,Cooper &Co After Dark Coffee 200g,🥤 Drinks,5.1,,,,,
5486,Pukka 20 Organic Digest Three Mint 32g,🥤 Drinks,5.25,,,,,
5487,Twinings Everyday 80 Tea Bags 232g,🥤 Drinks,3.47,,,,,
5488,Yorkshire Tea 160 Tea Bags 500g,🥤 Drinks,7.75,,,,,
5489,Nescafé Caramel Latte Flavour 7 x 17g (119g) 7X17G,🥤 Drinks,2.75,,,,,
5490,Nescafé Gold Blend 190g,🥤 Drinks,6.56,,,,,
5491,Kenco Millicano Original 100g,🥤 Drinks,7.5,,,,,
5492,Costa Coffee Barista Creations Creamy Cappuccino 6 x 17g (102g) 144G,🥤 Drinks,2.05,,,,,
5493,Nescafé Alta Rica 190g,🥤 Drinks,6.83,,,,,
5494,Lavazza Qualità Rossa Ground Coffee 250g,🥤 Drinks,6,,,,,
5495,Ovaltine Original Light 300g,🥤 Drinks,4.75,,,,,
5496,Taylors of Harrogate Rich Italian Beans Roast Coffee 200g,🥤 Drinks,6.2,,,,,
5497,Cadbury Drinking Hot Chocolate Cocoa Powder Tin 500g,🥤 Drinks,5.6,,,,,
5498,Tassimo Costa 6 Latte 167.4g 209G,🥤 Drinks,6.85,,,,,
5499,Starbucks® Espresso Roast 55g 68G,🥤 Drinks,6.85,,,,,
5500,Nescafé Cappuccino Unsweetened Taste 7 x 14.2g (99.4g) 7X15G,🥤 Drinks,2.75,,,,,
5501,Co-op Fairtrade 99 Blend 240 Tea Bags 750g,🥤 Drinks,5.2,,,,,
5502,Co-op Irresistible Single Origin Sumatran Fairtrade Coffee Beans 200g,🥤 Drinks,4.75,,,,,
5503,Co-op Irresistible Single Origin Peruvian Fairtrade Coffee Beans 200g,🥤 Drinks,4.75,,,,,
5504,Lavazza Espresso Italiano Classico Ground Coffee 250g,🥤 Drinks,6,,,,,
5505,Co-op Fairtrade Decaffeinated 99 Blend 80 Tea Bags 250g,🥤 Drinks,2.75,,,,,
5506,Co-op Fairtrade Rich Roast Instant Coffee 100g,🥤 Drinks,3.15,,,,,
5507,Co-op Fairtrade Decaffeinated Gold Roast Instant Coffee 100g,🥤 Drinks,4.45,,,,,
5508,Co-op Fairtrade Gold Roast Instant Coffee 200g,🥤 Drinks,6.2,,,,,
5509,Co-op Fairtrade Gold Roast Instant Coffee 100g,🥤 Drinks,3.99,,,,,
5510,Co-op 99 Blend Fairtrade Tea 40 Bags 125g,🥤 Drinks,1.4,,,,,
5511,Co-op Irresistible Fairtrade Colombian Instant Cof 100G,🥤 Drinks,5.3,,,,,
5512,"Pukka 20 Organic Wellbeing with Lemon, Ginger & a Touch of Manuka Honey 34g",🥤 Drinks,3.94,,,,,
5513,"Pukka 20 Organic Night Time with Chamomile, Lavender & Valerian 20g",🥤 Drinks,3.94,,,,,
5514,Nescafé Original 300g,🥤 Drinks,7.35,,,,,
5515,Tetley 80 Decaf Tea Bags 250g,🥤 Drinks,4.35,,,,,
5516,Tetley Original 160 Tea Bags 500g,🥤 Drinks,3.68,,,,,
5517,Tetley 80 Original Tea Bags 250g,🥤 Drinks,4.09,,,,,
5518,Tetley 240 Original Tea Bags 750g,🥤 Drinks,8.65,,,,,
5519,Yorkshire Tea 80 Tea Bags 250g,🥤 Drinks,3.15,,,,,
5520,Nescafé Dolce Gusto Cappuccino 186.4g,🥤 Drinks,6.25,,,,,
5521,Nescafé Espresso 95g,🥤 Drinks,6.3,,,,,
5522,Starbucks Caramel Latte 5 x 23g (115g),🥤 Drinks,2.75,,,,,
5523,Azera Americano 90g,🥤 Drinks,8.35,,,,,
5524,Co-op Irresistible Single Origin Sumatran Fairtrade Roast & Ground Coffee 200g,🥤 Drinks,4.75,,,,,
5525,Cadbury Drinking Hot Chocolate Cocoa Powder Tin 250g,🥤 Drinks,3.5,,,,,
5526,Lavazza Qualità Rossa Coffee Beans 250g,🥤 Drinks,5.25,,,,,
5527,Taylors of Harrogate Flying Start Ground Roast Coffee 200g,🥤 Drinks,6.2,,,,,
5528,Azera Americano 140g,🥤 Drinks,6.04,,,,,
5529,Taylors of Harrogate 10 Rich Italian Enveloped Coffee Bags 75g 70G,🥤 Drinks,4.05,,,,,
5530,Clipper 80 Organic Fairtrade Tea 232g,🥤 Drinks,2.89,,,,,
5531,Azera Decaff Americano 90g,🥤 Drinks,8.35,,,,,
5532,Azera Americano Intense 90g,🥤 Drinks,8.35,,,,,
5533,Twinings Pure Camomile 30g,🥤 Drinks,2.95,,,,,
5534,Twinings Pure Peppermint 40g,🥤 Drinks,2.95,,,,,
5535,Starbucks Blonde Espresso Roast 53g,🥤 Drinks,4.89,,,,,
5536,Nescafe Espresso 190g,🥤 Drinks,6.83,,,,,
5537,Twinings Lemon & Ginger 30g,🥤 Drinks,2.95,,,,,
5538,Twinings 20 Pure Green Tea 50g,🥤 Drinks,2.95,,,,,
5539,Starbucks Premium Instant White Mocha 5 x 24g (120g),🥤 Drinks,2.75,,,,,
5540,Twinings 20 Superblends Sleep Spiced Apple & Vanilla with Camomile & Passionflowers 30g,🥤 Drinks,3.15,,,,,
5541,Twinings Superblends 20 Glow Strawberry & Cucumber with Green Tea & Aloe Vera 40g,🥤 Drinks,3.15,,,,,
5542,Twinings Superblends Turmeric 20 Biodegradable Plant Based Tea Bags 40g,🥤 Drinks,3.15,,,,,
5543,Cafédirect 4 Organic Machu Picchu Ground Coffee 200g,🥤 Drinks,5.2,,,,,
5544,Twinings Superblends Wellbeing Collection 20 Tea Bags 37g,🥤 Drinks,3.9,,,,,
5545,Coffee Mate The Original 325g,🥤 Drinks,4.7,,,,,
5546,Twinings Superblends 20 Wind Down Collection 33.2g 36G,🥤 Drinks,3.9,,,,,
5547,Twinings The Earl Grey 80 Tea Bags 200g,🥤 Drinks,5.5,,,,,
5548,Twinings English Breakfast 80 Tea Bags 200g,🥤 Drinks,5.5,,,,,
5549,Twinings The Earl Grey 40 Tea Bags 100g,🥤 Drinks,2.63,,,,,
5550,Twinings 20 Lemon Green Tea 40g,🥤 Drinks,2.95,,,,,
5551,Nescafé Alta Rica 95g,🥤 Drinks,6.3,,,,,
5552,Nescafé 2 in 1 6 x 9g (54g) 6X9G,🥤 Drinks,1.05,,,,,
5553,Nescafé 3 in 1 Original 6 x 16g (96g) 6X16G,🥤 Drinks,1.05,,,,,
5554,Nescafé Cappuccino 7 x 15.5g (108.5g) 7X15.5G,🥤 Drinks,2.75,,,,,
5555,Co-op Fairtrade Italian Style Ground Decaf Coffee 200g,🥤 Drinks,3.85,,,,,
5556,Nescafé Iced Latte 750ml,🥤 Drinks,2.63,,,,,
5557,Nescafé Gold Blend Decaf 190g,🥤 Drinks,6.56,,,,,
5558,PG Tips 80 Original Tea Bags 232g,🥤 Drinks,3.9,,,,,
5559,Douwe Egberts Pure Indulgence Dark Roast 190g,🥤 Drinks,7.88,,,,,
5560,Douwe Egberts Pure Gold Medium Roast 190g,🥤 Drinks,7.88,,,,,
5561,L'OR Espresso 10 Lungo Profondo Aluminium Capsules 52g,🥤 Drinks,4.49,,,,,
5562,L'OR Espresso 10 Ristretto Aluminium Capsules 52g,🥤 Drinks,4.49,,,,,
5563,L'OR Espresso Ristretto Decaf Intensity 9 Aluminium Coffee Pods x10 52G,🥤 Drinks,4.49,,,,,
5564,Kenco Smooth 200g,🥤 Drinks,10,,,,,
5565,Kenco Decaf 200g,🥤 Drinks,10,,,,,
5566,Nescafe Iced Caramel Latte 750ml,🥤 Drinks,2.63,,,,,
5567,L'OR Classique 100g,🥤 Drinks,5.51,,,,,
5568,Cafédirect Decaf Machu Picchu Peru Ground Coffee 200g,🥤 Drinks,5.2,,,,,
5569,Cafédirect 5 Organic Mayan Gold Mexico Ground Coffee 200g,🥤 Drinks,5.2,,,,,
5570,Taylors of Harrogate Rich Italian Beans Roast Coffee 700g,🥤 Drinks,15.75,,,,,
5571,Taylors of Harrogate Hot Lava Java Ground Roast Coffee 200g,🥤 Drinks,6.2,,,,,
5572,Nescafé Espresso Concentrated Iced Caramel Flavour 500ml,🥤 Drinks,4.2,,,,,
5573,Taylors of Harrogate 40 Yorkshire Tea Bags 125g,🥤 Drinks,2.45,,,,,
5574,Taylors of Harrogate Yorkshire Gold 80 Tea Bags 250g,🥤 Drinks,4.79,,,,,
5575,Co-op Irresistible Guatemalan Fairtrade Roast & Ground Coffee 200g,🥤 Drinks,4.75,,,,,
5576,Kenco Millicano Decaf 100g,🥤 Drinks,7.5,,,,,
5577,Kenco Millicano Intense 95g,🥤 Drinks,7.5,,,,,
5578,Lavazza Qualità Rossa Coffee Beans 1000g 1KG,🥤 Drinks,21.9,,,,,
5579,Clipper Fairtrade Organic Decaf 40 Teabags 116g,🥤 Drinks,3.69,,,,,
5580,Illy Classic Roast Ground Coffee 125g,🥤 Drinks,4.85,,,,,
5581,Twinings Assam 40 Tea Bags 100g,🥤 Drinks,2.63,,,,,
5582,Twinings Fruit Discovery Collection 20 Tea Bags 40g,🥤 Drinks,3.9,,,,,
5583,Twinings Fruit & Herbal Classic Collection 35g 36G,🥤 Drinks,3.9,,,,,
5584,Twinings Black Tea Discovery Collection 20 Tea Bags 40g,🥤 Drinks,3.9,,,,,
5585,Lipton Black Tea Peach Pyramid Ice Tea Bags 35g (10 x 3.5g),🥤 Drinks,3.15,,,,,
5586,Presto House Espresso Instant Coffee 90g,🥤 Drinks,7.1,,,,,
5587,Co-op Fairtrade Italian Style Ground Coffee 200g,🥤 Drinks,3.85,,,,,
5588,Tick Tock Organic Rooibos Tea 80 Biodegradable Bags 180g,🥤 Drinks,4.75,,,,,
5589,Nescafe Roastery Light Roast 95g,🥤 Drinks,4.2,,,,,
5590,Cafédirect 4 Organic Machu Picchu Peru Coffee Beans 200g,🥤 Drinks,5.2,,,,,
5591,L'OR Espresso 10 Supremo Aluminium Capsules 52g,🥤 Drinks,4.49,,,,,
5592,Kenco Millicano Original 170g,🥤 Drinks,7.14,,,,,
5593,Tassimo Costa Coffee Cappuccino 210g,🥤 Drinks,6.85,,,,,
5594,Twinings Cranberry & Raspberry Fruit Blends 40g,🥤 Drinks,2.95,,,,,
5595,Kenco Smooth Instant Coffee 150g,🥤 Drinks,5.25,,,,,
5596,PG Tips 160 Original Tea Bags 464g,🥤 Drinks,7.35,,,,,
5597,Tassimo Costa Americano 12 x 19g (108g),🥤 Drinks,6.85,,,,,
5598,Twinings 20 Mint Green Tea 40g,🥤 Drinks,2.95,,,,,
5599,Costa Coffee Smooth Medium Roast 100g,🥤 Drinks,3.68,,,,,
5600,Teapigs Chamomile Flowers Tea Temples 15 x 1.5g (22.5g) 15PACK,🥤 Drinks,5.3,,,,,
5601,Co-op Fairtrade Italian Style Coffee Beans 200g,🥤 Drinks,3.85,,,,,
5602,Co-op Fairtrade French Style Ground Coffee 200g,🥤 Drinks,3.85,,,,,
5603,Co-op Irresistible Colombian Fairtrade Roast & Ground Coffee 200g,🥤 Drinks,4.75,,,,,
5604,Co-op Irresistible Colombian Fairtrade Coffee Beans 200g,🥤 Drinks,4.75,,,,,
5605,Nescafe Original 95g,🥤 Drinks,4.39,,,,,
5606,Nescafé Gold Blend 95g,🥤 Drinks,4.2,,,,,
5607,Co-op Fairtrade 99 Blend 160 Tea Bags 500g,🥤 Drinks,3.35,,,,,
5608,Taylors of Harrogate 10 Flying Start Enveloped Coffee Bags 75g,🥤 Drinks,4.05,,,,,
5609,Taylors of Harrogate Rich Italian Ground Roast Coffee 200g,🥤 Drinks,6.2,,,,,
5610,Nescafé Original 190g,🥤 Drinks,8.9,,,,,
5611,Starbucks House Blend Lungo 52g 68G,🥤 Drinks,4.89,,,,,
5612,Nescafe Azera Americano Intense Instant Coffee with Finely Ground Beans 140g,🥤 Drinks,6.04,,,,,
5613,Costa Signature Blend Ground Coffee 200g,🥤 Drinks,4.39,,,,,
5614,Costa Coffee Barista Creations Iced Latte 77.5g (5x15.5g) 17G,🥤 Drinks,2.05,,,,,
5615,TrueStart Barista Grade Instant Coffee 100g,🥤 Drinks,4.73,,,,,
5616,TrueStart Barista Grade Decaf Instant Coffee 100g,🥤 Drinks,4.73,,,,,
5617,Grind 10 House Blend Coffee Pods 52g 50G,🥤 Drinks,5,,,,,
5618,Blue Turaco Specialty Grade 100% Ugandan Robusta Whole Beans 227g,🥤 Drinks,5.8,,,,,
5619,Options Belgian Choc 220g,🥤 Drinks,6.35,,,,,
5620,Cooper &Co Morning Coffee 200g,🥤 Drinks,5.1,,,,,
5621,Perfect Ted 7 Original Sticks Single Serve Matcha 10.5g (7 x 1.5 g) 7X1.5G,🥤 Drinks,4.73,,,,,
5622,Taylors of Harrogate Decaffé Ground Roast Coffee 200g,🥤 Drinks,6.2,,,,,
5623,Taylors of Harrogate Yorkshire Tea Decaf 80 Tea Bags 250g,🥤 Drinks,4.89,,,,,
5624,Galaxy Instant Hot Chocolate 250g,🥤 Drinks,2.55,,,,,
5625,Co-op Fairtrade 99 Blend Quality Tea Loose Leaf 250g,🥤 Drinks,2.15,,,,,
5626,Grumpy Mule Kick Ass House Blend Ground Coffee 6 x 200g,🥤 Drinks,5.65,,,,,
5627,Starbucks Coffee Craft Iced Coffee Concentrated Signature Caramel Flavour 260ml,🥤 Drinks,3.41,,,,,
5628,Co-op Fairtrade Italian Style Coffee Beans 454g,🥤 Drinks,7.35,,,,,
5629,Red Bull The Summer Edition Citrus Zest Energy Drink 4 x 250 ml 4X250ML,🥤 Drinks,5.85,,,,,
5630,"Robinsons Fruit Creations Pineapple, Mango & Passion Fruit Squash 1L 1LTR",🥤 Drinks,2.7,,,,,
5631,Pepsi Diet 2Liters 2LTR,🥤 Drinks,2.4,,,,,
5632,Fentimans Ginger Beer 750ml,🥤 Drinks,4,,,,,
5633,Highland Spring Still Spring Water 6 x 1.5L 6X1.5LTR,🥤 Drinks,5,,,,,
5634,Co-op Quad Strength Apple & Blackcurrant Squash 750ml,🥤 Drinks,2,,,,,
5635,Co-op Squash Orange 750ml,🥤 Drinks,2,,,,,
5636,Co-op Sparkling Peach Spring Water 1 Litre 1LTR,🥤 Drinks,0.89,,,,,
5637,Co-op Sparkling Lemon & Lime Flavour Spring Water 1 Litre 1LTR,🥤 Drinks,0.89,,,,,
5638,Co-op Soda Water 1 Litre 1LTR,🥤 Drinks,0.89,,,,,
5639,Co-op Indian Tonic Water 1 Litre 1LTR,🥤 Drinks,0.89,,,,,
5640,Pepsi Max 2 Litres 2LTR,🥤 Drinks,2.4,,,,,
5641,Pepsi Max Cherry 2 Litres 2LTR,🥤 Drinks,2.65,,,,,
5642,Lipton Peach Ice Tea 1.25L 1.25LTR,🥤 Drinks,2.7,,,,,
5643,Pepsi Max 1.25 Litres 1.25LTR,🥤 Drinks,1.79,,,,,
5644,Pepsi Max Cherry 1.25 Litres 1.25LTR,🥤 Drinks,1.79,,,,,
5645,7Up Zero Sugar 2 Litres 2LTR,🥤 Drinks,1.58,,,,,
5646,7Up Zero Sugar 8 x 330ml 8X330ML,🥤 Drinks,3.15,,,3,,
5647,Co-op Diet Sparkling Lemonade 2 Litre 2LTR,🥤 Drinks,0.99,,,,,
5648,Co-op Diet Indian Tonic Water 1 Litre 1LTR,🥤 Drinks,0.89,,,,,
5649,Co-op Natural Mineral Water Still 4 x 2 Litre 4X2LTR,🥤 Drinks,2.55,,,,,
5650,Co-op Diet Ginger Ale 1 Litre 1LTR,🥤 Drinks,0.89,,,,,
5651,Co-op Diet Bitter Lemon 1 Litre 1LTR,🥤 Drinks,0.89,,,,,
5652,Pepsi Max Cherry 8 x 330ml 8X330ML,🥤 Drinks,3.79,,,,,
5653,Co-op Pure Apple Juice 1 Litre 1LTR,🥤 Drinks,1.4,,,,,
5654,Co-op Pure Orange Juice 1 Litre 1LTR,🥤 Drinks,1.4,,,,,
5655,ROBINSONS Summer Fruits 1 Litre 1LTR,🥤 Drinks,1.58,,,,,
5656,Co-op Diet Cola 2 Litre 2LTR,🥤 Drinks,0.99,,,,,
5657,Co-op Still Natural Mineral Water 2 Litre 2LTR,🥤 Drinks,0.85,,,,,
5658,Co-op Sparkling Natural Mineral Water 2 Litre 2LTR,🥤 Drinks,0.99,,,,,
5659,Co-op Natural Mineral Water Still 5 Litre 5LTR,🥤 Drinks,1.95,,,,,
5660,Co-op Sparkling Natural Mineral Water 6 x 500ml 6X500ML,🥤 Drinks,1.79,,,,,
5661,Schweppes Lemonade 2L Bottle 2LTR,🥤 Drinks,1.79,,,,,
5662,Nestle Pure Life Still Spring Water 12x500ml 12X50CL,🥤 Drinks,2.95,,,,,
5663,Schweppes Slimline Tonic Water 150ml,🥤 Drinks,0.79,,,,,
5664,Appletiser Sparkling Apple Juice 150ml,🥤 Drinks,0.79,,,,,
5665,Coca-Cola Original Taste 150ml,🥤 Drinks,0.79,,,,,
5666,Diet Coke Cola 150ml Can,🥤 Drinks,0.79,,,,,
5667,Sprite Lemon Lime 150ml Can,🥤 Drinks,0.79,,,,,
5668,Fanta Orange 150ml Can,🥤 Drinks,0.79,,,,,
5669,Coca-Cola Zero Sugar 150ml,🥤 Drinks,0.79,,,,,
5670,Coca-Cola Zero Sugar 2L Bottle 2LTR,🥤 Drinks,2.9,,,,,
5671,Diet Coke No Caffeine Cola 2L Bottle 2LTR,🥤 Drinks,2.9,,,,,
5672,Diet Coke Cola 2L Bottle 2LTR,🥤 Drinks,2.9,,,,,
5673,Pepsi Max 8 x 330ml 8X330ML,🥤 Drinks,3.79,,,,,
5674,Dr Pepper 150ml,🥤 Drinks,0.79,,,,,
5675,Club Orange Bottle 1.75 Litres 1.75LTR,🥤 Drinks,2.95,,,,,
5676,Red Bull Cherry Edition Cherry Sakura Energy Drink 250ml 4 Pack 4X250ML,🥤 Drinks,4.2,,,,,
5677,Red Bull The Cherry Edition Cherry Sakura Energy Drink 355ml,🥤 Drinks,2.1,,,,,
5678,Diet Coke Cola 4 x 330ml Cans 4X330ML,🥤 Drinks,2.9,,,,,
5679,Pepsi Max 4 x 330ml 4X330ML,🥤 Drinks,2.63,,,,,
5680,Pepsi 1.25 Litres 1.25LTR,🥤 Drinks,1.79,,,,,
5681,Coca-Cola Original Taste 4 x 330ml 4X330ML,🥤 Drinks,3.69,,,,,
5682,Red Bull The Apple Edition Sugarfree Fuji Apple & Ginger Energy Drink 4 x 250ml 4X250ML,🥤 Drinks,4.2,,,,,
5683,Fentimans Classic Rose Lemonade 750ml,🥤 Drinks,4,,,,,
5684,Tenzing Natural Energy Pineapple & Passionfruit 4 x 330ml 4X330ML,🥤 Drinks,6.35,,,,,
5685,Tenzing Raspberry & Yuzu Natural Energy 4 x 330ml 4X330ML,🥤 Drinks,6.35,,,,,
5686,Monster Energy Drink Pipeline Punch 4 x 500ml 4X500ML,🥤 Drinks,7.2,,,,,
5687,Co-op Pure Orange Juice 200ml 3X200ML,🥤 Drinks,1.8,,,,,
5688,Monster Energy Drink Zero Sugar 4 x 500ml 4X500ML,🥤 Drinks,7.2,,,,,
5689,Rubicon Black Cherry Raspberry Sparkling Spring Water 1.5 Litre 1.5LTR,🥤 Drinks,1.79,,,,,
5690,Rubicon Orange Mango Sparkling Spring Water 1.5 Litre 1.5LTR,🥤 Drinks,1.79,,,,,
5691,Lucozade Energy Zero Sugar Drink Pink Lemonade 4x380ml,🥤 Drinks,3.95,,,,,
5692,Coca-Cola Original Taste 12 x 330ml 12X330ML,🥤 Drinks,7.8,,,,,
5693,Get More Vits Vitamin D Still Mango & Passionfruit 1 Litre 1LTR,🥤 Drinks,2.1,,,,,
5694,Get More Vits Sparkling Apple & Raspberry Vitamin Water 4 x 330ml 4X330ML,🥤 Drinks,4.2,,,,,
5695,Get More Vits Sparkling Mango & Passionfruit Vitamin Water 4 x 330ml 4X330ML,🥤 Drinks,4.2,,,,,
5696,J2O Apple & Raspberry Still 4 x 250ml 4X250ML,🥤 Drinks,2.1,,,,,
5697,Rose's Lime Juice Cordial 1L 1LTR,🥤 Drinks,2.65,,,,,
5698,Bundaberg Ginger Beer 4 x 375ml 4X375ML,🥤 Drinks,5.5,,,,,
5699,Pepsi 8 x 330ml 8X330ML,🥤 Drinks,3.79,,,,,
5700,Co-op Irresistible Sparkling Elderflower Pressé 750ml,🥤 Drinks,2.95,,,,,
5701,Co-op Still Natural Mineral Water 12 x 500ml 12X500ML,🥤 Drinks,2.49,,,,,
5702,Robinsons Fruit Shoot Apple & Blackcurrant 4 x 200ml 4X200ML,🥤 Drinks,2.1,,,,,
5703,Robinsons Fruit Shoot Orange 4 x 200ml 4X200ML,🥤 Drinks,2.1,,,,,
5704,Volvic Touch of Fruit Lemon & Lime Sugar Free Still Flavoured Water 1.5L 1.5LTR,🥤 Drinks,1.59,,,,,
5705,Volvic Touch of Fruit Strawberry Sugar Free Still Flavoured Water 1.5L 1.5LTR,🥤 Drinks,1.85,,,,,
5706,Diet Coke Cola 1.25L Bottle 1.25LTR,🥤 Drinks,1.3,,,,,
5707,Coca-Cola Zero Sugar 1.25L 1.25LTR,🥤 Drinks,1.3,,,,,
5708,Robinsons Apple & Blackcurrant 1L 1LTR,🥤 Drinks,1.89,,,,,
5709,Robinsons Orange 1 Litre 1LTR,🥤 Drinks,1.89,,,,,
5710,Appletiser Sparkling Apple Juice 6 x 250ml 6X250ML,🥤 Drinks,5.6,,,,,
5711,Red Bull Energy Drink 355ml,🥤 Drinks,2.1,,,,,
5712,Robinsons Summer Fruits 1 Litre 1LTR,🥤 Drinks,1.89,,,,,
5713,Highland Spring 10 Litre Hydration Pack 10LTR,🥤 Drinks,6,,,,,
5714,Highland Spring Still Spring Water 5 Litre 5LTR,🥤 Drinks,4.5,,,,,
5715,Monster Energy Drink Ultra Zero Sugar 4 x 500ml 4X500ML,🥤 Drinks,7.2,,,,,
5716,Irn-Bru 2 Litre 2LTR,🥤 Drinks,1.6,,,,,
5717,Rubicon Still Pineapple Juice Drink 1 Litre 1LTR,🥤 Drinks,2.1,,,,,
5718,Bottlegreen Wild Elderflower Cordial 500ml,🥤 Drinks,4.85,,,,,
5719,Bottlegreen Ginger & Lemongrass Cordial 500ml,🥤 Drinks,4.85,,,,,
5720,Buxton Still Natural Mineral Water 1.5L 1.5LTR,🥤 Drinks,1.3,,,,,
5721,Buxton Still Natural Mineral Water 6 x 1.5L 6X1.5LTR,🥤 Drinks,4.2,,,,,
5722,Dr Pepper 2L 2LTR,🥤 Drinks,2.5,,,,,
5723,Vimto No Added Sugar Real Fruit Squash 1 Litre 1LTR,🥤 Drinks,1.3,,,,,
5724,Co-op Pure Apple Juice 200ml 3X200ML,🥤 Drinks,1.8,,,,,
5725,Ocean Spray Cranberr 1 Litre 1LTR,🥤 Drinks,2.1,,,,,
5726,J2O Still Orange & Passion Fruit 4 x 275ml 4X275ML,🥤 Drinks,4.75,,,,,
5727,Robinsons Fruit Shoot Summer Fruits 4 x 200ml 4X200ML,🥤 Drinks,2.1,,,,,
5728,J2O Orange & Passion Fruit Still 4 x 250ml 4X250ML,🥤 Drinks,1.57,,,,,
5729,Robinsons Fruit Creations Zesty Orange & Mango 1L 1LTR,🥤 Drinks,1.6,,,,,
5730,Fever-Tree Premium Indian Tonic Water 500ml,🥤 Drinks,2.65,,,,,
5731,Fever-Tree Refreshingly Light Tonic Water 8 x 150ml 8X150ML,🥤 Drinks,5.8,,,,,
5732,Fever-Tree Refreshingly Light Mediterranean Tonic Water 500ml,🥤 Drinks,2.65,,,,,
5733,Red Bull Energy Drink 4 x 250ml 4X250ML,🥤 Drinks,4.2,,,,,
5734,Red Bull Energy Drink Sugar Free 250ml x 4 4X250ML,🥤 Drinks,4.2,,,,,
5735,Red Bull Energy Drink 8 x 250ml 8X250ML,🥤 Drinks,11,,,,,
5736,Red Bull Zero 4 x 250ml 4X250ML,🥤 Drinks,4.2,,,,,
5737,Diet Coke Cola 8 x 330ml Cans 8X330ML,🥤 Drinks,6.15,,,,,
5738,Fanta Orange 2L Bottle 2LTR,🥤 Drinks,2.45,,,,,
5739,Sprite Lemon Lime 2L Bottle 2LTR,🥤 Drinks,1.6,,,,,
5740,Fanta Orange 8 x 330ml 8X330ML,🥤 Drinks,3.4,,,,,
5741,Coca-Cola Zero Sugar 8 x 330ml Cans 8X330ML,🥤 Drinks,6.15,,,,,
5742,Coca-Cola Original Taste 8 x 330ml Cans 8X330ML,🥤 Drinks,4.75,,,,,
5743,Dr Pepper 8 x 330ml 8X330ML,🥤 Drinks,4.9,,,,,
5744,Coca-Cola Original Taste 1.75L Bottle 1.75LTR,🥤 Drinks,2.99,,,,,
5745,Monster Energy Drink 4 x 500ml 4X500ML,🥤 Drinks,5.25,,,,,
5746,Schweppes Indian Tonic Water 1L Bottle 1LTR,🥤 Drinks,1.7,,,,,
5747,Schweppes Slimline Tonic Water 1L Bottle 1LTR,🥤 Drinks,1.7,,,,,
5748,San Pellegrino Sparkling Natural Mineral Water 750ml,🥤 Drinks,1.79,,,,,
5749,Diet Coke No Caffeine Cola 8 x 330ml Cans 8X330ML,🥤 Drinks,6.15,,,,,
5750,San Pellegrino Sparkling Natural Mineral Water 1L 1LTR,🥤 Drinks,1.75,,,,,
5751,San Pellegrino Sparkling Natural Mineral Water 6x500ml,🥤 Drinks,4.1,,,,,
5752,Coca-Cola Zero Sugar 4 x 330ml 4X330ML,🥤 Drinks,2.9,,,3.75,,
5753,San Pellegrino Sparkling Lemon Beverage 6 x 330ml (1.98L) 6X33CL,🥤 Drinks,5.5,,,,,
5754,Rubicon Still Mango Juice Drink 1 Litre 1LTR,🥤 Drinks,2.1,,,,,
5755,Volvic Touch of Fruit Watermelon Sugar Free Still Flavoured Water 1.5L 1.5LTR,🥤 Drinks,1.59,,,,,
5756,Evian Natural Bottled Mineral Still Water Multipack 6x1.5L 6X1.5LTR,🥤 Drinks,5.99,,,,,
5757,Evian Natural Mineral Water 6 x 50cl 6X500ML,🥤 Drinks,3.4,,,,,
5758,Evian Still Natural Mineral Water 1.5L 1.5LTR,🥤 Drinks,1.59,,,,,
5759,Lucozade Energy Drink Orange 4x380ml,🥤 Drinks,3.95,,,,,
5760,Lucozade Sport Drink Orange 4 x 500ml 4X500ML,🥤 Drinks,4.5,,,,,
5761,Ribena Blackcurrant Squash 850ml,🥤 Drinks,2.35,,,,,
5762,Lucozade Energy Drink Orange 900ml,🥤 Drinks,1.3,,,,,
5763,Lucozade Energy Drink Original 900ml,🥤 Drinks,1.3,,,,,
5764,Lucozade Energy Drink Wild Cherry 900ml,🥤 Drinks,1.3,,,,,
5765,Lucozade Energy Zero Sugar Drink Pink Lemonade 900ml,🥤 Drinks,1.3,,,,,
5766,Hip Pop Tropical Peach 4 x 330ml 4X330ML,🥤 Drinks,6.3,,,,,
5767,Hip Pop Berries & Cherries 4 x 330ml 4X330ML,🥤 Drinks,6.3,,,,,
5768,Lipton Tropical Ice Tea 1.25L 1.25LTR,🥤 Drinks,2.7,,,,,
5769,Bepanthen Nappy Care Ointment 30g,🍼 Baby & Child,5.15,,,,,
5770,Sudocrem Antiseptic Healing Cream 125g,🍼 Baby & Child,7,,,,,
5771,DryNites 10 Pyjama Pants Age 4-7 17-30kg 10S,🍼 Baby & Child,6.3,,,,,
5773,Huggies Diapers Little Swimmers 11 Swim Pants 5-6 12-18kg 11S,🍼 Baby & Child,6.3,,,,,
5774,Calpol Infant Sugar-Free Oral Suspension Paracetamol 2+ Months 100ml,🍼 Baby & Child,4.75,,,,,
5775,Co-op 50 Square Cotton Pads 50S,🍼 Baby & Child,2.1,,,,,
5776,Co-op Fairtrade 200 Cotton Wool Buds 200S,🍼 Baby & Child,1.1,,,,,
5777,Nurofen for Children Orange 100mg/5ml Oral Suspension Ibuprofen 3 Months to 9 Years 100ml,🍼 Baby & Child,5.1,,,,,
5778,Milton Sterilising Fluid 500ml,🍼 Baby & Child,3.4,,,,,
5779,WaterWipes 60S,🍼 Baby & Child,2.36,,,,,
5780,"Pampers Sensitive Baby Wipes, 1 Pack of 52 Wipes = 52 Baby Wet Wipes 52S",🍼 Baby & Child,1.1,,,,,
5781,Co-op 64 Sensitive Fragrance Free Baby Wipes EACH,🍼 Baby & Child,0.95,,,,,
5782,Co-op Fragranced 75 Nappy Bags 75PACK,🍼 Baby & Child,1.2,,,,,
5783,"Pampers Baby-Dry Nappy Pants Size 7, 16 Nappies, 15kg+, Carry Pack 16EACH",🍼 Baby & Child,6.3,,,,,
5784,MAM Easy Start Anti-Colic Bottle 2+ Months 260ML,🍼 Baby & Child,10.1,,,,,
5785,MAM Original Silicone 6-18 Months 2EACH,🍼 Baby & Child,8,,,,,
5786,"Pampers Baby-Dry Nappy Pants Size 8, 22 Nappies, 17kg+, Essential Pack 22EACH",🍼 Baby & Child,12.6,,,,,
5787,"Pampers Ninjamas Pyjama Pants Unisex Spaceships, 8-12 Years, 9 Pyjama Pants, 27kg-43kg 9EACH",🍼 Baby & Child,6.3,,,,,
5788,Johnson's Baby Bath Reg 300ml,🍼 Baby & Child,1.73,,,,,
5789,"Pampers Baby-Dry Nappy Pants Size 9, 19 Nappies, 19kg+, Essential Pack 19EACH",🍼 Baby & Child,12.6,,,,,
5790,"Pampers Baby-Dry Nappy Pants Size 9, 12 Nappies, 19kg+, Carry Pack 12EACH",🍼 Baby & Child,6.3,,,,,
5791,"Pampers Premium Protection New Baby Size 3, 29 Nappies, 6kg-10kg, Carry Pack 29S",🍼 Baby & Child,6.3,,,,,
5792,Johnson's Baby Shampoom300 ml 300ML,🍼 Baby & Child,2.4,,,,,
5793,Johnson's Baby Oil 200ml,🍼 Baby & Child,1.85,,,,,
5794,"Pampers Baby-Dry Size 5, 23 Nappies, 11kg-16kg 23EACH",🍼 Baby & Child,6.3,,,,,
5795,"Pampers Baby-Dry Size 4, 25 Nappies, 9kg-14kg 25S",🍼 Baby & Child,6.3,,,,,
5796,"Pampers Baby-Dry Size 6, 19 Nappies, 13kg-18kg 19S",🍼 Baby & Child,6.3,,,,,
5797,"Pampers Baby-Dry Nappy Pants Size 4, 23 Nappies, 9kg-15kg, Carry Pack 23PACK",🍼 Baby & Child,6.3,,,,,
5798,"Pampers Baby-Dry Nappy Pants Size 5, 21 Nappies, 11kg-17kg, Carry Pack 21PACK",🍼 Baby & Child,6.3,,,,,
5799,"Pampers Baby-Dry Nappy Pants Size 6, 19 Nappies, 13kg-19kg, Carry Pack 19S",🍼 Baby & Child,6.3,,,,,
5800,Johnson's Baby Cotton Buds 200 Pieces 200S,🍼 Baby & Child,1.95,,,,,
5801,Huggies Natural Care 48 Baby Wipes 48S,🍼 Baby & Child,1.2,,,,,
5802,"Pampers 99% Water Baby Wipes Plastic Free, 1 Pack of 60 Wipes = 60 Baby Wet Wipes 60S",🍼 Baby & Child,3.15,,,,,
5803,Organix Raspberry & Apple Oaty Bars 12+ Months 138g (6 x 23g) 6X23G,🍼 Baby & Child,3.85,,,,,
5804,Organix Melty Puffs Carrot 6+ Months 72g (4 x 18g) 4X18G,🍼 Baby & Child,3.4,,,,,
5805,Organix Apple Rice Cake Clouds 7+ Months 40g,🍼 Baby & Child,1.75,,,,,
5806,Organix Melty Carrot Puffs Organic Baby Finger Food Snack 20g,🍼 Baby & Child,1.2,,,,,
5807,Little Freddie Organic Banana Greek Style Yoghurt Stage 1 +6m Smooth 100g,🍼 Baby & Child,1.7,,,,,
5808,"Heinz Strawberry, Banana, Raspberry & Apple Baby Food Fruit Puree Pouch 6+ Months 100g",🍼 Baby & Child,1.45,,,,,
5809,Heinz Egg Custard Baby Food Jar 6+ Months 120g,🍼 Baby & Child,1.3,,,,,
5810,Heinz By Nature Beef & Sweet Potato Mash Baby Food Jar 6+ Months 120g,🍼 Baby & Child,1.3,,,,,
5811,Heinz By Nature Cheesy Tomato Pasta 6+ Months 120g,🍼 Baby & Child,1.3,,,,,
5812,Heinz By Nature Cheese and Tomato Pasta Stars Baby Food Jar 7+ months 200g,🍼 Baby & Child,1.7,,,,,
5813,Heinz By Nature Spaghetti Bolognese Baby Food Jar 7+ Months 200g,🍼 Baby & Child,1.7,,,,,
5814,"Cow & Gate 1 First Infant Baby Milk Liquid Formula, Ready to Feed, From Birth, 200ml",🍼 Baby & Child,1.3,,,,,
5815,"Aptamil 3 Toddler Milk Liquid Formula, Ready to Drink, 1-3 Years, 200ml",🍼 Baby & Child,1.65,,,,,
5816,Cow & Gate Toddler Milk (1-2 years) (Liquid) 200ML,🍼 Baby & Child,1.25,,,,,
5817,"Cow & Gate 3 Toddler Milk Formula Powder, 1+ Years, 800g",🍼 Baby & Child,12,,,,,
5818,SMA First Infant Milk 1 from Birth 200ml,🍼 Baby & Child,1.2,,,,,
5819,Ella's Kitchen Apples Carrots + Parsnips 6+ Months 120g,🍼 Baby & Child,1.65,,,,,
5820,Ella's Kitchen Bananas + Apples 6+ Months 120g,🍼 Baby & Child,1.65,,,,,
5821,Ella's Kitchen Organic Strawberries and Apples Baby Pouch 4+ Months 120g,🍼 Baby & Child,1.65,,,,,
5822,Ella's Kitchen Peaches + Bananas 6+ Months 120g,🍼 Baby & Child,1.65,,,,,
5823,Ella's Kitchen Chicken Casserole with Thyme 10+ Months 190g,🍼 Baby & Child,2.55,,,,,
5824,Ella's Kitchen Mangoes 6+ Months 70g,🍼 Baby & Child,1.2,,,,,
5825,Ella's Kitchen Beefy Stew with Spuds from 10 Months 190g,🍼 Baby & Child,2.55,,,,,
5826,Ella's Kitchen StrawberryYoghurt 6+ Months 90g,🍼 Baby & Child,1.65,,,,,
5827,Ella's Kitchen Prunes 6+ Months 70g,🍼 Baby & Child,1.2,,,,,
5828,Heinz Spaghetti Bolognese Baby Food Tray 12+ Months 200g,🍼 Baby & Child,2.55,,,,,
5829,Heinz By Nature Sweet Potato & Lean Beef Hotpot Baby Food Tray 12+ Months 200g,🍼 Baby & Child,2.55,,,,,
5830,Aptamil First Infant Milk from Birth 800g,🍼 Baby & Child,14.75,,,,,
5831,"Aptamil 2 Follow On Baby Milk Formula Powder, 6-12 Months, 800g",🍼 Baby & Child,14.75,,,,,
5832,"Cow & Gate 1 First Infant Baby Milk Formula Powder, From Birth, 800g",🍼 Baby & Child,12,,,,,
5833,"Cow & Gate Creamy Porridge Baby Cereal From, 4-6+ Months, 125 g 125G",🍼 Baby & Child,2.55,,,,,
5834,Organix Apple Rice Cake Clouds 7+ Months 4 x 18g (72g),🍼 Baby & Child,4,,,,,
5835,"Aptamil 1 First Infant Baby Milk Liquid Formula, Ready to Feed, From Birth, 200ml",🍼 Baby & Child,1.65,,,,,
5836,"Aptamil 2 Follow On Baby Milk Liquid Formula, Ready to Drink, 6-12 Months, 200ml",🍼 Baby & Child,1.65,,,,,
5837,"Cow & Gate 2 Follow On Baby Milk Liquid Formula, Ready to Drink, 6-12 Months, 200ml",🍼 Baby & Child,1.3,,,,,
5838,SMA Follow-on Milk 6+ Months 800g,🍼 Baby & Child,15.25,,,,,
5839,Heinz By Nature Tomato Mozzarella Pasta Baby Food Tray 12+ Months 200g,🍼 Baby & Child,2.55,,,,,
5840,Aptamil 1 First Infant Milk From Birth 4 x 200ml (800ml) 4X200ML,🍼 Baby & Child,5.3,,,,,
5841,Ella's Kitchen Banana Baby Brekkie with Apple 6+ Months 100g,🍼 Baby & Child,1.65,,,,,
5842,Ella's Kitchen Organic Chicken and Rice Casserole Baby Pouch 7+ Months 130g,🍼 Baby & Child,2.5,,,,,
5843,Ella's kitchen Cheesy Pie with Veggies 7+ Months 130g,🍼 Baby & Child,2.5,,,,,
5844,Ella's Kitchen Spag Bol with Cheese 7+ Months 130g,🍼 Baby & Child,2.5,,,,,
5845,Ella's Kitchen Apples 6+ Months 70g,🍼 Baby & Child,1.2,,,,,
5846,Ella's Kitchen Sweetcorn + Carrot Melty Sticks 7+ Months 16g 17G,🍼 Baby & Child,1.75,,,,,
5847,Ella's Kitchen Tomato + Basil Melty Sticks from 7 Months 16g 17G,🍼 Baby & Child,1.75,,,,,
5848,Ella's Kitchen Mango Baby Brekkie with Peach 6+ Months 100g,🍼 Baby & Child,1.65,,,,,
5849,"Little Freddie Organic Strawberries, Blueberries & Oats Smooth Stage 1 +6m 100g",🍼 Baby & Child,1.7,,,,,
5850,Little Freddie Organic Blueberry & Banana Yoghurt Stage 1 +6m Smooth 100g,🍼 Baby & Child,1.7,,,,,
5851,Heinz Apple Biscotti Baby Food Snacks 7+ Months 60g,🍼 Baby & Child,1.3,,,,,
5852,Heinz Sweet & Sour Chicken Baby Food Pouch 10+ Months 180g,🍼 Baby & Child,2.1,,,,,
5853,Heinz Apple & Blueberries Baby Food Fruit Pouch 6+ Months 100g,🍼 Baby & Child,1.45,,,,,
5854,"Heinz Apple, Pear & Banana Fruit Puree Pouch Baby Food 6+ Months 100g",🍼 Baby & Child,1.45,,,,,
5855,"Heinz Peach, Mango, Banana & Apple Baby Food Fruit Puree Pouch 6+ Months 100g",🍼 Baby & Child,1.45,,,,,
5856,Heinz By Nature Sweet & Sour Chicken 12+ Months 200g,🍼 Baby & Child,2.55,,,,,
5857,Heinz Baby Food Summer Fruits Porridge 7+ Months 200g,🍼 Baby & Child,3.55,,,,,
5858,Kiddylicious Strawberry Fruity Bakes 12+ Months 6 x 22g (132g) 6X22G,🍼 Baby & Child,3.15,,,,,
5859,Kiddylicious Strawberry & Banana Smoothie Melts 12+ Months 6g,🍼 Baby & Child,1.2,,,,,
5860,Kiddylicious Veggie Straws 9+ Months 4 x 12g (48g) 4X12G,🍼 Baby & Child,3.55,,,,,
5861,Kiddylicious Raspberry & Apple Fruity Drops Kids Snacks 4x16g 16X4G,🍼 Baby & Child,2.8,,,,,
5862,Cerelac Wheat & Banana Reduced Sugar Infant Cereals with Milk 250g,🍼 Baby & Child,3.4,,,,,
5863,Ella's Kitchen Organic Beef Stew with Spuds 7+ Months 130g,🍼 Baby & Child,2.5,,,,,
5864,Heinz Creamy Porridge Baby Food Jar 120g,🍼 Baby & Child,1.3,,,,,
5865,Colgate Max White Medium Toothbrush Single EACH,💊 Health & Beauty,1.58,,,,,
5866,Colgate Plax Cool Mint Mouthwash Alcohol Free 500ml,💊 Health & Beauty,2.36,,,,,
5867,Poligrip Flavour Free Denture Fixative Cream 40g,💊 Health & Beauty,4,,,,,
5868,Steradent Active Plus 30 Tablets 30S,💊 Health & Beauty,1.2,,,,,
5869,Wisdom Control Grip Toothbrush Firm EACH,💊 Health & Beauty,2.05,,,,,
5870,Wisdom Dental Floss Mint Waxed 100m EACH,💊 Health & Beauty,1.19,,,,,
5871,Wisdom ProFlex 5 Interdental Brushes 0.45mm ISO Size 1 5PACK,💊 Health & Beauty,1.95,,,,,
5872,"Aquafresh Kids Paw Patrol Little Teeth Toothpaste 3-5 Years, 75ml",💊 Health & Beauty,2.65,,,,,
5873,Sensodyne Daily Care Gentle Whitening Sensitive Toothpaste 75ml,💊 Health & Beauty,3.95,,,,,
5874,Sensodyne Sensitivity & Gum Original Toothpaste 75ml,💊 Health & Beauty,6.85,,,,,
5875,"Aquafresh Little Teeth Kids Toothbrush, 3-5 Years EACH",💊 Health & Beauty,2.29,,,,,
5876,Oral-B Pro-Expert Gentle Whitening Toothpaste 75ml,💊 Health & Beauty,2.63,,,,,
5877,Listerine Cool Mint Intense Taste Classic Mouthwash 500ml,💊 Health & Beauty,5.75,,,,,
5878,Listerine Total Care Intense Taste Classic Mouthwash 500ml,💊 Health & Beauty,3.95,,,,,
5879,Oral-B 3D White Arctic Fresh Toothpaste 75ml,💊 Health & Beauty,2.1,,,,,
5880,Oral-B 3DWhite Advanced Luxe Perfection Toothpaste 75ml,💊 Health & Beauty,6.3,,,,,
5881,Co-op 6 in 1 Advanced Mouthwash Refresh 500ml,💊 Health & Beauty,1.59,,,,,
5882,Co-op Dental Care Total Clean Medium Texture Toothbrush EACH,💊 Health & Beauty,0.95,,,,,
5883,"ORAL-B PRO-CLEAN Manual Toothbrush – Removes Plaque & Fights Bad Breath – Medium Bristles, 1 EACH",💊 Health & Beauty,1.8,,,,,
5884,Sensodyne Pronamel Intensive Enamel Repair Toothpaste Extra Fresh 75ml,💊 Health & Beauty,6.35,,,,,
5885,Sensodyne Repair & Protect Original Sensitive Toothpaste 75ml,💊 Health & Beauty,6.85,,,,,
5886,Colgate Total Active Prevention Original Toothpaste 125ml,💊 Health & Beauty,7.35,,,,,
5887,Oral-B Pro-Expert Professional Protection Toothpaste 75ml,💊 Health & Beauty,3.75,,,,,
5888,Co-op Pure Vegetable Soap 2 x 100g 2X100G,💊 Health & Beauty,1.19,,,,,
5889,Radox Mineral Therapy Muscle Soak Bath Soak 500 ml 500ML,💊 Health & Beauty,1.95,,,,,
5890,Co-op Protect Hand Sanitiser 50ml,💊 Health & Beauty,1.35,,,,,
5891,Radox Mineral Therapy Feel Relaxed Bath Soak 500 ml 500ML,💊 Health & Beauty,1.95,,,,,
5892,Sanex Expert Skin Health Moisturising Shower Gel Body Wash 450ml,💊 Health & Beauty,4.2,,,,,
5893,Dove Original Beauty Bar 2x 90 g 2X90G,💊 Health & Beauty,2.2,,,,,
5894,Radox Mineral Therapy Feel Awake 2-in-1 Shower Gel & Shampoo 225 ml 225ML,💊 Health & Beauty,1.3,,,,,
5895,Lynx Limited Edition FIFA Africa 3-in-1 Body Wash 225 ml 225ML,💊 Health & Beauty,1.6,,,,,
5896,Original Source Tropical Coconut & Shea Butter Shower 250ml,💊 Health & Beauty,1.75,,,,,
5897,Original Source Mint & Tea Tree Shower Gel 250ml,💊 Health & Beauty,1.75,,,,,
5898,Dove Nourishing Body Wash 450 ml 450ML,💊 Health & Beauty,3.95,,,,,
5899,Carex The Original Antibacterial Hand Wash 250ml,💊 Health & Beauty,1.69,,,,,
5900,Carex Moisture Antibacterial Hand Wash 250ml,💊 Health & Beauty,1.69,,,,,
5901,Radox Mineral Therapy Feel Radiant Shower Gel 225 ml 225ML,💊 Health & Beauty,1.3,,,,,
5902,Astonish Protect + Care Anti-Bacterial Handwash Vitamin E 600ml,💊 Health & Beauty,1.2,,,,,
5903,Co-op Shine 2 in 1 Anti-Dandruff Shampoo & Conditioner 300ml,💊 Health & Beauty,1.65,,,,,
5904,"L'Oréal Paris Elvive Dream Lengths Hair Saviour Mask, For Long Damaged Hair, 300ml",💊 Health & Beauty,8.4,,,,,
5905,Schwarzkopf got2b Glued Blasting Freeze Hair Spray 300ml,💊 Health & Beauty,5,,,,,
5906,got2b Apple & Sandalwood Dry Shampoo 200ml,💊 Health & Beauty,2.1,,,,,
5907,"L’Oréal Paris Elvive Hydra Hyaluronic Moisture Locking Conditioner, for Dry & Dehydrated Hair, 250ml",💊 Health & Beauty,6.3,,,,,
5908,"L'Oréal Paris Elvive Dream Lengths Restoring Shampoo, for Long Hair, 300ml",💊 Health & Beauty,6,,,,,
5909,Head & Shoulders Men Ultra Total Care 2in1 330ml. Anti-Dandruff Shampoo and Conditioner,💊 Health & Beauty,5.25,,,,,
5910,Head & Shoulders Classic Clean 2in1 Anti-Dandruff Shampoo and Conditioner 330ml. Dandruff Free Hair,💊 Health & Beauty,5.25,,,,,
5911,"Garnier Ultimate Blends Coconut Oil & Cocoa Butter Shampoo for Frizzy and Curly Hair, 400ml",💊 Health & Beauty,3.5,,,,,
5912,"L'Oréal Paris Elvive Colour Protect Conditioner, for Coloured & Highlighted Hair, 250ml",💊 Health & Beauty,6.3,,,,,
5913,"L'Oréal Paris Elvive Dream Lengths Anti-Split Ends Conditioner, for Long Hair, 250ml",💊 Health & Beauty,6.3,,,,,
5914,"L'Oréal Paris Elvive Colour Protect Shampoo, for Coloured & Highlighted Hair, 300ml",💊 Health & Beauty,6.3,,,,,
5915,Aussie Miracle Moist Shampoo 300ml. Moisture-Quenching Formula to Revive Dry Hair,💊 Health & Beauty,5.25,,,,,
5916,Aussie Miracle Moist Detangling Conditioner 200ml. Moisturising Formula to Revive Dry Hair,💊 Health & Beauty,5.25,,,,,
5917,Garnier Ultimate Blends Coconut Oil & Cocoa Butter Conditioner for Frizzy and Curly Hair 400ml,💊 Health & Beauty,3.5,,,,,
5918,Wella Silvikrin Firm Hold Hairspray 250ml,💊 Health & Beauty,3.15,,,,,
5919,Garnier Ultimate Blends Kids Apricot No Tears Easy Detangling Shampoo for All Hair Types 250ml,💊 Health & Beauty,2.8,,,,,
5920,Pantene Pro-V Miracles Grow Strong Conditioner with Biotin 275ml for Dry Damaged Hair,💊 Health & Beauty,6.8,,,,,
5921,Pantene Pro-V Grow Strong Shampoo with Biotin 400ml for Dry Damaged Hair,💊 Health & Beauty,6.3,,,,,
5922,"Head & Shoulders Classic Clean Anti-Dandruff Shampoo 250ml. Works against Dandruff, Oil and Itch",💊 Health & Beauty,3,,,,,
5923,Batiste Dry Shampoo Blush Flirty Floral 200ml,💊 Health & Beauty,3.15,,,,,
5924,"Herbal Essences Rose Scent Petal Soft Shampoo 250ml to Nourish Dry Hair, Silicone Free",💊 Health & Beauty,2.65,,,,,
5925,Herbal Essences Rose Scent Petal Soft Conditioner 200ml to Nourish Dry Hair,💊 Health & Beauty,2.55,,,,,
5926,Herbal Essences Repair Moroccan Argan Oil Conditioner 200ml to Nourish Damaged Hair,💊 Health & Beauty,2.65,,,,,
5927,Herbal Essences Repair Moroccan Argan Oil Shampoo 250ml to Nourish Damaged Hair,💊 Health & Beauty,2.65,,,,,
5928,Pantene Pro-V Repair & Protect Conditioner 350ml. Lightweight feel. Active Nutri-Plex,💊 Health & Beauty,3.42,,,,,
5929,Pantene Pro-V Active Nutri-Plex Repair & Protect Shampoo 500ml for Dry Damaged Hair,💊 Health & Beauty,3.42,,,,,
5930,NIVEA SUN Protect & Moisture Sun Cream Spray SPF30 200ml,💊 Health & Beauty,7.6,,,,,
5931,Dove Care + Visible Glow Medium to Dark Self Tan Lotion 250 ml 250ML,💊 Health & Beauty,3.95,,,,,
5932,Dove Care + Visible Glow Light to Medium Self Tan Lotion 250 ml 250ML,💊 Health & Beauty,3.95,,,,,
5933,Tampax Pearl Compak Super Plus Tampons With Applicator x20 20EACH,💊 Health & Beauty,3.95,,,,,
5934,"Gillette Satin Care Women's Shave Gel, Aloe Vera Glide, 200ml",💊 Health & Beauty,3.15,,,,,
5935,"Gillette Mach3 Razor Refills for Men, 4 Razor Blade Refills 4S",💊 Health & Beauty,10,,,,,
5936,"Gillette Series Soothing Shave Foam with Aloe Vera, 250ml",💊 Health & Beauty,2.39,,,,,
5937,Enliven Essentials Nail Polish Remover 250ml,💊 Health & Beauty,2.39,,,,,
5938,"Gillette Venus Comfort Smooth Disposable Razors, Pack Of 4 4PK",💊 Health & Beauty,2.7,,,,,
5939,"Gillette ProGlide Razor Refills for Men, 4 Razor Blade Refills 4S",💊 Health & Beauty,16.3,,,,,
5940,"Gillette ProGlide Razor For Men, EACH",💊 Health & Beauty,15.75,,,,,
5941,"Gillette Fusion5 Razor Refills For Men, 4 Razor Blade Refills 4S",💊 Health & Beauty,12.6,,,,,
5942,Co-op 50 Fairtrade Cotton Oval Cotton Pads 50S,💊 Health & Beauty,2.1,,,,,
5943,Co-op 32 Daily Regular Pantyliners 32S,💊 Health & Beauty,1.09,,,,,
5944,Co-op 10 Protect Night Ultra Towels with Wings 10S,💊 Health & Beauty,1.35,,,,,
5945,Co-op 14 Protect Regular Ultra Towels with Wings 14S,💊 Health & Beauty,1.35,,,,,
5946,Co-op 100 Round Cotton Pads 100S,💊 Health & Beauty,2.1,,,,,
5947,Simple Kind to Skin Moisturising Facial Wash 150 ml 150ML,💊 Health & Beauty,3.7,,,,,
5948,Simple Kind to Skin Hydrating Moisturiser 125 ml 125ML,💊 Health & Beauty,3.7,,,,,
5949,Always Ultra Sanitary Towels Light / Moderate Flow Day (Size 1) Wings 13 Pads For Menstrual Period 13EACH,💊 Health & Beauty,2.39,,,,,
5950,Always Ultra Sanitary Towels Moderate Flow Day (Size 2) Wings 11 Pads For Menstrual Periods 11EACH,💊 Health & Beauty,2.39,,,,,
5951,Always Ultra Sanitary Towels Heavy Flow Day (Size 3) Wings 9 Pads For Menstrual Periods 9S,💊 Health & Beauty,2.39,,,,,
5952,"Always Ultra Sanitary Towels Moderate Night (Size 4) Wings 8 Pads, For Menstrual Periods 8S",💊 Health & Beauty,2.39,,,,,
5953,"Gillette Mach3 Razor For Men, 1 Gillette Razor, 1 Razor Blade Refill EACH",💊 Health & Beauty,9.75,,,,,
5954,Dove Classic Fresh Anti-Perspirant Roll On 50 ml 50ML,💊 Health & Beauty,1.85,,,,,
5955,Sure Men Original Anti-Perspirant Roll On 50 ml 50ML,💊 Health & Beauty,1.5,,,,,
5956,"Garnier Micellar Water, Gentle face cleanser & Makeup Remover for Sensitive Skin, 200ml",💊 Health & Beauty,4.99,,,,,
5957,Bodyform Total Protection Ultra Normal Sanitary Towels Wings 12 pack 12S,💊 Health & Beauty,1.65,,,,,
5958,Lynx Limited Edition FIFA Africa Aerosol Body Spray 150 ml 150ML,💊 Health & Beauty,4.65,,,,,
5959,Sure Men Antiperspirant Aerosol Invisible Ice Fresh 150 ml 150ML,💊 Health & Beauty,1.85,,,,,
5960,Sure Nonstop Protection Bright Bouquet Anti-Perspirant Aerosol 250 ml 250ML,💊 Health & Beauty,3.95,,,,,
5961,Simple Kind to Skin Cleansing Wipes 25 wipes 25S,💊 Health & Beauty,2.85,,,,,
5962,Dove Men+Care Classic Anti-Perspirant Aerosol 200 ml 200ML,💊 Health & Beauty,2.9,,,,,
5963,Vaseline Lip Therapy Original Lip Balm Tin 20 g 20G,💊 Health & Beauty,1.5,,,,,
5964,TENA lights Normal Liner 24 pack 24S,💊 Health & Beauty,2.1,,,,,
5965,TENA Discreet Normal Incontinence Pads x 12 12S,💊 Health & Beauty,3.4,,,,,
5966,Co-op Vivacity Extra 10 Individually Wrapped 10S,💊 Health & Beauty,1.7,,,,,
5967,Vaseline Lip Therapy Lip Balm Tube Original 10 g 10G,💊 Health & Beauty,2.69,,,,,
5968,Lil-Lets Smartfit 14 Non-Applicator Tampons Super Plus Extra 14S,💊 Health & Beauty,2.55,,,,,
5969,Lil-Lets Smartfit 16 Non-Applicator Tampons Regular 16S,💊 Health & Beauty,2.55,,,,,
5970,"Always Daily Protect Extra Long Panty Liners 24 Liners, Odour Lock 24S",💊 Health & Beauty,2.3,,,,,
5971,BIC Flex 3 Men's 3 Blade Disposable Razors x4 4PACK,💊 Health & Beauty,2.99,,,,,
5972,"Gillette Sensor3 Comfort, Disposable Razors For Men, 6-Pack Razors 6PACK",💊 Health & Beauty,5.3,,,,,
5973,Gillette BlueII Plus Slalom Men's Disposable Razors x8 8S,💊 Health & Beauty,3.45,,,,,
5974,NIVEA Rich Nourishing Body Lotion Dry Skin 250ml,💊 Health & Beauty,3.75,,,,,
5975,NIVEA Double Effect Eye Make-Up Remover. 125ml,💊 Health & Beauty,4.2,,,,,
5976,Tampax Compak Super Tampons With Applicator x18 18S,💊 Health & Beauty,3.49,,,,,
5977,Wilkinson Sword MyIntuition Xtreme 3 Comfort Women's Disposable Razors 4 Pack 4S,💊 Health & Beauty,5.75,,,,,
5978,Lil-Lets Smartfit 16 Non-Applicator Tampons Super 16S,💊 Health & Beauty,2.55,,,,,
5979,Co-op For Men 4 Triple Blade Disposable Razors 4PK,💊 Health & Beauty,1.89,,,,,
5980,NIVEA Caring 48h Day Face Cream SPF15 50ml,💊 Health & Beauty,3.47,,,,,
5981,NIVEA Soft Moisturiser Face Body & Hands 75ML,💊 Health & Beauty,2.79,,,,,
5982,NIVEA Original Care Lip Balm 4G 4.8G,💊 Health & Beauty,1.95,,,,,
5983,Co Op for Men Sensitive Shave Gel 200ml,💊 Health & Beauty,2.2,,,,,
5984,Co-op Skin Care 25 Biodegradable 3 in 1 Cleansing Wipes 25S,💊 Health & Beauty,0.95,,,,,
5985,NIVEA SUN Kids Protect & Care Coloured Spray SPF 50+ 200ml,💊 Health & Beauty,10.5,,,,,
5986,NIVEA SUN After Sun Moisture Lotion 200ml,💊 Health & Beauty,6,,,,,
5987,NIVEA SUN Kids Protect & Care Lotion 200ml,💊 Health & Beauty,7.6,,,,,
5988,Vaseline Intensive Care Essential Healing Body Lotion 400 ml 400ML,💊 Health & Beauty,4.25,,,,,
5989,Sure FIFA Limited Edition Bright Bouquet Anti-Perspirant Aerosol 200 ml 200ML,💊 Health & Beauty,2.4,,,,,
5990,Sure Men Invisible Ice Fresh Anti-Perspirant Aerosol 200 ml 200ML,💊 Health & Beauty,2.15,,,,,
5991,NIVEA MEN Sensitive Moisturiser 75ml,💊 Health & Beauty,6,,,,,
5992,Vaseline Petroleum Jelly Original 50 ml 50ML,💊 Health & Beauty,2.2,,,,,
5993,TENA Discreet Maxi Night 6 pack 6S,💊 Health & Beauty,3.4,,,,,
5994,Mitchum Women Powder Fresh Antiperspirant & Deodorant 200ml,💊 Health & Beauty,3.69,,,,,
5995,TENA Discreet Extra Incontinence Pads x 10 10S,💊 Health & Beauty,3.4,,,,,
5996,E45 Cream 50g,💊 Health & Beauty,3.35,,,,,
5997,Vaseline Intensive Care Body Lotion Cocoa Radiant 200 ml 200ML,💊 Health & Beauty,2.85,,,,,
5998,Lynx Black Aerosol Body Spray 150 ml 150ML,💊 Health & Beauty,4.65,,,,,
5999,Imagination 3 Mini Nail Boards 3S,💊 Health & Beauty,0.95,,,,,
6000,"Gillette Fusion Shave Gel with Almond Oil, For Sensitive Skin, 200ml",💊 Health & Beauty,3.39,,,,,
6001,Always Discreet Incontinence Pads Women Long Plus 8 Count 8S,💊 Health & Beauty,2.79,,,,,
6002,Always Ultra Sanitary Towels Heavy Flow Night (Size 5) Wings 8 Pads For Menstrual Periods 8S,💊 Health & Beauty,2.39,,,,,
6003,Tampax Pearl Compak Super Tampons With Applicator x20 20EACH,💊 Health & Beauty,3.95,,,,,
6004,Tampax Pearl Compak Regular Tampons With Applicator x20 20EACH,💊 Health & Beauty,3.95,,,,,
6005,"Always Daily Fresh Normal Wrapped Panty Liners 20 Liners, 0% Fragrances 20S",💊 Health & Beauty,1.2,,,,,
6006,Co-op Hand Cream Soothe 75ml,💊 Health & Beauty,1.55,,,,,
6007,Galpharm Strawberry Flavour Childrens Paracetamol 120mg/5ml Oral Suspension 3+ Months 100ml 120ML,💊 Health & Beauty,2.95,,,,,
6008,Durex Pleasure Me 12 Condoms 12S,💊 Health & Beauty,9.9,,,,,
6009,Vizulize All in One Contact Lens Cleaning Solution 250ml,💊 Health & Beauty,3.69,,,,,
6010,"Nicorette 2mg Cools Lozenge 40 pieces,Quit Smoking or Quit Vaping Aid 40EACH",💊 Health & Beauty,10,,,,,
6011,Pro Plus Caffeine 48 Tablets 48S,💊 Health & Beauty,5.25,,,,,
6012,Lemsip Cold & Flu Lemon 10 Sachets 10S,💊 Health & Beauty,4.55,,,,,
6013,Lemsip Max Day & Night Cold & Flu Relief Capsules 16 Capsules 16S,💊 Health & Beauty,5.9,,,,,
6014,Compeed Mixed Blister Plasters 5S,💊 Health & Beauty,4.85,,,,,
6015,Calpol SixPlus Sugar-Free Suspension Paracetamol 6+ Years 80ml,💊 Health & Beauty,4.5,,,,,
6016,Nurofen for Children Strawberry Oral Suspension 3mths to 9yrs Ibuprofen 100ml,💊 Health & Beauty,5.1,,,,,
6017,Calpol SixPlus Fast Melts Paracetamol Strawberry Flavour 6+ Years 12s,💊 Health & Beauty,5.5,,,,,
6018,Benylin Infant's Cough Syrup 125ML,💊 Health & Beauty,5.2,,,,,
6019,Nicotinell Mint 1mg Compressed 12 Lozenge 12S,💊 Health & Beauty,3.4,,,,,
6020,Elastoplast Water Resistant Plastic Plasters (40 Pcs) 40EACH,💊 Health & Beauty,4.85,,,,,
6021,Elastoplast Fabric 40 Plasters 40EACH,💊 Health & Beauty,4.85,,,,,
6022,Savlon Antiseptic Cream 60g,💊 Health & Beauty,4.2,,,,,
6023,Dulcolax Adult 8 Tablets 8EACH,💊 Health & Beauty,2.69,,,,,
6024,Allevia 120mg 7 Tablets 7S,💊 Health & Beauty,4.5,,,,,
6025,"Pirinase Hayfever Once Daily Nasal Spray, 60 Sprays EACH",💊 Health & Beauty,5.25,,,,,
6026,"Piriteze Children’s Hayfever & Allergy Syrup 2 years+, 70ml",💊 Health & Beauty,6,,,,,
6027,"Beechams All In One Tablets, Cold & Flu Relief with Paracetamol, 16s",💊 Health & Beauty,4.69,,,,,
6028,Kalms Night One-A-Night Valerian Root Extract 385mg 14 Tablets 14S,💊 Health & Beauty,5.75,,,,,
6029,Co Op 40 Fabric Plasters 40S,💊 Health & Beauty,1.49,,,,,
6030,Co-op 40 Clear Washproof Plasters 40S,💊 Health & Beauty,1.49,,,,,
6031,Co-op 10 Fabric Dressing Strips 10S,💊 Health & Beauty,1.5,,,,,
6032,Benadryl Allergy Relief Capsules Fast-Acting Antihistamine 12 Capsules 12S,💊 Health & Beauty,5.75,,,,,
6033,Benylin Chesty Coughs Non-Drowsy Syrup 150ml,💊 Health & Beauty,6.5,,,,,
6034,Buttercup Bronchostop Cough Syrup 120ml,💊 Health & Beauty,6.3,,,,,
6035,Durex Play Water Base Play Lube 100ml Lubricant,💊 Health & Beauty,11,,,,,
6036,Durex Thin Feel 12 Condoms 12S,💊 Health & Beauty,14.2,,,,,
6037,The Co-operative Ibuprofen 200mg Tablets 16 Tablets 16S,💊 Health & Beauty,0.59,,,,,
6038,The Co-operative Paracetamol Extra Pain Relief Tablets 16 Tablets 16S,💊 Health & Beauty,0.95,,,,,
6039,The Co-operative Max Strength Cold & Flu Relief Powder for Oral Suspension Lemon Flavour 10 Sachets 10S,💊 Health & Beauty,3.79,,,,,
6040,The Co-operative Ibuprofen 200mg Caplets 16 Caplets 16S,💊 Health & Beauty,0.47,,,,,
6041,The Co-operative Hayfever & Allergy Relief 14 Tablets 14S,💊 Health & Beauty,1.89,,,,,
6042,The Co-operative Ibuprofen 200mg Liquid Capsules 16 Capsules 16S,💊 Health & Beauty,1.99,,,,,
6043,"Beechams Max Strength Capsules, Cold & Flu Relief with Paracetamol, 16s",💊 Health & Beauty,7.6,,,,,
6044,Panadol Advance 500mg Paracetamol Tablets 16s. For Pain Relief.,💊 Health & Beauty,2.55,,,,,
6045,"Panadol Extra Advance Tablets 16s, 500mg Paracetamol and 65mg Caffeine Tablets. For Pain Relief. 16PACK",💊 Health & Beauty,4.2,,,,,
6046,Voltarol Joint & Back Pain Relief 2.32% Gel 30g,💊 Health & Beauty,9.45,,,,,
6047,Jakemans Throat & Chest Soothing Menthol Lozenges 160g,💊 Health & Beauty,2.3,,,,,
6048,The Co-operative Paracetamol 500mg Capsules 16 Capsules 16S,💊 Health & Beauty,0.79,,,,,
6049,Halls Soothers Blackcurrant Lozenges Roll 45g,💊 Health & Beauty,0.85,,,,,
6050,The Co-operative Paracetamol 500mg Caplets 16 Caplets 16S,💊 Health & Beauty,0.5,,,,,
6051,The Co-operative Ibuprofen 200mg Long Lasting Capsules 8 Capsules 8S,💊 Health & Beauty,2.69,,,,,
6052,The Co-operative Diarrrhoea Relief 2mg Capsules 6 Capsules 6S,💊 Health & Beauty,1.19,,,,,
6053,Olbas Oil Inhalant Decongestant 12ml,💊 Health & Beauty,6,,,,,
6054,Anusol Cream for hemorrhoids and piles treatment 23g,💊 Health & Beauty,4.79,,,,,
6055,"Nexium Control Heartburn & Indigestion Tablets, 7 7S",💊 Health & Beauty,8.8,,,,,
6056,"Anadin Extra Aspirin, Paracetamol, & Caffeine Caplets, 16s",💊 Health & Beauty,2.75,,,,,
6057,Solpadeine Headache Soluble Tablets 16 Tablets 16S,💊 Health & Beauty,2.65,,,,,
6058,Co-op 60 High Strength Cod Liver Oil & Fish Oil Capsules 60S,💊 Health & Beauty,5.75,,,,,
6059,"Beechams Cold & Flu All in One Liquid, with Paracetamol, 160ml",💊 Health & Beauty,5.5,,,,,
6060,Panadol Extra Soluble Paracetamol Tablets 500mg 24s,💊 Health & Beauty,6.75,,,,,
6061,Vicks Inhaler fast acting medicine for blocked nose relief Stick 0.5ML,💊 Health & Beauty,2.85,,,,,
6062,Guardium Acid Reflux Control Gastro Resistant Tablets x7 7S,💊 Health & Beauty,6.85,,,,,
6063,Nuromol Dual Action Pain Relief 200mg/500mg 12 Tablets 12EACH,💊 Health & Beauty,5.15,,,,,
6064,Optrex Multi Action Eye Wash 100ml,💊 Health & Beauty,5.65,,,,,
6065,Imodium Instant Melts 6 Tablets 6S,💊 Health & Beauty,4,,,,,
6066,Sudafed Congestion & Headache Relief Max Strength Capsules Pack of 16 16S,💊 Health & Beauty,6.2,,,,,
6067,Sudafed Sinus Max Strength Capsules Pack of 16 16S,💊 Health & Beauty,6.2,,,,,
6068,"Nicorette 2mg Icy White Gum 30 Pieces,Quit Smoking or Quit Vaping Aid 30PCE",💊 Health & Beauty,9,,,,,
6069,Co-op Orange Flavour 20 Effervescent Vitamin C 1000 mg Tablets with Sweetener Orange Flavour 20S,💊 Health & Beauty,1.89,,,,,
6070,The Co-operative Max Strength Cold & Flu Capsules 16 Capsules 16S,💊 Health & Beauty,2.49,,,,,
6071,"Clearblue Pregnancy Test Digital with Weeks Indicator, 1 Digital Test EACH",💊 Health & Beauty,10.15,,,,,
6072,"Clearblue Pregnancy Test, Rapid Detection, Result As Fast As 1 Minute, 1 Test EACH",💊 Health & Beauty,7.1,,,,,
6073,Lockets Honey & Lemon Cough Sweet Menthol Lozenges 41g EACH,💊 Health & Beauty,1,,,,,
6074,Co-op Dry Tickly Cough 0.75g/5ml Oral Solution Lemon & Honey Flavour 300ml,💊 Health & Beauty,3.7,,,,,
6075,Co-op Chesty Cough Oral Solution 300ml,💊 Health & Beauty,3.7,,,,,
6076,"Bonjela Adult Ulcer Sugar Free Gel, 15g",💊 Health & Beauty,5.8,,,,,
6077,Lemsip Max Cold & Flu Lemon 10 Sachets 10S,💊 Health & Beauty,7.6,,,,,
6078,Gaviscon Double Action Mint Flavour 24 Chewable Tablets 24S,💊 Health & Beauty,8,,,,,
6079,Strepsils Honey & Lemon Lozenges x36 for Sore Throat 36S,💊 Health & Beauty,5.4,,,,,
6080,"IMODIUM original, Relieves Diarrhoea in 1 Dose, 6 Capsules 6S",💊 Health & Beauty,3.39,,,,,
6081,Strepsils Sore Throat & Cough Lozenges 24 Lozenges 24S,💊 Health & Beauty,7.6,,,,,
6082,Strepsils Extra Triple Action Blackcurrant Lozenges 24 Lozenges 24S,💊 Health & Beauty,7.6,,,,,
6083,Nurofen 200mg Tablets 16 Tablets 16S,💊 Health & Beauty,2.55,,,,,
6084,"Vicks VapoRub, Relief of Cough Cold and Flu like Symptoms, Jar 100g",💊 Health & Beauty,6.85,,,,,
6085,Clarityn Allergy 10mg Tablets 20 Tablets 20PACK,💊 Health & Beauty,6,,,,,
6086,Berocca 15 Natural Orange Flavour Effervescent Tablets 15EACH,💊 Health & Beauty,8,,,,,
6087,Sudafed Blocked Nose Spray Congestion Relief Lasts Up to 10 Hours 15ml,💊 Health & Beauty,5.65,,,,,
6088,Rennie Peppermint 72 Chewable Tablets 72S,💊 Health & Beauty,6.3,,,,,
6089,Galpharm Six Plus Pain Relief 250mg/5ml Oral Suspension Paracetamol Strawberry Flavour 6+ Years 80ml,💊 Health & Beauty,2.55,,,,,
6090,Halls Extra Strong Lozenges Roll 33.5g,💊 Health & Beauty,0.99,,,,,
6091,Flarin Joint and Muscular Pain Relief 200mg Soft Capsules 12 Soft Capsules 12EACH,💊 Health & Beauty,4.85,,,,,
6092,Phizz 20 Orange Tablets 86g 20S,💊 Health & Beauty,6,,,,,
6093,Covonia Chesty Cough Sugar Free Syrup 150ml,💊 Health & Beauty,7,,,,,
6094,Gaviscon Double Action Mixed Berries Flavour 24 Chewable Tablets 24S,💊 Health & Beauty,8,,,,,
6095,Nuromol Dual Action Pain Relief 200mg/500mg 16 Tablets 16S,💊 Health & Beauty,6.25,,,,,
6096,Optrex Itchy Eyes Soothing Eye Drops 10ml,💊 Health & Beauty,6.3,,,,,
6097,Deep Heat Heat Rub 67g,💊 Health & Beauty,4.2,,,,,
6098,Co-op 60 Total Multivitamins & Minerals Tablets 60S,💊 Health & Beauty,4.75,,,,,
6099,Otrivine Blocked Nose Relief Decongestant Nasal Spray 10ml,💊 Health & Beauty,5.1,,,,,
6100,"Piriteze Hayfever & Allergy Antihistamine Tablets, 14s",💊 Health & Beauty,5.25,,,,,
6101,Ultra Chloraseptic Anaesthetic Throat Spray Original Menthol Flavour 15ml,💊 Health & Beauty,6.15,,,,,
6102,Benylin Children's Dry Cough and Sore Throat Syrup 125ml,💊 Health & Beauty,5.2,,,,,
6103,Benylin Mucus Cough Max Honey & Lemon Flavour Syrup 150ml,💊 Health & Beauty,6.5,,,,,
6104,Paulaner Münchner Hell Munich Lager 500ml,🍷 Wine & Beer,2.75,,,,,
6105,BuzzBallz Choc Tease Cocktails 200ml,🍷 Wine & Beer,4,,,,,
6106,Rekorderlig Wild Berries Premium Swedish Cider 500ml,🍷 Wine & Beer,3.75,,,,,
6107,Inch's Cloudy Apple Cider Cans 4 x 440ml,🍷 Wine & Beer,6,,,,,
6108,Modelo Especial 4 x 355ml,🍷 Wine & Beer,6.25,,,,,
6109,Kopparberg Premium Cider with Strawberry & Lime 4 x 330ml,🍷 Wine & Beer,7,,,,,
6110,Cruzcampo Sevilla Beer Pint Cans 4 x 568ml,🍷 Wine & Beer,6.75,,,,,
6111,Co-op Vodka & Cranberry 250ml,🍷 Wine & Beer,2.25,,,,,
6112,Co-op Margarita 250ml,🍷 Wine & Beer,2.25,,,,,
6113,Old Mout Cider Berries & Cherries Cans 4 x 330ml,🍷 Wine & Beer,5.25,,,,,
6114,Birra Moretti Premium Lager Beer Cans 10 x 330ml,🍷 Wine & Beer,10,,,,,
6115,Guinness Draught Alcohol Free Stout Beer 0.0% vol 4x440ml Cans,🍷 Wine & Beer,5.5,,,,,
6116,Kopparberg Alcohol-Free Premium Cider with Strawberry & Lime 4 x 330ml,🍷 Wine & Beer,3.5,,,,,
6117,Corona Extra Beer 10 x 330ml,🍷 Wine & Beer,15,,,,,
6118,"BACARDÍ Mango Mojito Premix Rum Cocktail, 25cl",🍷 Wine & Beer,2.5,,,,,
6119,Spaten Premium Helles Craft Lager Beer Bottle 500ml,🍷 Wine & Beer,3.25,,,,,
6120,Robinsons Old Tom Strong Ale 330ml,🍷 Wine & Beer,2.5,,,,,
6121,Proper Job Cornish IPA 500ml,🍷 Wine & Beer,3,,,,,
6122,Bud Light Beer 4 x 568ml,🍷 Wine & Beer,5.25,,,,,
6123,Damm Lemon Lemon Flavoured Beer 4 x 330ml,🍷 Wine & Beer,4.75,,,,,
6124,Stinky Bay Five Mile Craft Lag,🍷 Wine & Beer,10.25,,,,,
6125,Erdinger Weissbier Wheat Beer 500ml Bottle,🍷 Wine & Beer,3.25,,,,,
6126,Carling Limited Edition Original Lager 18 x 440ml,🍷 Wine & Beer,20.75,,,,,
6127,Staropramen 4 x 440ml,🍷 Wine & Beer,7.25,,,,,
6128,Coors 10 x 440ml,🍷 Wine & Beer,13,,,,,
6129,Bud Light Beer 10 x 440ml,🍷 Wine & Beer,12,,,,,
6130,San Miguel Especial Premium Lager 10 x 440ml,🍷 Wine & Beer,15,,,,,
6131,Carlsberg Special Brew Strong Lager Beer 4 x 440ml Cans,🍷 Wine & Beer,8.75,,,,,
6132,Tyskie Gronie Beer 4 x 500ml,🍷 Wine & Beer,7.5,,,,,
6133,Peroni Nastro Azzurro 4 x 330ml,🍷 Wine & Beer,8,,,,,
6134,Rocquette Traditional Cider,🍷 Wine & Beer,3.15,,,,,
6135,Co-op India Pale Ale 500ml,🍷 Wine & Beer,3,,,,,
6136,Co-op British Lager 4 x 440ml,🍷 Wine & Beer,4.75,,,,,
6137,Liberation Herm Island Gold 50,🍷 Wine & Beer,3,,,,,
6138,Smirnoff Raspberry Crush & Lemonade 5% vol Ready To Drink Premix 250ml Can,🍷 Wine & Beer,3,,,,,
6139,Jack Daniel's Perfectly Mixed with Coca-Cola 330ml,🍷 Wine & Beer,2.5,,,,,
6140,Guinness Draught Stout Beer 4.1% vol 8x440ml Cans,🍷 Wine & Beer,11,,,,,
6141,BuzzBallz Berry Cherry Limeade 200ml,🍷 Wine & Beer,4,,,,,
6142,Rekorderlig Premium Swedish Cider Pineapple-Kiwi 500ml,🍷 Wine & Beer,3.75,,,,,
6143,Kopparberg Sweet Vintage Pear Premium Cider 500ml,🍷 Wine & Beer,3.5,,,,,
6144,Kopparberg Premium Cider with Cherry 4 x 330ml,🍷 Wine & Beer,7.5,,,,,
6145,"BACARDÍ Mojito Premix Rum Cocktail, 25cl",🍷 Wine & Beer,3,,,,,
6146,Budweiser Limited Edition Beer 15 x 440ml,🍷 Wine & Beer,19.5,,,,,
6147,Mahou Beer 4 x 440ml,🍷 Wine & Beer,5.5,,,,,
6148,Modelo Especial 620ml,🍷 Wine & Beer,3.5,,,,,
6149,Guinness West Indies Porter Beer 6% vol 500ml Bottle,🍷 Wine & Beer,3,,,,,
6150,Henry Westons Vintage Cider 500ml,🍷 Wine & Beer,3.5,,,,,
6151,Henry Westons Cloudy Vintage 500ml,🍷 Wine & Beer,3.5,,,,,
6152,Henry Westons Medium Dry British Vintage 500ml,🍷 Wine & Beer,3.5,,,,,
6153,Budweiser Limited Edition Beer 4 x 440ml,🍷 Wine & Beer,5.15,,,,,
6154,Budweiser Limited Edition Beer 4 x 568ml,🍷 Wine & Beer,6.65,,,,,
6155,Budweiser Lager Beer Bottle 660ml,🍷 Wine & Beer,3.25,,,,,
6156,Budweiser Limited Edition Beer 10 x 440ml,🍷 Wine & Beer,13,,,,,
6157,Stella Artois Premium Lager Beer 4 x 440ml,🍷 Wine & Beer,5.75,,,,,
6158,Stella Artois Premium Lager Beer 10 x 440ml,🍷 Wine & Beer,13.25,,,,,
6159,Stella Artois Belgium Premium Lager Beer 660ml,🍷 Wine & Beer,3.25,,,,,
6160,Stella Artois Premium Lager Beer 4 x 568ml,🍷 Wine & Beer,7,,,,,
6161,Corona Extra Beer 4 x 440ml,🍷 Wine & Beer,6.25,,,,,
6162,San Miguel 620ml,🍷 Wine & Beer,3.75,,,,,
6163,San Miguel Especial Premium Lager 4 x 568ml,🍷 Wine & Beer,7.5,,,,,
6164,San Miguel Especial Premium Lager 4 x 330ml,🍷 Wine & Beer,7.5,,,,,
6165,Camden Pale Ale 4 x 330ml,🍷 Wine & Beer,6.25,,,,,
6166,Guinness Draught Stout Beer Cans 4.1% vol 4 x 440ml,🍷 Wine & Beer,7,,,,,
6167,Liberation Ale,🍷 Wine & Beer,3,,,,,
6168,Liberation I.P.A Ale 500ML,🍷 Wine & Beer,3,,,,,
6169,Frosty Jack's Cider 1.5 Litres,🍷 Wine & Beer,7.5,,,,,
6170,Malibu Piña Colada Still Pre-Mixed Drink 250ml,🍷 Wine & Beer,3,,,,,
6171,BrewDog Punk IPA 4 x 330ml,🍷 Wine & Beer,6.75,,,,,
6172,Carling Original Lager 10 x 440ml,🍷 Wine & Beer,13,,,,,
6173,Carling Limited Edition Original Lager 4 x 440ml,🍷 Wine & Beer,6,,,,,
6174,Staropramen Premium Czech Lager 660ml,🍷 Wine & Beer,3.75,,,,,
6175,Cobra Premium Beer 620ml,🍷 Wine & Beer,3.5,,,,,
6176,Madrí Excepcional Lager 660ml,🍷 Wine & Beer,3.25,,,,,
6177,Madrí Excepcional 10 x 440ml,🍷 Wine & Beer,14,,,,,
6178,Coors 4 x 440ml,🍷 Wine & Beer,6,,,,,
6179,Strongbow Dark Fruit Cider Can 440ml,🍷 Wine & Beer,6.5,,,,,
6180,Old Mout Cider Berries & Cherries Bottle 500ml,🍷 Wine & Beer,3,,,,,
6181,Strongbow Original Dry Apple Cider Can 440ml,🍷 Wine & Beer,6.5,,,,,
6182,Strongbow Original Dry Apple Cider Cans 12 x 440ml,🍷 Wine & Beer,15.5,,,,,
6183,Red Stripe Jamaican Lager Beer Cans 4 x 440ml,🍷 Wine & Beer,5.5,,,,,
6184,Birra Moretti Premium Lager Bottle 660ml,🍷 Wine & Beer,3,,,,,
6185,Birra Moretti Premium Lager Bottles 4 x 330ml,🍷 Wine & Beer,6.5,,,,,
6186,Heineken Original Pure Malt Lager Cans 4 x 440ml,🍷 Wine & Beer,7.25,,,,,
6187,Heineken Pure Malt Lager Pint Cans 4 x 568ml,🍷 Wine & Beer,8.5,,,,,
6188,Peroni Nastro Azzurro 10 x 330ml,🍷 Wine & Beer,17,,,,,
6189,Peroni Nastro Azzurro Lager Beer Bottle 620ml,🍷 Wine & Beer,3.5,,,,,
6190,Peroni Nastro Azzurro 4 x 440ml,🍷 Wine & Beer,9,,,,,
6191,Menabrea Premium Lager 660ml,🍷 Wine & Beer,3,,,,,
6192,McEwan's Champion Premium Beer 500ml,🍷 Wine & Beer,3,,,,,
6193,Captain Morgan Original Spiced Gold and Pepsi MAX® Premix 250ml 5% vol can,🍷 Wine & Beer,3,,,,,
6194,Gordon's London Dry Gin & Tonic 5% vol 250ml Can,🍷 Wine & Beer,3,,,,,
6195,Gordon's Premium Pink Gin & Tonic 5% vol 250ml Can,🍷 Wine & Beer,3,,,,,
6196,White Claw Black Cherry Hard Seltzer 330ml,🍷 Wine & Beer,3,,,,,
6197,Estrella Damm 440ml,🍷 Wine & Beer,6.5,,,,,
6198,Estrella Damm Original 660ml,🍷 Wine & Beer,3.25,,,,,
6199,Thatchers Vintage Founder's Cider 500ml,🍷 Wine & Beer,3.25,,,,,
6200,Carlsberg Export Lager Beer 4 x 568ml Pint Cans,🍷 Wine & Beer,7.25,,,,,
6201,Carlsberg Danish Pilsner 568ml,🍷 Wine & Beer,6.5,,,,,
6202,Carling Black Label 4 x 568ml,🍷 Wine & Beer,7.25,,,,,
6203,Stiegl Radler Grapefruit 0.5L,🍷 Wine & Beer,2.75,,,,,
6204,Asahi Super Dry Beer 4 x 440ml,🍷 Wine & Beer,8.5,,,,,
6205,Cruzcampo Sevilla Beer Bottle 660ml,🍷 Wine & Beer,3,,,,,
6206,Desperados Original Beer Can 440ml,🍷 Wine & Beer,7.5,,,,,
6207,WKD Original Blue Vodka Mix 700ml,🍷 Wine & Beer,4.75,,,,,
6208,WKD Original Purple Grape Vodka Mix 700ml,🍷 Wine & Beer,4.75,,,,,
6209,Fuller's London Pride Outstanding Amber Ale 500ml,🍷 Wine & Beer,3,,,,,
6210,Westons Stowford Press Crisp Apple Cider 4 x 440ml,🍷 Wine & Beer,5.25,,,,,
6211,Inch's Medium Apple Cider Cans 10 x 440ml,🍷 Wine & Beer,13,,,,,
6212,Murphy's Draught Irish Stout Cans 4 x 440ml,🍷 Wine & Beer,5.5,,,,,
6213,Altos Margarita Classic Lime 750ml,🍷 Wine & Beer,16.5,,,,,
6215,Smirnoff Miami Peach & Lemonade Ready to Drink 5% vol 250ml,🍷 Wine & Beer,3,,,,,
6216,Absolut Vodka & Sprite 250ml,🍷 Wine & Beer,2.5,,,,,
6217,Foster's The Amber Nectar Australian Lager Beer Can 440ml,🍷 Wine & Beer,5.5,,,,,
6218,Kronenbourg 1664 Bière Blonde 4 x 568ml,🍷 Wine & Beer,7.25,,,,,
6219,Bacardi 250ml,🍷 Wine & Beer,3,,,,,
6220,Heineken Orginal Pure Malt Lager Beer Bottle 650ml,🍷 Wine & Beer,3.25,,,,,
6221,Tyskie Gronie Beer 650ml,🍷 Wine & Beer,3.75,,,,,
6222,Old Speckled Hen Distinctive English Pale Ale 4 x 440ml,🍷 Wine & Beer,6,,,,,
6223,Rekorderlig Strawberry-Lime Premium Swedish Cider 500ml,🍷 Wine & Beer,3.75,,,,,
6224,Old Speckled Hen English Pale Ale 500ml,🍷 Wine & Beer,2.75,,,,,
6225,Rekorderlig Strawberry-Lime Premium Swedish Cider 4 x 330ml,🍷 Wine & Beer,8,,,,,
6226,Greene King Abbot Reserve 500ml,🍷 Wine & Beer,3,,,,,
6227,Morland Old Crafty Hen Oak-Aged Strong Ale 500ml,🍷 Wine & Beer,2.75,,,,,
6228,Rekorderlig Mango-Raspberry Premium Swedish Cider 500ml,🍷 Wine & Beer,3.75,,,,,
6229,Absolut Cocktails Espresso Martini 200ml,🍷 Wine & Beer,3.25,,,,,
6230,Kopparberg Premium Cider With Strawberry & Lime 500ml,🍷 Wine & Beer,3,,,,,
6231,Kopparberg Premium Cider with Mixed Fruit 500ml,🍷 Wine & Beer,3,,,,,
6232,Corona Extra Beer 4 x 330ml,🍷 Wine & Beer,6.75,,,,,
6233,Co-op British Apple Cider 2L,🍷 Wine & Beer,5.75,,,,,
6234,Desperados Tequila Lager Beer 3 x 330ml Bottles,🍷 Wine & Beer,7.25,,,,,
6235,Desperados Tequila Beer Bottle 65cl,🍷 Wine & Beer,4,,,,,
6236,Kronenbourg 1664 Bière Blonde 4 x 440ml,🍷 Wine & Beer,6.25,,,,,
6237,Foster's The Amber Nectar Lager Beer Cans 10 x 440ml,🍷 Wine & Beer,10,,,,,
6238,Foster's Australian Lager Beer Can 568ml,🍷 Wine & Beer,7.75,,,,,
6239,Cruzcampo Sevilla Beer Cans 10 x 440ml,🍷 Wine & Beer,14,,,,,
6240,Co-op Hugo Spritz 250ml,🍷 Wine & Beer,2.5,,,,,
6241,Co-op Aperitivo Spritz 250ml,🍷 Wine & Beer,2.5,,,,,
6242,Co-op Fairtrade South African White Blend 3L,🍷 Wine & Beer,21.5,,,,,
6243,Co-op Chilean Sauvignon Blanc 2.25L,🍷 Wine & Beer,17.5,,,,,
6244,Co-op Chilean Merlot 2.25L,🍷 Wine & Beer,17.75,,,,,
6245,Co-op Fairtrade Chilean Red Blend 3L,🍷 Wine & Beer,24.5,,,,,
6246,Felix Solis Peñasol Sangria 1L,🍷 Wine & Beer,3.5,,,,,
6247,Co-op Lime Tree Chardonnay 3L,🍷 Wine & Beer,22.5,,,,,
6248,Andrew Peace Shiraz 2 x 75cl (1.5L),🍷 Wine & Beer,13.5,,,,,
6249,Trapiche Reserve Malbec 1.5L,🍷 Wine & Beer,12.75,,,,,
6250,19 Crimes Red Wine 1.5L,🍷 Wine & Beer,16,,,,,
6251,The Wanderer Fairtrade Malbec 1.5L,🍷 Wine & Beer,17.5,,,,,
6252,Turano Catarratto Pinot Grigio 2.25l,🍷 Wine & Beer,17.5,,,,,
6253,La Vieille Ferme Rosé Wine 1.5l,🍷 Wine & Beer,15.5,,,,,
6254,Unknown Shiraz 1.5 Litre,🍷 Wine & Beer,11,,,,,
6255,Co-op Lime Tree Shiraz 3L,🍷 Wine & Beer,22.5,,,,,
6256,Co-op Cava Brut 75cl,🍷 Wine & Beer,7.5,,,,,
6257,Co-op Cava Rosado Brut 75cl,🍷 Wine & Beer,8,,,,,
6258,Co Op Irresistible Special Cuvée Prosecco 75cl,🍷 Wine & Beer,6.5,,,,,
6259,Crémant de Bourgogne Brut 75cl,🍷 Wine & Beer,10.5,,,,,
6260,Scalini Prosecco 75CL,🍷 Wine & Beer,6,,,,,
6261,Co-op Irresistible Prosecco Rose 75cl,🍷 Wine & Beer,8,,,,,
6262,Co-op Les Pionniers Champagne Brut 75cl,🍷 Wine & Beer,23,,,,,
6263,Co-op Tilimuqui Sparkling Wine 75cl,🍷 Wine & Beer,9,,,,,
6264,Corte Molino Prosecco 0.75L,🍷 Wine & Beer,7.5,,,,,
6265,San Martino Rosé 75cl,🍷 Wine & Beer,6.5,,,,,
6266,Co-op Irresistible Prosecco 150CL,🍷 Wine & Beer,15,,,,,
6267,"MARTINI Extra Dry Vermouth Aperitivo, 75cl",🍷 Wine & Beer,11.5,,,,,
6268,The Co-operative Fine Ruby Port 75cl,🍷 Wine & Beer,9,,,,,
6269,Co-op Vermouth Bianco 1L,🍷 Wine & Beer,9.75,,,,,
6270,Co-op Vermouth Extra Dry 1L,🍷 Wine & Beer,9.75,,,,,
6271,Co-op Vermouth Rosso 1L,🍷 Wine & Beer,9.75,,,,,
6272,Taylor's Select Ruby Port 75cl,🍷 Wine & Beer,11,,,,,
6273,Croft Original Sherry 750ml,🍷 Wine & Beer,12,,,,,
6274,Harveys The Bristol Cream Solera Sherry 75cl,🍷 Wine & Beer,13.5,,,,,
6275,Stone's Original Green Ginger Wine 700ml,🍷 Wine & Beer,7.5,,,,,
6276,Taylor's Late Bottled Vintage Port 75cl,🍷 Wine & Beer,16.5,,,,,
6277,Cruzcampo Sevilla Orange Flavoured Beer 6 x 4 x 440ml Cans,🍷 Wine & Beer,5.25,,,,,
6278,Butcombe Brewing Co Goram IPA Zero 500ml,🍷 Wine & Beer,1.75,,,,,
6279,Lucky Saint Unfiltered Lager 330ml,🍷 Wine & Beer,2,,,,,
6280,Lucky Saint Hazy IPA 330ml,🍷 Wine & Beer,2,,,,,
6281,BrewDog Alcohol Free Punk AF 4 x 330ml,🍷 Wine & Beer,5.75,,,,,
6282,Nozeco Special Edition Alcohol Free Fine Sparkling 75cl,🍷 Wine & Beer,4.25,,,,,
6283,Madrí Excepcional Zero 4 x 440ml,🍷 Wine & Beer,5.25,,,,,
6284,Willow & Stone Fruity Rosé 75cl,🍷 Wine & Beer,4.5,,,,,
6285,Echo Falls Summer Berries Fruit Fusion 750ml,🍷 Wine & Beer,6.25,,,,,
6286,Lambrini Original 1.25L,🍷 Wine & Beer,5,,,,,
6287,Stella Artois Alcohol Free Premium Lager 4 x 440ml,🍷 Wine & Beer,4.75,,,,,
6288,Stormhoek Sauvignon Blanc 75cl,🍷 Wine & Beer,3.25,,,,,
6289,Stormhoek Shiraz 75cl,🍷 Wine & Beer,3.25,,,,,
6290,Echo Falls Blue Raspberry Fruit Fusion 750ml,🍷 Wine & Beer,6.75,,,,,
6291,Bud Limited Edition Beer 4 x 330ml,🍷 Wine & Beer,3.75,,,,,
6292,Heineken 0.0 Special Edition Alcohol Free Bottles 4 x 330ml,🍷 Wine & Beer,4.75,,,,,
6293,Tilimuqui Alcohol Free Zero Sparkling 75cl,🍷 Wine & Beer,6,,,,,
6294,Maresco Pinot Grigio Rosato 187ml,🍷 Wine & Beer,2.5,,,,,
6295,Jam Shed Shiraz 2 x 1.5L,🍷 Wine & Beer,15,,,,,
6296,Co-op Irresistible Prosecco Rosé 20cl,🍷 Wine & Beer,3.25,,,,,
6297,Co Op Irresistible Special Cuvée Prosecco 20cl,🍷 Wine & Beer,3.25,,,,,
6298,Co-op Chilean Sauvignon Blanc 187ml,🍷 Wine & Beer,2.5,,,,,
6299,Co-op Chilean Merlot 187ml,🍷 Wine & Beer,2.5,,,,,
6300,Andrew Peace Chardonnay 187ml,🍷 Wine & Beer,2.5,,,,,
6301,Pinot Pinot Pinot Grigio Fizz 200 ml e,🍷 Wine & Beer,2.75,,,,,
6302,Pinot Pinot Pinot Grigio Pink Fizz 200ml,🍷 Wine & Beer,2.75,,,,,
6303,Co-op Most Wanted Malbec 187ml,🍷 Wine & Beer,2.5,,,,,
6304,Country Manor Medium Dry Finest Perry 2.25 Litre,🍷 Wine & Beer,10,,,,,
6305,Trivento Reserve Malbec 18.7cl,🍷 Wine & Beer,2.75,,,,,
6306,Blossom Hill Red Wine 187ml,🍷 Wine & Beer,2.5,,,,,
6307,Casa Turano Pinot Grigio 187ml,🍷 Wine & Beer,2.5,,,,,
6308,La Vieille Ferme Rose 187ml,🍷 Wine & Beer,2.75,,,,,
6309,Andrew Peace Shiraz 187ml,🍷 Wine & Beer,2.5,,,,,
6310,Fleurs de Prairie Lubéron 187ml,🍷 Wine & Beer,2.5,,,,,
6311,Les Jamelles Syrah 75CL,🍷 Wine & Beer,7.75,,,,,
6312,Co-op Old Vine Garnacha 75cl,🍷 Wine & Beer,6.5,,,,,
6313,Co-op Fairtrade Bonarde Malbec 75cl,🍷 Wine & Beer,6.25,,,,,
6314,Co-op Carménère 75cl,🍷 Wine & Beer,8,,,,,
6315,Andrew Peace Shiraz 75cl,🍷 Wine & Beer,7.75,,,,,
6316,Quest The Collective Shiraz / Malbec 750ml,🍷 Wine & Beer,6.5,,,,,
6317,Co-op Côtes du Rhône 75cl,🍷 Wine & Beer,6.25,,,,,
6318,El Esteco Don David Blend of Terroirs Malbec 75cl,🍷 Wine & Beer,9,,,,,
6319,Tilimuqui Malbec 75cl,🍷 Wine & Beer,8.25,,,,,
6320,Hereford Tempranillo 75cl,🍷 Wine & Beer,6.75,,,,,
6321,Artesano de Argento Fairtrade Organic Malbec Cabernet Franc 75cl,🍷 Wine & Beer,7.25,,,,,
6322,Blossom Hill Soft & Fruity Red 750ml,🍷 Wine & Beer,6.5,,,,,
6323,Casillero del Diablo Merlot Red Wine Chile 75cl,🍷 Wine & Beer,8.75,,,,,
6324,The Hidden Vine Maturana Garnacha 75cl,🍷 Wine & Beer,8.5,,,,,
6325,TRAPICHE PURE FAIRTRADE MALBEC 75CL,🍷 Wine & Beer,9.5,,,,,
6326,Co-op Fairtrade Shiraz 75cl,🍷 Wine & Beer,6.4,,,,,
6327,Co-op Irresistible Malbec 75cl,🍷 Wine & Beer,6.5,,,,,
6328,Co-op Spanish Red Wine 75cl,🍷 Wine & Beer,5.75,,,,,
6329,Co-op Irresistible Vina Gala Rioja 75cl,🍷 Wine & Beer,8,,,,,
6330,Co-op Irresistible Fairtrade Organic Malbec 75cl,🍷 Wine & Beer,8.25,,,,,
6331,Albert Glas Pinot Noir,🍷 Wine & Beer,11,,,,,
6332,Casa Felina Merlot Feteasca Neagră 75cl,🍷 Wine & Beer,7.5,,,,,
6333,Co-op Irresistible Pinot Noir 75cl,🍷 Wine & Beer,6.5,,,,,
6334,Co-op Chianti 75cl,🍷 Wine & Beer,6.75,,,,,
6335,Co-op Irresistible Cabernet Sauvignon 75cl,🍷 Wine & Beer,8,,,,,
6336,Co-op Irresistible Montepulciano D'Abruzzo Riserva 75cl,🍷 Wine & Beer,8.5,,,,,
6337,Co-op Irresistible Primitivo 75cl,🍷 Wine & Beer,6.5,,,,,
6338,Co-op Irresistible Chianti 75cl,🍷 Wine & Beer,10.5,,,,,
6339,Co-op Fairtrade Merlot 75cl,🍷 Wine & Beer,7.5,,,,,
6340,Co-op Lime Tree Shiraz 75cl,🍷 Wine & Beer,6.5,,,,,
6341,Co-op Irresistible País 70cl,🍷 Wine & Beer,6.75,,,,,
6342,Co-op Malbec 75cl,🍷 Wine & Beer,6.75,,,,,
6343,Co-op Lime Tree Merlot 75cl,🍷 Wine & Beer,6.5,,,,,
6344,Mucho Más 75cl,🍷 Wine & Beer,9.5,,,,,
6345,Trivento Special Selection Malbec 75cl,🍷 Wine & Beer,11.5,,,,,
6346,Pacha Del Fuego Merlot 75cl,🍷 Wine & Beer,6.5,,,,,
6347,Apothic Red Wine 750ml,🍷 Wine & Beer,11,,,,,
6348,McGuigan Black Label Shiraz 75cl,🍷 Wine & Beer,7.5,,,,,
6349,Bread & Butter Pinot Noir 75cl,🍷 Wine & Beer,14.5,,,,,
6350,Cellier D'Or Bouches Du Rhône 75cl,🍷 Wine & Beer,7,,,,,
6351,Barefoot Merlot 750ml,🍷 Wine & Beer,8.75,,,,,
6352,St Hallett Barossa Gamekeeper's Cabernet Shiraz 750ml,🍷 Wine & Beer,12,,,,,
6353,Mount Rozier Merlot,🍷 Wine & Beer,7,,,,,
6354,El Esteco Don David Cabernet 75cl,🍷 Wine & Beer,9,,,,,
6355,4 Winemakers Red Blend 75cl,🍷 Wine & Beer,7,,,,,
6356,Trivento Reserve Malbec 750ml,🍷 Wine & Beer,7.25,,,,,
6357,El Esteco Malbec 75cl,🍷 Wine & Beer,12,,,,,
6358,Casillero del Diablo Cabernet Sauvignon 75cl,🍷 Wine & Beer,8.75,,,,,
6359,Tenuta Trerose Toscana Riserva 750ml,🍷 Wine & Beer,13.5,,,,,
6360,Arpeggio Nero D'avola Sicilia DOC 75cl,🍷 Wine & Beer,8.75,,,,,
6361,S&R Alicante Bouschet 750ml,🍷 Wine & Beer,9,,,,,
6362,1000 Paths Vinho Regional Lisboa Portugal 750ml,🍷 Wine & Beer,6,,,,,
6363,Piccini Collezione Oro Chianti Superiore 750ml,🍷 Wine & Beer,8,,,,,
6364,Hacienda del Carche Selección Jumilla 75CL,🍷 Wine & Beer,8,,,,,
6365,Saint-Emilion Château Graves de Rabion 750ml,🍷 Wine & Beer,13.5,,,,,
6366,The Wanderer Fairtrade Malbec 75cl,🍷 Wine & Beer,12.5,,,,,
6367,Davida 75cl,🍷 Wine & Beer,7.25,,,,,
6368,Blossom Hill Merlot 750ml,🍷 Wine & Beer,6.75,,,,,
6369,Arniston Bay Fairtrade Shiraz Merlot 750ml,🍷 Wine & Beer,6.5,,,,,
6370,Co-op South African Red Wine 75cl,🍷 Wine & Beer,5.5,,,,,
6371,Cantine Stella Sangiovese Merlot 75cl,🍷 Wine & Beer,6.5,,,,,
6372,Palazzo Maffei Valpolicella Ripasso Superiore Conte Di Valle 750ml,🍷 Wine & Beer,12.5,,,,,
6373,Kingpin Tempranillo Shiraz Cabernet 75cl,🍷 Wine & Beer,7.5,,,,,
6374,Rock & Roots Organic Tempranillo 75cl,🍷 Wine & Beer,6.5,,,,,
6375,Baron De Ley Reserva Rioja 75cl,🍷 Wine & Beer,11.5,,,,,
6376,Muriel Rioja Tempranillo 750ml,🍷 Wine & Beer,6.75,,,,,
6377,Marqués de Valido Rioja Gran Reserva 750ml,🍷 Wine & Beer,13,,,,,
6378,The Signal Post Shiraz 75cl,🍷 Wine & Beer,7.25,,,,,
6379,La Vieille Ferme 750ml,🍷 Wine & Beer,8,,,,,
6380,Château Vieux Manoir 750ml,🍷 Wine & Beer,8,,,,,
6381,Les Emblèmes François Plessis Collection Premium 75cl,🍷 Wine & Beer,7,,,,,
6382,Collin-Bourisset L'Authentique Fleurie 750ml,🍷 Wine & Beer,14.5,,,,,
6383,La P'tite Pierre 75cl,🍷 Wine & Beer,6.25,,,,,
6384,Louis Jadot Beaujolais - Villages 75cl,🍷 Wine & Beer,9,,,,,
6385,McGuigan Cabernet Sauvignon 75cl,🍷 Wine & Beer,8,,,,,
6386,19 Crimes Red Wine 750ml,🍷 Wine & Beer,9.25,,,,,
6387,Oxford Landing Merlot 750ml,🍷 Wine & Beer,7,,,,,
6388,Jim Barry The Lodge Hill Shiraz,🍷 Wine & Beer,9,,,,,
6389,Berton The Black Shiraz 750ml,🍷 Wine & Beer,9.5,,,,,
6390,Robert Oatley Semaphore Series Shiraz 750cl,🍷 Wine & Beer,12,,,,,
6391,Robert Oatley Semaphore Series Cabernet Sauvignon 750ml,🍷 Wine & Beer,12,,,,,
6392,Artan Reserve Coonawarra Cabernet Sauvignon 750ml,🍷 Wine & Beer,10,,,,,
6393,"Kleine Zalze Shiraz, Grenache Cabernet Franc 750ml",🍷 Wine & Beer,7.25,,,,,
6394,Stellenbosch Drive Cabernet Sauvignon Merlot 750ml,🍷 Wine & Beer,7.75,,,,,
6395,Mount Rozier South Africa Shiraz Malbec 75cl,🍷 Wine & Beer,6,,,,,
6396,Co-op Fairtrade Valle Central Chile Carmenère 75cl,🍷 Wine & Beer,6.5,,,,,
6397,Doudet Naudin Pinot Noir 75CL,🍷 Wine & Beer,7.75,,,,,
6398,Château De Ruth Sainte Cecile 75cl,🍷 Wine & Beer,11.25,,,,,
6399,Santa Vittoria Barolo 750ml,🍷 Wine & Beer,20,,,,,
6400,Lot Series French Red 75CL,🍷 Wine & Beer,7.25,,,,,
6401,Co-op Irresistible Salice Salentino Riserva 75cl,🍷 Wine & Beer,8,,,,,
6402,Co-op Irresistible Valle Del Maule Carignan 75cl,🍷 Wine & Beer,8,,,,,
6403,Co-op Irresistible Australia Shiraz Cabernet 75cl,🍷 Wine & Beer,8.5,,,,,
6404,Trapiche Reserve Malbec 75CL,🍷 Wine & Beer,8.5,,,,,
6405,Château Senailhac Bordeaux 750ml,🍷 Wine & Beer,9.25,,,,,
6406,Co-op Limetree Australia Cabernet Sauvignon 75cl,🍷 Wine & Beer,6.5,,,,,
6407,The Interlude Pinot Noir 75cl,🍷 Wine & Beer,7.25,,,,,
6408,Château Capitoul Languedoc 750ml,🍷 Wine & Beer,6.4,,,,,
6409,Co-op Fairtrade Cabernet Sauvignon 75cl,🍷 Wine & Beer,7.5,,,,,
6410,Wheadons House Pour Gin 70 cl,🍷 Wine & Beer,23,,,,,
6411,Wheadons House Pour Vodka,🍷 Wine & Beer,23,,,,,
6412,Wheadons House Pour Vanilla Vo,🍷 Wine & Beer,23,,,,,
6413,Johnnie Walker Red Label Blended Scotch Whisky 40% vol 70cl,🍷 Wine & Beer,29,,,,,
6414,Sourz Apple The Original Sweet & Sour Liqueur 70cl,🍷 Wine & Beer,17,,,,,
6415,Gordon's Alcohol Free Spirit 0% vol 70cl,🍷 Wine & Beer,15.5,,,,,
6416,The Famous Grouse Blended Scotch Whisky 1L,🍷 Wine & Beer,37,,,,,
6417,Captain Morgan Original Spiced Gold 35% vol 1L,🍷 Wine & Beer,29,,,,,
6418,Smirnoff Raspberry Crush Flavoured Spirit Drink 35% vol 70cl,🍷 Wine & Beer,24,,,,,
6419,Smirnoff Mango & Passionfruit Twist Flavoured Vodka 70cl,🍷 Wine & Beer,24,,,,,
6420,Smirnoff No. 21 Vodka Red Label 37.5% vol 35cl Bottle,🍷 Wine & Beer,14,,,,,
6421,Co-op Delaney's Country Cream 1L,🍷 Wine & Beer,19,,,,,
6422,The Famous Grouse Blended Scotch Whisky 350ml,🍷 Wine & Beer,15.5,,,,,
6423,Co Op Imperial Vodka 70cl,🍷 Wine & Beer,20,,,,,
6424,Co Op Blended Scotch Whisky Oak Aged 3 Years 1 Litre,🍷 Wine & Beer,30,,,,,
6425,Co-op Triple Distilled Vodka 1L,🍷 Wine & Beer,27,,,,,
6426,Captain Morgan Spiced Gold 35% vol 70cl,🍷 Wine & Beer,23,,,,,
6427,Courvoisier VS Cognac 35cl,🍷 Wine & Beer,18,,,,,
6428,Sierra Tequila Blanco 500ml,🍷 Wine & Beer,20,,,,,
6429,Co Op Blended Scotch Whisky Oak Aged 3 Years 35cl,🍷 Wine & Beer,13.5,,,,,
6430,Co-op Fine French Napoleon Brandy 1L,🍷 Wine & Beer,28,,,,,
6431,Co-op Napoleon Brandy 35cl,🍷 Wine & Beer,11.5,,,,,
6432,Co-op Classic Navy Rum 35cl,🍷 Wine & Beer,16,,,,,
6433,"BOMBAY SAPPHIRE London Dry Gin, 100cl",🍷 Wine & Beer,40,,,,,
6434,Co-op Double Distilled London Dry Gin 1L,🍷 Wine & Beer,26,,,,,
6435,Pimm's Original No. 1 Cup Gin Based Liqueur 22% vol 70cl Bottle,🍷 Wine & Beer,19,,,,,
6436,Jameson Triple Distilled Irish Whiskey 700ml,🍷 Wine & Beer,32,,,,,
6437,Gordon's Premium Pink Gin Based Flavoured Spirit Drink 35% vol 1L Bottle,🍷 Wine & Beer,29,,,,,
6438,Glen Grant Aperol 70CL,🍷 Wine & Beer,20,,,,,
6439,Co Op Special London Dry Gin 70cl,🍷 Wine & Beer,20,,,,,
6440,"BACARDÍ Carta Blanca Superior White Rum, 100cl",🍷 Wine & Beer,34,,,,,
6441,Gordon’s Special Dry London Gin 37.5% vol 70cl,🍷 Wine & Beer,25,,,,,
6442,Jack Daniel's Old No.7 Brand Tennessee Sour Mash Whiskey 70cl,🍷 Wine & Beer,25,,,,,
6443,Baileys Original Irish Cream Liqueur 17% vol 70cl,🍷 Wine & Beer,20,,,,,
6444,Smirnoff No. 21 Vodka 37.5% vol 70cl,🍷 Wine & Beer,24,,,,,
6445,Gordon's Spritz Edition Mediterranean Orange Gin 37.5% vol 70cl,🍷 Wine & Beer,26,,,,,
6446,Gordon's Premium Pink Gin Based Flavoured Spirit Drink 35% vol 70cl,🍷 Wine & Beer,26,,,,,
6447,Jim Beam Kentucky Straight Bourbon Whiskey,🍷 Wine & Beer,24,,,,,
6448,Tequila Rose Strawberry Cream Liqueur with Tequila 500ml,🍷 Wine & Beer,17.5,,,,,
6449,Captain Morgan Dark Rum 40% vol 70cl Bottle,🍷 Wine & Beer,24,,,,,
6450,Gordon’s London Dry Gin 37.7% vol 35cl,🍷 Wine & Beer,13.5,,,,,
6451,Gordon’s Lemon Meringue Spirit Drink 35% vol 70cl,🍷 Wine & Beer,26,,,,,
6452,Jägermeister Herbal Liqueur 500ml,🍷 Wine & Beer,21,,,,,
6453,Tanqueray London Dry Gin Award-Winning Premium Gin 41.3% vol 1L,🍷 Wine & Beer,38,,,,,
6454,Bell's Original Blended Scotch Whisky 40% vol 1L Bottle,🍷 Wine & Beer,28,,,,,
6455,Smirnoff No. 21 Vodka 1L,🍷 Wine & Beer,27,,,,,
6456,Tia Maria Cold Brew Coffee Liqueur 700 ml,🍷 Wine & Beer,18,,,,,
6457,Gordon’s Special Dry London Gin 37.5% vol 1L,🍷 Wine & Beer,28,,,,,
6458,Sea Level Gin,🍷 Wine & Beer,43,,,,,
6459,Sea Level Old Tom Gin,🍷 Wine & Beer,43,,,,,
6460,Sea Level Pink Gin,🍷 Wine & Beer,43,,,,,
6461,The Kraken Black Spiced Rum 70cl,🍷 Wine & Beer,36,,,,,
6462,Southern Comfort Original Liqueur with Whiskey 70cl,🍷 Wine & Beer,26,,,,,
6463,Cointreau L'Unique Orange Liqueur Triple Sec 50cl,🍷 Wine & Beer,25,,,,,
6464,Glayva Tangerine & Honeyspiced Whisky Liqueur 70cl,🍷 Wine & Beer,36.75,,,,,
6465,Campari 70cl,🍷 Wine & Beer,28,,,,,
6466,Three Barrels 70cl,🍷 Wine & Beer,32,,,,,
6467,Antica Sambuca Classic 70cl,🍷 Wine & Beer,25,,,,,
6468,Co Op Blended Scotch Whisky Oak Aged 3 Years 70cl,🍷 Wine & Beer,22,,,,,
6469,Co-op Napoleon Brandy 70cl,🍷 Wine & Beer,20,,,,,
6470,Co-op Triple Distilled Imperial Vodka 1.5L,🍷 Wine & Beer,37,,,,,
6471,Calvados Berneroy Fine,🍷 Wine & Beer,31,,,,,
6472,Gavi 75cl,🍷 Wine & Beer,10,,,,,
6473,Co-op Chilean Sauvignon Blanc 75cl,🍷 Wine & Beer,6,,,,,
6474,Co-op Irresistible Soave Classico 75cl,🍷 Wine & Beer,6,,,,,
6475,Co-op Irresistible Côtes de Provence 75cl,🍷 Wine & Beer,10,,,,,
6476,Oxford Landing Sauvignon Blanc 750ml,🍷 Wine & Beer,5.5,,,,,
6477,Co-op Irresistible Solo Dry Rosé 75cl,🍷 Wine & Beer,6.1,,,,,
6478,Co-op Irresistible Chardonnay 75cl,🍷 Wine & Beer,10,,,,,
6479,Andrew Peace Chardonnay 75cl,🍷 Wine & Beer,7.75,,,,,
6481,Mateus The Original Rosé 750ml,🍷 Wine & Beer,7,,,,,
6482,Isla Negra Seashore Sauvignon Blanc Pedro Jimenez 75cl,🍷 Wine & Beer,6,,,,,
6483,Co-op Irresistible Pinot Grigio 75cl,🍷 Wine & Beer,7.5,,,,,
6484,Bijou Terre De Providence 75cl,🍷 Wine & Beer,8.75,,,,,
6485,Barefoot Pinot Grigio 750ml,🍷 Wine & Beer,8.75,,,,,
6486,Barefoot Pink Moscato 750ml,🍷 Wine & Beer,7.5,,,,,
6487,Co-op California White Zinfandel Rosé Wine 75cl,🍷 Wine & Beer,5,,,,,
6488,Co-op Fairtrade Chardonnay 75cl,🍷 Wine & Beer,6.75,,,,,
6489,Co-op Runestone New Zealand Marlborough Sauvignon Blanc 75cl,🍷 Wine & Beer,6.75,,,,,
6490,Co-op Hock 75cl,🍷 Wine & Beer,6.5,,,,,
6491,Co-op Soave Wine 75cl,🍷 Wine & Beer,5.75,,,,,
6492,Co-op Pinot Grigio 75cl,🍷 Wine & Beer,6,,,,,
6493,Co-op Lime Tree Chardonnay 75cl,🍷 Wine & Beer,6.5,,,,,
6494,Coeur de Cardeline Rosé Costières de Nîmes 750ml,🍷 Wine & Beer,8.75,,,,,
6495,Co-op Irresistible Petit Verdot 75cl,🍷 Wine & Beer,8,,,,,
6496,Co-op Irresistible Marlborough Sauvignon Blanc 75cl,🍷 Wine & Beer,8,,,,,
6497,Co-op South African White Wine 75cl,🍷 Wine & Beer,6.5,,,,,
6498,Co-op South African Rosé 75cl,🍷 Wine & Beer,6.5,,,,,
6499,Co-op Irresistible Sauvignon Blanc 75cl,🍷 Wine & Beer,8,,,,,
6500,Maresco Pinot Grigio 75cl,🍷 Wine & Beer,6.5,,,,,
6501,Barefoot White Zinfandel 750ml,🍷 Wine & Beer,7,,,,,
6502,Co-op South Breakwater Sauvignon Blanc 75cl,🍷 Wine & Beer,6,,,,,
6503,Villa Garducci Catarratto Pinot Grigio 75cl,🍷 Wine & Beer,5.25,,,,,
6505,Barefoot Buttery Chardonnay 750ml,🍷 Wine & Beer,7.75,,,,,
6507,Muscadet Sèvre et Maine Château De La Petite Giraudière 75cl,🍷 Wine & Beer,8,,,,,
6508,Casillero del Diablo Sauvignon Blanc 75cl,🍷 Wine & Beer,8.75,,,,,
6509,Verdicchio dei Castelli di Jesi 75cl,🍷 Wine & Beer,7,,,,,
6510,Stormhoek Moscato Rosé 75cl,🍷 Wine & Beer,5.5,,,,,
6511,Co-op Fairtrade Torrontes Chardonnay 75cl,🍷 Wine & Beer,5.75,,,,,
6512,Pacha Del Fuego Chardonnay 75cl,🍷 Wine & Beer,6.5,,,,,
6513,Bread & Butter Chardonnay 75cl,🍷 Wine & Beer,14.5,,,,,
6514,Welmoed Sauvignon Blanc 75CL,🍷 Wine & Beer,6.1,,,,,
6515,Bruce Jack Sauvignon Blanc 750ml,🍷 Wine & Beer,7.5,,,,,
6516,The Weather Man Sauvignon Blanc 75cl,🍷 Wine & Beer,6.5,,,,,
6517,Turano Pinot Grigio 75cl,🍷 Wine & Beer,6.75,,,,,
6518,Codorníu Albariño Organic Wine 75cl,🍷 Wine & Beer,8,,,,,
6519,Studio by Miraval 750ml,🍷 Wine & Beer,12,,,,,
6520,The Signal Post Chardonnay 75cl,🍷 Wine & Beer,6.5,,,,,
6521,Viña Sol Original 75cl,🍷 Wine & Beer,8.5,,,,,
6522,Rock & Roots Organic Verdejo Sauvignon Blanc 75cl,🍷 Wine & Beer,6.5,,,,,
6523,Vavasour Sauvignon Blanc 75cl,🍷 Wine & Beer,9.75,,,,,
6524,The Ned Sauvignon Blanc 750ml,🍷 Wine & Beer,10,,,,,
6525,McGuigan Single Batch Project Dry Rosé 75cl,🍷 Wine & Beer,8,,,,,
6526,Co-op Orvieto Classico 75cl,🍷 Wine & Beer,6,,,,,
6527,McGuigan Pinot Grigio 75cl,🍷 Wine & Beer,8,,,,,
6528,Mirabeau Nude Pink 75cl,🍷 Wine & Beer,9.25,,,,,
6529,Paul Mas Picpoul De Pinet 75cl,🍷 Wine & Beer,8.25,,,,,
6530,19 Crimes Chard 750ml,🍷 Wine & Beer,9.5,,,,,
6531,"Grove Mill Sauvignon Blanc, Marlborough 75cl",🍷 Wine & Beer,9.75,,,,,
6532,Co-op Fairtrade Sauvignon Blanc 75cl,🍷 Wine & Beer,5.5,,,,,
6533,Cantine Stella Trebbiano Pinot Grigio 75cl,🍷 Wine & Beer,6.25,,,,,
6534,Shoredrift Sauvignon Blanc 75cl,🍷 Wine & Beer,5.5,,,,,
6535,Angel's Vine Mediterranean Rose 750 ml,🍷 Wine & Beer,7.25,,,,,
6536,Co-op Lime Tree Rosé 75cl,🍷 Wine & Beer,6.5,,,,,
6537,Co-op Irresistible Marsanne 75cl,🍷 Wine & Beer,8,,,,,
6538,Co-op Irresistible Chablis 75cl,🍷 Wine & Beer,15,,,,,
6539,Co-op Fairtrade Pinot Grigio 75cl,🍷 Wine & Beer,7.5,,,,,
6540,Stellenbosch Drive Chardonnay 750ml,🍷 Wine & Beer,7.75,,,,,
6541,Kleine Kapelle Pinot Grigio 0.75L,🍷 Wine & Beer,5.5,,,,,
6542,Daz Universal Whites & Colours 2.2kg,🧹 Household,7.35,,,,,
6543,Bold Spring Awakening Powder Laundry Detergent 44 Washes 2.2kg,🧹 Household,7,,,,,
6544,"Lenor Fabric Conditioner 85 Washes, Spring Awakening",🧹 Household,6.3,,,,,
6545,Capri Sun Orange 20 x 200ml (4l),🥤 Drinks,7.75,,,,,
6546,Walkers Meaty Pack 20 x 25g,🥨 Snacks & Treats,4.99,,,,,
6547,Regina 32 Gentle Soft Roll,🧹 Household,9.99,,,,,
6548,"Ariel Fast Dissolving Washing Powder 2.2kg, 44 Washes, Original",🧹 Household,10.5,,,,,
6549,"Fairy Non Bio Washing Powder 2.2KG, 44 Washes",🧹 Household,10.5,,,,,
6550,"Fairy Original Power Dishwasher Tablets, Lemon, 56 Capsules, 1st Time Clean, No Rewash",🧹 Household,10,,,,,
6551,"Fairy Fabric Softener, Voted No1 For Sensitive Skin, 85 Washes, 2.635l",🧹 Household,6.3,,,,,
6552,"Fairy Platinum Dishwasher Tablets, Lemon, 66 Capsules, Tackles Tough Challenges, Greasy Filter",🧹 Household,15.8,,,,,
6553,Peroni Nastro Azzurro 18 x 330ml,🍷 Wine & Beer,28,,,,,
6554,Irn-Bru 12 x 330ml,🍷 Wine & Beer,6,,,,,
6555,Irn-Bru Diet 12 x 330ml,🍷 Wine & Beer,6,,,,,
6556,Irn-Bru Zero 12 x 330ml,🍷 Wine & Beer,6,,,,,
6557,Walkers Classic Pack 20 x 25g,🥨 Snacks & Treats,4.99,,,,,
6558,Diet Coke Cola 18 x 330ml Cans,🥤 Drinks,7.35,,,,,
6559,Walkers Favourites Mix 18 Pack,🥨 Snacks & Treats,4.2,,,,,
6560,Staropramen 10 x 440ml,🍷 Wine & Beer,16,,,,,
6561,Coors 18 x 330ml,🍷 Wine & Beer,20,,,,,
6562,Pepsi Max 18 x 330ml,🥤 Drinks,8.4,,,,,
6563,Coca-Cola Zero Sugar 18 x 330ml,🥤 Drinks,7.35,,,,,
6564,Yorkshire Tea 240 Tea Bags 750g,🍝 Pantry,6.83,,,,,
6565,Co-op Thick Bleach Original 2 Litre,🧹 Household,1.99,,,,,
6566,Magners The Original Irish Cider 10 x 440ml,🍷 Wine & Beer,14,,,,,
6567,Carlsberg Danish Pilsner 18 x 440ml,🍷 Wine & Beer,18,,,,,
6568,Birra Moretti Premium Lager Beer Bottles 12 x 330ml,🍷 Wine & Beer,13,,,,,
6569,FELIX As Good As it Looks Ocean Feasts Wet Cat Food 40x85g,🐾 Pet Care,12.6,,,,,
6570,Coca-Cola Original Taste 24 x 330ml Cans,🥤 Drinks,11.55,,,,,
6571,FELIX As Good As it Looks Favourites Selection Wet Cat Food 40x85g,🐾 Pet Care,13.75,,,,,
6572,Heineken Pure Malt Lager Cans 10 x 440ml,🍷 Wine & Beer,15,,,,,
6573,Diet Coke Cola 24 x 330ml Cans,🥤 Drinks,13.15,,,,,
6574,Coca-Cola Zero Sugar 24 x 330ml Cans,🥤 Drinks,13.15,,,,,
6575,WHISKAS 1+ FISH Favourites Wet Cat Food Pouches in Jelly 40 x 85g,🐾 Pet Care,12.9,,,,,
6576,Persil Non Bio Non Bio Washing Powder 42 washes (2.1 kg),🧹 Household,7.6,,,,,
6577,Comfort Fresh Fabric Conditioner Blue Skies 80 washes (2.4 L),🧹 Household,6.3,,,,,
6578,Comfort Pure Fabric Conditioner 80 washes (2.4 L),🧹 Household,6.3,,,,,
6579,WHISKAS 1+ POULTRY Feasts Wet Cat Food Pouches in Jelly 40 x 85g,🐾 Pet Care,12.9,,,,,
6580,CK Chicken Liver Paté,🧊 Frozen,7.9,,,,,
6581,CK Wild Mushroom & Truffle Paté,🧊 Frozen,7.9,,,,,
6582,CK Coconut & Lime Leaf Rice (1),🧊 Frozen,2.1,,,,,
6583,CK Kids Fish Pie (1),🧊 Frozen,3.93,,,,,
6584,CK Kids Macaroni Cheese (1),🧊 Frozen,3.93,,,,,
6585,CK Peas & Leeks with Lemon (1),🧊 Frozen,2.46,,,,,
6586,CK Kids Meatballs & Spaghetti (1),🧊 Frozen,3.93,,,,,
6587,CK Soy Salmon w Edamame & Grains,🧊 Frozen,5.25,,,,,
6588,CK Kids Pasta Bolognese (1),🧊 Frozen,3.93,,,,,
6589,CK Mac Cheese w Ham & Cauli (Pot),🧊 Frozen,5.25,,,,,
6590,CK Keralan Chicken Curry (Pot),🧊 Frozen,5.25,,,,,
6591,CK Singapore Noodles (Pot),🧊 Frozen,5.25,,,,,
6592,CK Trio of Greens (1),🧊 Frozen,2.46,,,,,
6593,CK Plain Basmati Rice (1),🧊 Frozen,1.83,,,,,
6594,CK Kids Broccoli Pesto Pasta (1),🧊 Frozen,3.93,,,,,
6595,CK Lasagne Al Forno (1),🧊 Frozen,6.82,,,,,
6596,CK Kids Chicken & Egg Fried Rice (1),🧊 Frozen,3.93,,,,,
6597,CK Kids Sausage & Mash (1),🧊 Frozen,3.93,,,,,
6598,CK Kids Honey-Roasted Duck Noodles (1),🧊 Frozen,3.93,,,,,
6599,CK Kimchi Rice (Pot),🧊 Frozen,5.25,,,,,
6600,CK Chicken w Mushroom & Bacon (1),🧊 Frozen,6.82,,,,,
6601,CK Mango & Passion Fruit Cheesecakes (2),🧊 Frozen,4.46,,,,,
6602,CK Roasted Veg & Chickpea Curry (1),🧊 Frozen,6.56,,,,,
6603,CK Mango & Coconut Prawn Noodles,🧊 Frozen,5.25,,,,,
6604,CK Lemon & Herb Chicken (Pot),🧊 Frozen,5.25,,,,,
6605,CK Green Thai Chicken Noodles (Pot),🧊 Frozen,5.25,,,,,
6606,CK Teriyaki Chicken Noodles (Pot),🧊 Frozen,5.25,,,,,
6607,CK Halloumi & Vegetable Pasta,🧊 Frozen,5.25,,,,,
6608,CK Sticky Soy & Ginger Beef (Pot),🧊 Frozen,5.25,,,,,
6609,CK Slow-cooked Beef Ragu Pasta,🧊 Frozen,5.25,,,,,
6610,CK Chicken Pad Thai (Pot),🧊 Frozen,5.25,,,,,
6611,CK Egg Fried Rice (1),🧊 Frozen,2.1,,,,,
6612,CK Butter Chicken Curry (1),🧊 Frozen,6.82,,,,,
6613,CK Cashew Chicken (1),🧊 Frozen,6.82,,,,,
6614,CK Chicken & Tomato Pasta Bake,🧊 Frozen,6.82,,,,,
6615,CK Kids Beef Lasagne (1),🧊 Frozen,3.93,,,,,
6616,CK Chicken Alexander (1),🧊 Frozen,6.82,,,,,
6617,CK Chicken Balti (1),🧊 Frozen,6.82,,,,,
6618,CK Chicken Chow Mein (1),🧊 Frozen,6.82,,,,,
6619,CK Chicken Dijon (1),🧊 Frozen,6.82,,,,,
6620,CK Chicken Ham & Leek Pie (1),🧊 Frozen,6.82,,,,,
6621,CK Chicken in Black Bean Sauce,🧊 Frozen,6.82,,,,,
6622,CK Chicken Jalfrezi (1),🧊 Frozen,6.82,,,,,
6623,CK Chicken Korma (1),🧊 Frozen,6.82,,,,,
6624,CK Chicken & Mushroom Lasagne (1),🧊 Frozen,6.82,,,,,
6625,CK Chicken Panang Curry (1),🧊 Frozen,6.82,,,,,
6626,CK Chicken Pea & Bacon Risotto (1),🧊 Frozen,6.82,,,,,
6627,CK Chicken & Portobello Pie (1),🧊 Frozen,6.3,,,,,
6628,CK Chicken Provenale (1),🧊 Frozen,6.82,,,,,
6629,CK Kids Chicken Tikka & Rice (1),🧊 Frozen,3.93,,,,,
6630,CK Chicken Tikka Masala (1),🧊 Frozen,6.82,,,,,
6631,CK Chilli con Carne (1),🧊 Frozen,6.82,,,,,
6632,CK Lamb Hotpot (1),🧊 Frozen,7.35,,,,,
6633,CK Sausage Casserole (1),🧊 Frozen,6.82,,,,,
6634,CK Classic Steak & Ale Pie (1),🧊 Frozen,6.3,,,,,
6635,CK Cod Mornay (1),🧊 Frozen,7.35,,,,,
6636,CK Kids Cottage Pie (1),🧊 Frozen,3.93,,,,,
6637,CK Kids Chicken Dinosaur Pie (1),🧊 Frozen,3.93,,,,,
6638,CK Confit Duck with Lentils (1),🧊 Frozen,7.87,,,,,
6639,CK Coq au Vin (1),🧊 Frozen,6.82,,,,,
6640,CK Cottage Pie (1),🧊 Frozen,6.82,,,,,
6641,CK Drunken Noodles King Prawns (1),🧊 Frozen,7.35,,,,,
6642,CK Classic Fish Pie (1),🧊 Frozen,7.35,,,,,
6643,CK Peas Pilau (1),🧊 Frozen,2.1,,,,,
6644,CK Garlic Chicken Curry (1),🧊 Frozen,6.82,,,,,
6645,CK Green Thai Chicken Curry (1),🧊 Frozen,6.82,,,,,
6646,CK Jerk Chicken w Pineapple (Pot),🧊 Frozen,5.25,,,,,
6647,CK Green Thai Vegetable Curry,🧊 Frozen,6.56,,,,,
6648,CK Halloumi & Arrabiata Pasta,🧊 Frozen,6.56,,,,,
6649,CK Ham Hock & Leek Pie (1),🧊 Frozen,6.3,,,,,
6650,CK Hearty Chicken Casserole (1),🧊 Frozen,6.82,,,,,
6651,CK Hoisin Duck Noodles (1),🧊 Frozen,7.35,,,,,
6652,CK Honey & Ginger Chicken (1),🧊 Frozen,6.82,,,,,
6653,CK Keralan Prawn & Mango Curry,🧊 Frozen,7.35,,,,,
6654,CK King Prawn Linguine (1),🧊 Frozen,7.35,,,,,
6655,CK Lamb Biryani (1),🧊 Frozen,7.35,,,,,
6656,CK Sweet Pot Sri Lankan Curry,🧊 Frozen,5.25,,,,,
6657,CK Lamb Casserole New Potatoes (1),🧊 Frozen,7.35,,,,,
6658,CK Lamb Dupiaza (1),🧊 Frozen,7.35,,,,,
6659,CK Lamb Moussaka (1),🧊 Frozen,6.82,,,,,
6660,CK Moroccan Spiced Lamb Tagine (1),🧊 Frozen,7.35,,,,,
6661,CK Lime & Coconut Chicken (1),🧊 Frozen,6.82,,,,,
6662,CK Mac Cheese with Smoky Bacon (1),🧊 Frozen,6.82,,,,,
6663,CK Macaroni Cheese (1),🧊 Frozen,5.51,,,,,
6664,CK Meatballs in Tomato Sauce (1),🧊 Frozen,6.82,,,,,
6665,CK Mediterranean Lamb Stew (1),🧊 Frozen,7.35,,,,,
6666,CK Mexican Three Bean Chilli (1),🧊 Frozen,6.56,,,,,
6667,CK Moroccan Harissa Chicken (1),🧊 Frozen,6.82,,,,,
6668,CK Naked Chicken Katsu Curry (1),🧊 Frozen,6.82,,,,,
6669,CK Parmesan Chicken (1),🧊 Frozen,7.87,,,,,
6670,CK Pork Dijon (1),🧊 Frozen,6.82,,,,,
6671,CK Portobello Mushroom Risotto (1),🧊 Frozen,6.56,,,,,
6672,CK Prawn Karahi (1),🧊 Frozen,7.35,,,,,
6673,CK Red Lentil & Mixed Bean Casserole (1),🧊 Frozen,6.56,,,,,
6674,CK Red Lentil & Aubergine Moussaka (1),🧊 Frozen,6.56,,,,,
6675,CK Red Thai Chicken Curry (1),🧊 Frozen,6.82,,,,,
6676,CK Red Thai Duck Curry (1),🧊 Frozen,7.87,,,,,
6677,CK Roasted Veg & Kale Pie (1),🧊 Frozen,6.3,,,,,
6678,CK Salmon & Asparagus Gratin (1),🧊 Frozen,7.87,,,,,
6679,CK Shepherds Pie (1),🧊 Frozen,6.82,,,,,
6680,CK Smoked Haddock Bacon Gratin (1),🧊 Frozen,7.35,,,,,
6681,CK Smoked Haddock & Prawn Risotto (1),🧊 Frozen,7.35,,,,,
6682,CK Spaghetti Bolognese (1),🧊 Frozen,6.82,,,,,
6683,CK Spaghetti Carbonara (1),🧊 Frozen,6.82,,,,,
6684,CK Spanish Bean Stew & Peppers (1),🧊 Frozen,6.56,,,,,
6685,CK Spinach & Feta Pie (1),🧊 Frozen,6.3,,,,,
6686,CK Spring Chicken & Asparagus Pie (1),🧊 Frozen,6.3,,,,,
6687,CK Steak & Kidney Pie (1),🧊 Frozen,6.3,,,,,
6688,CK Steak & Red Wine Pie (1),🧊 Frozen,7.35,,,,,
6689,CK Steak & Stilton Pie (1),🧊 Frozen,6.3,,,,,
6690,CK Steak & Stout Stew (1),🧊 Frozen,7.35,,,,,
6691,CK Sweet & Sour Chicken (1),🧊 Frozen,6.82,,,,,
6692,CK Sweet Potato Katsu Curry (1),🧊 Frozen,6.56,,,,,
6693,CK Tarragon & Lemon Chicken (1),🧊 Frozen,6.82,,,,,
6694,CK Teriyaki Salmon Noodles (1),🧊 Frozen,7.35,,,,,
6695,CK Chicken Satay (1),🧊 Frozen,6.82,,,,,
6696,CK Tomato & Mozzarella Risotto (1),🧊 Frozen,6.56,,,,,
6697,CK Vegetable & Chickpea Tagine (1),🧊 Frozen,6.56,,,,,
6698,CK Roasted Vegetable Lasagne (1),🧊 Frozen,6.82,,,,,
6699,CK Veggie Cottage Pie (1),🧊 Frozen,6.56,,,,,
6700,CK Mushroom & Aubergine Lasagne (1),🧊 Frozen,6.82,,,,,
6701,CK Yellow Thai Prawn Curry (1),🧊 Frozen,7.35,,,,,
6702,CK Yellow Vegetable Curry (1),🧊 Frozen,6.56,,,,,
6703,CK Veggie Bolognese (1),🧊 Frozen,6.56,,,,,
6704,CK Creamy Mash (1),🧊 Frozen,3.15,,,,,
6705,CK Dauphinoise Potatoes (1),🧊 Frozen,3.41,,,,,
6706,CK Liver Bacon & Onions (1),🧊 Frozen,5.51,,,,,
6707,CK Basil & Mascarpone Chicken (1),🧊 Frozen,6.82,,,,,
6708,CK Beef Bourguignon (1),🧊 Frozen,7.35,,,,,
6709,CK Slow-Cooked Rump Beef (1),🧊 Frozen,7.35,,,,,
6710,CK Beef Madras (1),🧊 Frozen,7.35,,,,,
6711,CK Beef Massaman Curry (1),🧊 Frozen,7.35,,,,,
6712,CK Pulled Beef Rendang & Rice (1),🧊 Frozen,7.87,,,,,
6713,CK Beef Stroganoff (1),🧊 Frozen,7.35,,,,,
6714,CK Coconut & Lime Leaf Rice (2),🧊 Frozen,3.15,,,,,
6715,CK Plain Naan Bread.,🧊 Frozen,2.89,,,,,
6716,CK Garlic & Coriander Naan Bread,🧊 Frozen,2.9,,,,,
6717,CK Peas & Leeks with Lemon (2),🧊 Frozen,3.67,,,,,
6718,CK Lamb Samosa,🧊 Frozen,3.95,,,,,
6719,CK Duck and Plum Filo Parcels,🧊 Frozen,7.9,,,,,
6720,CK Individual Lemon Tarts (2),🧊 Frozen,4.45,,,,,
6721,CK Hot Chocolate Pudding (2),🧊 Frozen,4.46,,,,,
6722,CK Trio of Greens (2),🧊 Frozen,3.67,,,,,
6723,CK Bramley Apple Crumble (2),🧊 Frozen,4.5,,,,,
6724,CK Plain Basmati Rice (2),🧊 Frozen,2.88,,,,,
6725,CK Sticky Toffee Pudding (2),🧊 Frozen,4.46,,,,,
6726,CK Halloumi Pepper Spinach Stack,🧊 Frozen,9.97,,,,,
6727,CK Lasagne Al Forno (2),🧊 Frozen,11.55,,,,,
6728,CK Roasted Chicken & Port Jus,🧊 Frozen,15.75,,,,,
6729,CK Sicilian Lemon Cheesecakes,🧊 Frozen,4.46,,,,,
6730,CK Red Thai Chicken Curry (2),🧊 Frozen,11.55,,,,,
6731,CK Cherry Bakewell Pudding (2),🧊 Frozen,4.5,,,,,
6732,CK Red Berry Mousse (2),🧊 Frozen,4.45,,,,,
6733,CK Chocolate & Salt Caramel Mousse (2),🧊 Frozen,4.46,,,,,
6734,CK Salted Caramel & Honeycomb Cheesecake (2),🧊 Frozen,4.46,,,,,
6735,CK Lemon Possets (2),🧊 Frozen,4.45,,,,,
6736,CK Aloo Gobi (2),🧊 Frozen,3.68,,,,,
6737,CK Gunpowder Potatoes (2),🧊 Frozen,3.68,,,,,
6738,CK Dahl Makhani (2),🧊 Frozen,3.68,,,,,
6739,CK Saag Paneer (2),🧊 Frozen,3.68,,,,,
6740,CK Roasted Veg & Chickpea Curry (2),🧊 Frozen,10.76,,,,,
6741,CK Eton Mess Parfait Ind (2),🧊 Frozen,5.25,,,,,
6742,CK Beef & Red Wine Bolognese (Pot),🧊 Frozen,5.25,,,,,
6743,CK Vegetable Spring Roll (2),🧊 Frozen,3.67,,,,,
6744,CK Egg Fried Rice (2),🧊 Frozen,3.15,,,,,
6745,CK Garlic Ciabatta (2),🧊 Frozen,3.67,,,,,
6746,CK Roast Potatoes (2),🧊 Frozen,3.67,,,,,
6747,CK Butter Chicken Curry (2),🧊 Frozen,11.55,,,,,
6748,CK Cashew Chicken (2),🧊 Frozen,11.55,,,,,
6749,CK Chicken Alexander (2),🧊 Frozen,11.55,,,,,
6750,CK Chicken Dijon (2),🧊 Frozen,11.55,,,,,
6751,CK Chicken Ham & Leek Pie (2),🧊 Frozen,11.55,,,,,
6752,CK Chicken Jalfrezi (2),🧊 Frozen,11.55,,,,,
6753,CK Chicken Korma (2),🧊 Frozen,11.55,,,,,
6754,CK Chicken & Mushroom Lasagne (2),🧊 Frozen,11.55,,,,,
6755,CK Chicken Panang Curry (2),🧊 Frozen,11.55,,,,,
6756,CK Squash & Beetroot Wellington,🧊 Frozen,15.75,,,,,
6757,CK Chicken Pea & Bacon Risotto (2),🧊 Frozen,11.55,,,,,
6758,CK Braised Red Cabbage (2),🧊 Frozen,3.93,,,,,
6759,CK Chicken Provenale (2),🧊 Frozen,11.55,,,,,
6760,CK Chicken Tikka Masala (2),🧊 Frozen,11.55,,,,,
6761,CK Chicken w Mushroom & Bacon (2),🧊 Frozen,11.55,,,,,
6762,CK Chilli con Carne (2),🧊 Frozen,11.55,,,,,
6763,CK Cod Mornay (2),🧊 Frozen,12.6,,,,,
6764,CK Confit Duck with Lentils (2),🧊 Frozen,14.17,,,,,
6765,CK Roasted Confit of Duck (2),🧊 Frozen,14.17,,,,,
6766,CK Coq au Vin (2),🧊 Frozen,11.55,,,,,
6767,CK Cottage Pie (2),🧊 Frozen,11.55,,,,,
6768,CK Classic Fish Pie (2),🧊 Frozen,12.6,,,,,
6769,CK Peas Pilau (2),🧊 Frozen,3.15,,,,,
6770,CK Portobello Mushroom Wellington,🧊 Frozen,15.8,,,,,
6771,CK Green Thai Chicken Curry (2),🧊 Frozen,11.55,,,,,
6772,CK Honey & Ginger Chicken (2),🧊 Frozen,11.55,,,,,
6773,CK King Prawn Linguine (2),🧊 Frozen,12.6,,,,,
6774,CK Korean Style Beef w Rice (2),🧊 Frozen,12.6,,,,,
6775,CK Lamb Casserole New Potatoes (2),🧊 Frozen,12.6,,,,,
6776,CK Lamb Moussaka (2),🧊 Frozen,11.55,,,,,
6777,CK Slow-Cooked Lamb Shanks (2),🧊 Frozen,21,,,,,
6778,CK Moroccan Spiced Lamb Tagine (2),🧊 Frozen,12.6,,,,,
6779,CK Macaroni Cheese (2),🧊 Frozen,9.45,,,,,
6780,CK Roasted Vegetable Tarte Tatin,🧊 Frozen,7.35,,,,,
6781,CK Meatballs in Tomato Sauce (2),🧊 Frozen,11.55,,,,,
6782,CK Mediterranean Lamb Stew (2),🧊 Frozen,12.6,,,,,
6783,CK Moroccan Harissa Chicken (2),🧊 Frozen,11.55,,,,,
6784,CK Naked Chicken Katsu Curry (2),🧊 Frozen,11.55,,,,,
6785,CK Nut Loaf (2),🧊 Frozen,9.45,,,,,
6786,CK Parmesan Chicken (2),🧊 Frozen,14.17,,,,,
6787,CK Parmigiana di Melanzane (2),🧊 Frozen,10.76,,,,,
6788,CK Pork Dijon (2),🧊 Frozen,11.55,,,,,
6789,CK Portobello Mushroom Risotto (2),🧊 Frozen,10.76,,,,,
6790,CK Prawn Karahi (2),🧊 Frozen,12.6,,,,,
6791,CK Rainbow Trout w Lemon Crumble,🧊 Frozen,21,,,,,
6792,CK Red Lentil & Aubergine Moussaka (2),🧊 Frozen,10.76,,,,,
6793,CK Salmon & Asparagus Gratin (2),🧊 Frozen,14.17,,,,,
6794,CK Shepherds Pie (2),🧊 Frozen,11.55,,,,,
6795,CK Mac Cheese with Smoky Bacon (2),🧊 Frozen,11.55,,,,,
6796,CK Smoked Haddock & Prawn Risotto (2),🧊 Frozen,12.6,,,,,
6797,CK Spanish Bean Stew & Peppers (2),🧊 Frozen,10.76,,,,,
6798,CK Steak & Red Wine Pie (2),🧊 Frozen,12.6,,,,,
6799,CK Sweet & Sour Chicken (2),🧊 Frozen,11.55,,,,,
6800,CK Tarragon & Lemon Chicken (2),🧊 Frozen,11.55,,,,,
6801,CK Chicken Satay (2),🧊 Frozen,11.55,,,,,
6802,CK Tomato & Mozzarella Risotto (2),🧊 Frozen,10.76,,,,,
6803,CK Vegetable & Chickpea Tagine (2),🧊 Frozen,10.76,,,,,
6804,CK Roasted Vegetable Lasagne (2),🧊 Frozen,11.55,,,,,
6805,CK Veggie Cottage Pie (2),🧊 Frozen,10.76,,,,,
6806,CK Mushroom & Aubergine Lasagne (2),🧊 Frozen,11.55,,,,,
6807,CK Yellow Vegetable Curry (2),🧊 Frozen,10.76,,,,,
6808,CK Duck Spring Roll (2),🧊 Frozen,4.98,,,,,
6809,CK Salmon & Horseradish Stacks,🧊 Frozen,7.87,,,,,
6810,CK Smoked Haddock Bacon Gratin (2),🧊 Frozen,12.6,,,,,
6811,CK Roasted Mediterranean Vegetables (Pot),🧊 Frozen,5.25,,,,,
6812,CK Salmon Wellington (2),🧊 Frozen,21,,,,,
6813,CK Butternut Squash & Feta Tart,🧊 Frozen,7.87,,,,,
6814,CK Roasted Med Vegetable Tarts,🧊 Frozen,7.87,,,,,
6815,CK Cauliflower Cheese (2),🧊 Frozen,4.2,,,,,
6816,CK Creamy Mash (2),🧊 Frozen,4.2,,,,,
6817,CK Creamed Spinach (2),🧊 Frozen,3.93,,,,,
6818,CK Dauphinoise Potatoes (2),🧊 Frozen,4.72,,,,,
6819,CK Minted Couscous (2),🧊 Frozen,4.2,,,,,
6820,CK Crispy Roast Half Duck (2),🧊 Frozen,14.17,,,,,
6821,CK Basil & Mascarpone Chicken (2),🧊 Frozen,11.55,,,,,
6822,CK Beef Bourguignon (2),🧊 Frozen,12.6,,,,,
6823,CK Pulled Beef Rendang & Rice (2),🧊 Frozen,13.65,,,,,
6824,CK Beef Stroganoff (2),🧊 Frozen,12.6,,,,,
6825,CK Beef Wellington (2),🧊 Frozen,33.6,,,,,
6826,CK Moroccan Lamb Filo Pie (6),🧊 Frozen,31.5,,,,,
6827,CK Feta Tomato & Pesto Lattice,🧊 Frozen,23.1,,,,,
6828,CK Roast Salmon Paté,🧊 Frozen,7.9,,,,,
6829,CK Belgian Choc Brownie,🧊 Frozen,17.35,,,,,
6830,CK Garlic Butter Prawns & Lemon,🧊 Frozen,15.75,,,,,
6831,CK Onion Bhaji,🧊 Frozen,3.7,,,,,
6832,CK Farmhouse Flapjack,🧊 Frozen,7.1,,,,,
6833,CK Lemon Drizzle Slice,🧊 Frozen,7.1,,,,,
6834,CK Lemon Meringue Pavlova (10),🧊 Frozen,17.58,,,,,
6835,CK Raspberry Pavlova (8-10),🧊 Frozen,17.58,,,,,
6836,CK Choc & Salted Caramel Pavlova,🧊 Frozen,17.6,,,,,
6837,CK Bramley Apple Crumble (6),🧊 Frozen,9.4,,,,,
6838,CK Sticky Toffee Pudding (6),🧊 Frozen,9.39,,,,,
6839,CK Chocolate Mousse Torte (10),🧊 Frozen,18.9,,,,,
6840,CK Fruit Vacherin (10-12),🧊 Frozen,21,,,,,
6841,CK Glazed Apple Tart (10),🧊 Frozen,18.9,,,,,
6842,CK Mini Thai Salmon Fishcakes,🧊 Frozen,8.92,,,,,
6843,CK Goats Cheese & Pesto Whirls,🧊 Frozen,8.92,,,,,
6844,CK Chocolate & Raspberry Roulade,🧊 Frozen,17.6,,,,,
6845,CK Kiln-Roasted Salmon Quiche,🧊 Frozen,25.2,,,,,
6846,CK Sensational Sausage Rolls,🧊 Frozen,8.34,,,,,
6847,CK Pistachio & Passionfruit Parfait,🧊 Frozen,17.58,,,,,
6848,CK Sicilian Lemon Cheesecake (10),🧊 Frozen,19.95,,,,,
6849,CK Salted Caramel & Honeycomb Cheesecake (10),🧊 Frozen,19.95,,,,,
6850,CK French Onion Tart (4),🧊 Frozen,16.8,,,,,
6851,CK Quiche Lorraine (8),🧊 Frozen,23.1,,,,,
6852,CK Roasted Pepper & Goats Cheese Quiche (8),🧊 Frozen,23.1,,,,,
6853,CK Honey Roast Ham (10),🧊 Frozen,36.75,,,,,
6854,CK Eton Mess Parfait Large (10),🧊 Frozen,21,,,,,
6855,CK Chocolate Roulade (8-10),🧊 Frozen,17.6,,,,,
6856,CK Sensational Veggie Rolls,🧊 Frozen,8.35,,,,,
6857,CK Mixed Berry & Vanilla Cheesecake,🧊 Frozen,10.44,,,,,
6858,CK Billionaires Shortbread (6),🧊 Frozen,7.61,,,,,
6859,CK Chicken Alexander (4),🧊 Frozen,20.94,,,,,
6860,CK Chicken Ham & Leek Pie (6),🧊 Frozen,33.6,,,,,
6861,CK Bramley Apple Tarte Tatin,🧊 Frozen,10.44,,,,,
6862,CK Duck & Hoisin Puffs (12 Canapés),🧊 Frozen,8.92,,,,,
6863,CK Mini Tomato & Pine Nut Tatin,🧊 Frozen,8.92,,,,,
6864,CK Belgian Choc Brownie (6),🧊 Frozen,7.61,,,,,
6865,CK Classic Fish Pie (4),🧊 Frozen,24.93,,,,,
6866,CK The Grand Fish Pie (8),🧊 Frozen,48.3,,,,,
6867,CK GF Chocolate Brownie (6),🧊 Frozen,7.61,,,,,
6868,CK Moroccan Spiced Lamb Tagine (4),🧊 Frozen,24.93,,,,,
6869,CK The Grand Moroccan Lamb Tagine,🧊 Frozen,48.3,,,,,
6870,CK Salmon & Asparagus Gratin (4),🧊 Frozen,28.08,,,,,
6871,CK Steak & Red Wine Pie (4),🧊 Frozen,24.93,,,,,
6872,CK Smoked Salmon Terrine,🧊 Frozen,15.48,,,,,
6873,CK Salmon Wellington (6),🧊 Frozen,47.25,,,,,
6874,CK Chocolate Celebration Cake,🧊 Frozen,26.25,,,,,
6875,CK Carrot Celebration Cake,🧊 Frozen,23.1,,,,,
6876,CK Chicken w Ginger & Lemongrass,🧊 Frozen,8.92,,,,,
6877,CK Side of Salmon w Lemon & Dill,🧊 Frozen,31.5,,,,,
6878,CK Beef Bourguignon Pie (6),🧊 Frozen,36.75,,,,,
6879,CK Classic Chocolate Cake (14),🧊 Frozen,18.37,,,,,
6880,CK Lemon Tart (6),🧊 Frozen,10.44,,,,,
6881,CK Chicken Ham & Leek Pie (4),🧊 Frozen,20.94,,,,,
6882,CK Dauphinoise Potatoes (6),🧊 Frozen,10.5,,,,,
6883,CK Chicken & Mushroom Lasagne (4),🧊 Frozen,20.94,,,,,
6884,CK Apricot & Orange Almond Torte,🧊 Frozen,10.44,,,,,
6885,CK Chilli con Carne (4),🧊 Frozen,20.94,,,,,
6886,CK Chocolate & Almond Torte,🧊 Frozen,10.44,,,,,
6887,CK Coq au Vin (4),🧊 Frozen,20.94,,,,,
6888,CK Cottage Pie (4),🧊 Frozen,20.94,,,,,
6889,CK Green Thai Chicken Curry (4),🧊 Frozen,20.94,,,,,
6890,CK Meatballs in Tomato Sauce (4),🧊 Frozen,20.94,,,,,
6891,CK Lamb Moussaka (4),🧊 Frozen,20.94,,,,,
6892,CK Roasted Vegetable Lasagne (4),🧊 Frozen,20.94,,,,,
6893,CK Grand Cottage Pie (8),🧊 Frozen,40.95,,,,,
6894,CK The Grand Vegetable Lasagne,🧊 Frozen,40.95,,,,,
6895,CK Mango & Passion Fruit Cheesecakes (6),🧊 Frozen,10.44,,,,,
6896,CK Pear & Ginger Tart (6-8),🧊 Frozen,10.44,,,,,
6897,CK Tiramisu,🧊 Frozen,10.44,,,,,
6898,CK Chicken Satay (4),🧊 Frozen,20.94,,,,,
6899,CK Shepherd's Pie (4),🧊 Frozen,20.94,,,,,
6900,CK Chicken Dijon (4),🧊 Frozen,20.94,,,,,
6901,CK Lasagne al Forno (4),🧊 Frozen,20.94,,,,,
6902,CK The Grand Lasagne al Forno,🧊 Frozen,40.95,,,,,
6903,CK Beef Bourguignon (4),🧊 Frozen,24.93,,,,,
6904,CK The Grand Beef Bourguignon,🧊 Frozen,48.3,,,,,
6905,CK Beef Stroganoff (4),🧊 Frozen,24.93,,,,,
6906,Co-op Florist Fairtrade Rose and Stocks,💐 Fresh Flowers,7.5,,,,,
6907,Co-op Florist Foliage,💐 Fresh Flowers,8.5,,,,,
6908,Co-op Rose Florist,💐 Fresh Flowers,5.5,,,,,
6909,Co-op Speciality Alstroemeria,💐 Fresh Flowers,3.5,,,,,
6910,Co-op Florist Bright & Blissful Bouquet,💐 Fresh Flowers,8,,,,,
6911,Co-op Gift Bouquet,💐 Fresh Flowers,6,,,,,
6912,Co-op Spray Carnations,💐 Fresh Flowers,3.5,,,,,
6913,Fairtrade Elegance Bouquet,💐 Fresh Flowers,10,,,,,
6914,Co-op Serenity Bouquet,💐 Fresh Flowers,12,,,,,
6915,Premium Rose & Lily Bouquet,💐 Fresh Flowers,12,,,,,
6916,Co-op Rose and Lily Bouquet,💐 Fresh Flowers,6.5,,,,,
6917,Co-op Irresistible British Garden Bouquet,💐 Fresh Flowers,20,,,,,
6918,Co-op Premium Flowering Ceremic EACH,💐 Fresh Flowers,5,,,,,
6919,Co-op Premium Roses,💐 Fresh Flowers,10,,,,,
6920,Co-op Fairtrade Roses,💐 Fresh Flowers,5.5,,,,,
6921,The Victoria,💐 Fresh Flowers,15,,,,,
6922,Co-op Peonies Bouquet,💐 Fresh Flowers,6,,,,,
6923,Co-op British Stocks Bouquet,💐 Fresh Flowers,5,,,,,
6924,Co-op Treats for Adult Dogs Deli Beef Patties with 80% Beef 70g,🐾 Pet Care,2,,,,,
6925,Co-op Meaty Selection in Gravy for Adult Dogs +1 Year 12 x 100g (1.2kg),🐾 Pet Care,3.65,,,,,
6926,BONIO Original Dog Biscuits 650g,🐾 Pet Care,2.69,,,,,
6927,Harringtons The Natural Choice Adult Chicken 400g,🐾 Pet Care,1.45,,,,,
6928,Harringtons The Natural Choice Adult Salmon 400g,🐾 Pet Care,1.45,,,,,
6929,"BAKERS Rewards Chicken, Beef and Lamb Dog Treats 100g",🐾 Pet Care,1.49,,,,,
6930,Butcher's Simply Gentle Nourishing Food for Dogs 6 x 390g,🐾 Pet Care,7.2,,,,,
6931,BAKERS Superfoods Puppy Chicken with Vegetables Dry Dog Food 1.1kg,🐾 Pet Care,3.15,,,,,
6932,Webbox Supreme Chub Roll Chicken & Turkey Flavour 1-7 Years 720g,🐾 Pet Care,1.2,,,,,
6933,Webbox Lickies Tasty Licks with Chicken (5 x 15g) 75g,🐾 Pet Care,1.05,,,,,
6934,PEDIGREE Junior Puppy Wet Dog Food Mixed Selection In Jelly 12 x 100g Pouch,🐾 Pet Care,4.2,,,,,
6935,Good Boy Pawsley & Co. Large Chewy Braid 90g,🐾 Pet Care,3.39,,,,,
6936,Good Boy Pawsley & Co. Mega Chewy Twist with Chicken 70g,🐾 Pet Care,2.99,,,,,
6937,Good Boy Pawsley & Co Succulent Pigs in Blankets 80g,🐾 Pet Care,2.99,,,,,
6938,Good Boy Pawsley & Co. Cheesy Chicken Sticks 80g,🐾 Pet Care,3.1,,,,,
6939,Forthglade Natural Soft Bite Treats with Lamb 90g,🐾 Pet Care,1.75,,,,,
6940,Forthglade Rewards Natural Soft Bite Treats 90g,🐾 Pet Care,1.59,,,,,
6941,PEDIGREE® DENTASTIX™ Daily Dental Chews Medium Dog Treat 28 Sticks,🐾 Pet Care,5.25,,,,,
6942,PEDIGREE® TASTY MINIS Adult Dog Treats Chicken & Duck Chewy Cubes 130g,🐾 Pet Care,1.59,,,,,
6943,PEDIGREE® TASTY MINIS Adult Dog Treats Cheese & Beef Nibbles 140g,🐾 Pet Care,1.59,,,,,
6944,PEDIGREE® DENTASTIX™ Light Daily Dental Chews Small Dog Treats 7 Sticks,🐾 Pet Care,1.85,,,,,
6945,PEDIGREE® DENTASTIX™ Light Daily Dental Chews Medium Dog Treats 5 Sticks,🐾 Pet Care,1.85,,,,,
6946,PEDIGREE® DENTASTIX™ Light Daily Dental Chews Large Dog Treats 4 Sticks,🐾 Pet Care,1.85,,,,,
6947,Co-op Complete & Balanced Nutrition Meaty Selection in Jelly for Adult Dogs +1 Year 12 x 100g (1.2kg),🐾 Pet Care,3.65,,,,,
6948,"Co-op 15 Meaty Rolls with Chicken, Beef & Liver Treats for Adults Dogs 135g",🐾 Pet Care,0.69,,,,,
6949,Co-op 20 Meaty Strips Rich in Chicken Treats for Adult Dogs 172g,🐾 Pet Care,1,,,,,
6950,Co-op 20 Meaty Strips Rich in Beef Treats for Adult Dogs 172g,🐾 Pet Care,1,,,,,
6951,"CESAR® Fresh Bowl Adult Dog with Chicken,Carrots,Beans,Pumpkin in Gravy 85g",🐾 Pet Care,1.5,,,,,
6952,PEDIGREE® Adult Wet Dog Food Mixed Selection Chunks in Jelly 6 x 385g Can,🐾 Pet Care,7.4,,,,,
6953,Harringtons Adult Rich in Turkey with Veg 1.7kg,🐾 Pet Care,6.85,,,,,
6954,PEDIGREE® Adult Wet Dog Food Mixed Selection in Gravy 12 x 100g Pouch,🐾 Pet Care,4.2,,,,,
6955,Cesar Classic Terrine Wet Dog Food tray Beef & Poultry in Loaf 8 x 150g,🐾 Pet Care,5.25,,,,,
6956,Butcher's Tripe Loaf Recipes Nourishing Food for Dogs 6 x 400g,🐾 Pet Care,7.2,,,,,
6957,PEDIGREE SCHMACKOS Multi Mix Dog Treats Beef Poultry Lamb 20 Strips,🐾 Pet Care,1.6,,,,,
6958,PEDIGREE JUMBONE Medium Dog Treats Beef and Poultry 2 Chews,🐾 Pet Care,1.6,,,,,
6959,Butcher's Joints & Coat Nourishing Food for Dogs 6 x 390g,🐾 Pet Care,7.2,,,,,
6960,PEDIGREE RODEO Chicken Dog Treats 7 Sticks,🐾 Pet Care,1.6,,,,,
6961,PEDIGREE RODEO Beef Dog Treats 7 Sticks,🐾 Pet Care,1.6,,,,,
6962,Butcher's Succulent Recipes Nourishing Food for Dogs 4 x 150g,🐾 Pet Care,2.69,,,,,
6963,Butcher's Grain Free Traditional Recipes Nourishing Food for Dogs 12 x 150g,🐾 Pet Care,6.3,,,,,
6964,Good Boy Pawsley & Co. Chewy Twists with Chicken 90g,🐾 Pet Care,3.39,,,,,
6965,Good Boy Pawsley & Co. Chewy Chicken Strips 100g,🐾 Pet Care,3.39,,,,,
6966,PEDIGREE JUMBONE Mini Small Dog Treats Beef and Poultry 4 Chews,🐾 Pet Care,1.6,,,,,
6967,BAKERS Meaty Meals Small Dog Beef Dry Dog Food 1kg,🐾 Pet Care,3.15,,,,,
6968,BAKERS Meaty Meals Beef Dry Dog Food 1kg,🐾 Pet Care,3.15,,,,,
6969,"BAKERS Allsorts Chicken, Beef and Lamb Dog Treats 98g",🐾 Pet Care,1.49,,,,,
6970,WINALOT Meaty Chunks Mixed in Gravy Wet Dog Food 12x100g,🐾 Pet Care,4.2,,,,,
6971,BAKERS Superfoods Small Dog Beef Dry Dog Food 1.1kg,🐾 Pet Care,3.15,,,,,
6972,BAKERS Superfoods Beef with Vegetables Dry Dog Food 1.2kg,🐾 Pet Care,3.15,,,,,
6973,BAKERS Sizzlers Bacon Dog Treats 90g,🐾 Pet Care,1.49,,,,,
6974,BAKERS Whirlers Bacon and Cheese Dog Treats 130g,🐾 Pet Care,1.25,,,,,
6975,WINALOT Meaty Chunks Mixed in Jelly Wet Dog Food 12x100g,🐾 Pet Care,4.2,,,,,
6976,Cesar Classic Terrine Wet Dog Food tray Lamb & Chicken in Loaf 150g,🐾 Pet Care,1.26,,,,,
6977,Cesar Classic Terrine Wet Dog Food tray Chicken & Turkey in Loaf 150g,🐾 Pet Care,1.26,,,,,
6978,"Cesar Country Stew Wet Dog Food tray Poultry,Beef & Lamb in Gravy 8 x 150g",🐾 Pet Care,5.75,,,,,
6979,Co-op 8 Deli Sausages Rich in Beef & Game Treats for Adult Dogs 60g,🐾 Pet Care,1.39,,,,,
6980,Co-op Complete & Balanced Nutrition Gravy Meaty Chunks for Adult Dogs +1 Year 6 x 400g,🐾 Pet Care,4.75,,,,,
6981,Co-op Complete & Balanced Nutrition Jelly Meaty Chunks for Adults Dogs +1 Year 6 x 400g (2.4kg),🐾 Pet Care,4.75,,,,,
6982,PEDIGREE® Adult Wet Dog Food Mixed Selection in Jelly 12 x 100g Pouch,🐾 Pet Care,4.2,,,,,
6983,Co-op Complete & Balanced Nutrition for Adult Dogs with Beef in Gravy Meaty Chunks +1 Year 400g,🐾 Pet Care,1.05,,,,,
6984,Co-op For Adult Dogs +1 Year With Turkey in Jelly Meaty Chunks 400g,🐾 Pet Care,1.05,,,,,
6985,Co-op 7 Tasty Sticks Dental Treats for Adult Dogs 180g,🐾 Pet Care,1.1,,,,,
6986,Lily's Kitchen Chomp-Away Chicken Bites 70g,🐾 Pet Care,3.15,,,,,
6987,SHEBA® Fresh & Fine Adult Wet Cat Food Tuna & Salmon in Jelly 6x50g Pouches,🐾 Pet Care,2.85,,,,,
6988,Felix Goody Bag Cat Treats Maxi Pack Original 200g,🐾 Pet Care,3.4,,,,,
6989,Webbox Lick-e-Puds with Strawberry 5 x 15g (75g),🐾 Pet Care,1.05,,,,,
6990,FELIX Original Senior Farm Selection in Jelly Wet Cat Food 12x85g,🐾 Pet Care,5.1,,,,,
6991,FELIX Original Mixed Selection in Gravy Wet Cat Food 12x85g,🐾 Pet Care,5.1,,,,,
6992,GOURMET Revelations Fine Cuts in Jelly Chicken Wet Cat Food 4x57g,🐾 Pet Care,2.1,,,,,
6993,FELIX Joyables Liquid with Chicken Cat Treat 4x10g,🐾 Pet Care,1.49,,,,,
6994,FELIX Joyables Liquid with Duck Cat Treat 4x10g,🐾 Pet Care,1.49,,,,,
6995,Scrumbles Krunchies Chicken 60g,🐾 Pet Care,2.1,,,,,
6996,WHISKAS Senior 7+ Dry CHICKEN Cat Food 1.9kg,🐾 Pet Care,5.5,,,,,
6997,WHISKAS Senior 7+ Dry CHICKEN Cat Food 800g,🐾 Pet Care,3.15,,,,,
6998,WHISKAS 1+ Dry TUNA Cat Food 800g,🐾 Pet Care,3.15,,,,,
6999,Co-op Crunchy Pockets with Chicken & Cheese Treats for Adults Cats 60g,🐾 Pet Care,1.1,,,,,
7000,SHEBA® Fresh & Fine Adult Wet Cat Food Beef & Chicken Gravy 6 x 50g Pouches,🐾 Pet Care,2.85,,,,,
7001,"GOURMET Perle Mini Fillets in Gravy Chef's Collection (Turkey,Tuna,Duck,Lamb) Wet Cat Food 12x85g",🐾 Pet Care,5.25,,,,,
7002,Catsan Hygiene Non-Clumping Odour Control Cat Litter 10L,🐾 Pet Care,8.35,,,,,
7003,WHISKAS 1+ MIXED Menu Wet Cat Food Pouches in Jelly 12 x 85g,🐾 Pet Care,5.25,,,,,
7004,WHISKAS 1+ FISH Favourites Wet Cat Food Pouches in Jelly 12 x 85g,🐾 Pet Care,5.25,,,,,
7005,WHISKAS Senior 7+ FISH Favourites Wet Cat Food Pouches in Jelly 12 x 85g,🐾 Pet Care,5.25,,,,,
7006,WHISKAS Senior 7+ POULTRY Feasts Wet Cat Food Pouches in Jelly 12 x 85g,🐾 Pet Care,5.25,,,,,
7007,WHISKAS Kitten 2-12 mnths POULTRY Feasts Wet Cat Food Pouches in Jelly 12 x 85g,🐾 Pet Care,5.25,,,,,
7008,SHEBA® Fine Flakes Adult Wet Cat Food Fish Selection in Jelly 12 x 85g Pouch,🐾 Pet Care,5.25,,,,,
7009,SHEBA® Fine Flakes Adult Wet Cat Food Poultry Selection in Jelly 12 x 85g Pouch,🐾 Pet Care,5.25,,,,,
7010,Webbox Tasty Sticks with Salmon & Trout 30g (6 x 5g),🐾 Pet Care,1.6,,,,,
7011,Webbox Lick-e-Lix with Chicken 5 x 15g (75g),🐾 Pet Care,1.05,,,,,
7012,Webbox Lick-e-Lix with Salmon 5 x 15g (75g),🐾 Pet Care,1.3,,,,,
7013,FELIX Doubly Delicious Fish Selection in Jelly Wet Cat Food 12x85g,🐾 Pet Care,4.85,,,,,
7014,FELIX As Good As it Looks Ocean Feasts Wet Cat Food 12x85g,🐾 Pet Care,4.85,,,,,
7015,FELIX As Good As it Looks Meaty Selection in Jelly Wet Cat Food 12x85g,🐾 Pet Care,4.85,,,,,
7016,FELIX As Good As it Looks Favourites with Veg Wet Cat Food 12x85g,🐾 Pet Care,4.85,,,,,
7017,FELIX As Good As it Looks Kitten Mixed in Jelly Wet Cat Food 12x85g,🐾 Pet Care,4.85,,,,,
7018,FELIX As Good As it Looks Senior 7+ Fish in Jelly Wet Cat Food 12x85g,🐾 Pet Care,4.85,,,,,
7019,Whiskas Kitten Cat Milk Bottle 3 x 200ml,🐾 Pet Care,4.2,,,,,
7020,WHISKAS 1+ POULTRY Feasts Wet Cat Food Pouches in Jelly 12 x 85g,🐾 Pet Care,5.25,,,,,
7021,WHISKAS 1+ Dry CHICKEN Cat Food 800g,🐾 Pet Care,3.15,,,,,
7022,DREAMIES Cat Treat Biscuits with Catnip Flavour 60g,🐾 Pet Care,1.7,,,,,
7023,GOURMET Perle Mini Fillets in Gravy Ocean Delicacies Wet Cat Food 12x85g,🐾 Pet Care,5.25,,,,,
7024,Felix Goody Bag Cat Treats Mixed Grill 60g,🐾 Pet Care,1.49,,,,,
7025,FELIX Crispies Chicken and Beef Cat Treats 45g,🐾 Pet Care,1.49,,,,,
7026,"GOURMET Mon Petit Intense Duck, Chicken, Turkey Wet Cat Food 6x50g",🐾 Pet Care,1.89,,,,,
7027,"GOURMET Mon Petit Intense Tuna, Salmon, Trout Wet Cat Food 6x50g",🐾 Pet Care,1.89,,,,,
7028,"GOURMET Mon Petit Intense Beef, Chicken, Lamb Wet Cat Food 6x50g",🐾 Pet Care,1.89,,,,,
7029,GOURMET Perle Mini Fillets in Gravy Connoisseur's Collection Wet Cat Food 12x85g,🐾 Pet Care,5.25,,,,,
7030,GO-CAT Chicken and Turkey Dry Cat Food 750g,🐾 Pet Care,2.65,,,,,
7031,Encore Treat Whole Tuna Loin 30g,🐾 Pet Care,1.69,,,,,
7032,DREAMIES Cat Treat Biscuits with Chicken 60g,🐾 Pet Care,1.7,,,,,
7033,SHEBA® Select Slices Adult Wet Cat Food with Chicken in Gravy 85g Tray,🐾 Pet Care,1.05,,,,,
7034,Dreamies Creamy Snack Cat & Kitten Treat with Chicken 4 x 10g,🐾 Pet Care,1.7,,,,,
7035,WHISKAS 1+ DUO Surf & Turf Wet Cat Food Pouches in Jelly 12 x 85g,🐾 Pet Care,5.25,,,,,
7036,SHEBA® Classics Adult Cat Food with Chicken in Terrine 85g Tray,🐾 Pet Care,1.05,,,,,
7037,DREAMIES Cat Treat Biscuits with Cheese 60g,🐾 Pet Care,1.7,,,,,
7038,Co-op Ocean Selection in Jelly for Adult Cats +1 Year 12 x 100g (1.2kg),🐾 Pet Care,3.65,,,,,
7039,Co-op Complete & Balanced Nutrition with Salmon in Jelly for Adult Cats +1 Year 400g,🐾 Pet Care,1.05,,,,,
7040,Co-op Poultry Selection in Gravy for Adult Cats +1 Year 12 x 100g (1.2kg),🐾 Pet Care,3.65,,,,,
7041,Co-op Complete & Balanced Nutrition Dry Cat Food with Chicken +1 Year 2kg,🐾 Pet Care,3.75,,,,,
7042,Purina ONE Bifensis Sensitive 750g,🐾 Pet Care,7,,,,,
7043,SHEBA® Fresh & Fine Adult Wet Cat Food Chicken &Turkey Gravy 6x50g Pouches,🐾 Pet Care,2.85,,,,,
7044,Co-op Sticks Rich in Chicken & Liver Treats for Adult Cats 6 x 5g (30g),🐾 Pet Care,1.2,,,,,
7045,Co-op In Jelly Tasty Chunks for Adult Cats +1 Year 6 x 400g (2.4kg),🐾 Pet Care,4.65,,,,,
7046,Co-op Treats Tasty Sticks Rich in Salmon & Trout for Adult Cats 6 x 5g (30g),🐾 Pet Care,1.2,,,,,
7047,SHEBA Filets Adult Cat Food Tray with Chicken in Gravy 60g,🐾 Pet Care,1.4,,,,,
7048,Poubelle pou bags 8 roll,🐾 Pet Care,6.99,,,,,
7049,Optimum Nutrition 100% Gold Standard Whey Banana Cream 450g,💪 Sports Nutrition,22,,,,,
7050,Optimum Nutrition Clear Protein Juicy Peach 280g,💪 Sports Nutrition,25,,,,,
7051,Optimum Nutrition 100% Gold Standard Whey Cookies & Cream 480g,💪 Sports Nutrition,22,,,,,
7052,Optimum Nutrition High Protein Shake Chocolate Flavour 330ml,💪 Sports Nutrition,2.75,,,,,
7053,Optimum Nutrition High Protein Shake Strawberry Flavour 330ml,💪 Sports Nutrition,2.75,,,,,
7054,Optimum Nutrition Micronised Creatine Powder Unflavored 317g,💪 Sports Nutrition,22,,,,,
7055,Optimum Nutrition Gold Standard Pre-Workout Watermelon 330g,💪 Sports Nutrition,28,,,,,
7056,Optimum Nutrition Gold Standard ВСАА Train + Sustain Raspberry Pomegranate 266g,💪 Sports Nutrition,32,,,,,
7057,Optimum Nutrition Gold Standard Pre-Workout Fruit Punch 330g,💪 Sports Nutrition,28,,,,,
7058,Optimum Nutrition Gold Standard Pre-Workout Shot - Lemon Lime 60ml,💪 Sports Nutrition,2,,,,,
7059,Optimum Nutrition Gold Standard Pre-Workout Shot Mixed Berry 60ml,💪 Sports Nutrition,2,,,,,
7060,Optimum Nutrition Whipped Protein Bar Chocolate Caramel Flavour 60g,💪 Sports Nutrition,2.75,,,,,
7061,Optimum Nutrition Gold Standard Pre-Workout Cola 60ml,💪 Sports Nutrition,2,,,,,
7062,Optimum Nutrition On Logo Shaker Black 600ml,💪 Sports Nutrition,5,,,,,
7063,Optimum Nutrition Chocolate Brownie Crunch 65g,💪 Sports Nutrition,2.75,,,,,
7064,Optimum Nutrition Marshmallow Crunch 65g,💪 Sports Nutrition,2.75,,,,,
7065,Optimum Nutrition High Protein Shake Vanilla Flavour 330ml,💪 Sports Nutrition,2.75,,,,,
7066,Optimum Nutrition High Protein Shake Chocolate Flavour 500ml,💪 Sports Nutrition,3.75,,,,,
7067,Optimum Nutrition High Protein Shake Vanilla Flavour 500ml,💪 Sports Nutrition,3.75,,,,,
7068,Optimum Nutrition 100% Gold Standard Isolate Chocolate 450g,💪 Sports Nutrition,30,,,,,
7069,Optimum Nutrition Chocolate Sweet Coconut 59g,💪 Sports Nutrition,2.75,,,,,
7070,Optimum Nutrition Gold Standard 100% Whey Double Rich Chocolate 465g,💪 Sports Nutrition,22,,,,,
7071,Optimum Nutrition Gold Standard 100% Whey Delicious Strawberry 450g,💪 Sports Nutrition,22,,,,,
7072,Optimum Nutrition Gold Standard 100% Whey Vanilla Ice Cream 450g,💪 Sports Nutrition,22,,,,,
7656,Co-op Robinsons Double Concentrate Orange & Pineapple 1L,🥤 Drinks,1.2,,,,,
7657,Bakers Adult Chicken & Vegetables,🐾 Pet Care,4.2,,,,,
7658,Co-op Still Spring Water 2Ltr,🥤 Drinks,0.85,,,,,
7659,Co-op Sponge Scouring Pads,🧹 Household,1.65,,,,,
7660,Vienna Hamburger Rolls,🍞 Bread & Bakery,2.25,,,,,
7661,Co-op Irresistible Fudge Yogurt,🥛 Dairy & Eggs,1.05,,,,,
7662,Co-op Lily White Self Raising Flour,🍝 Pantry,1.59,,,,,
7663,Walkers Squares Variety 6pk,🍿 Snacks,1.6,,,,,
7664,Wotsits Giants Flamin Hot 140g,🍿 Snacks,2.65,,,,,
7665,Cadbury Fruit & Nut Chocolate Bar 95g,🍫 Confectionery,2.3,,,,,
7666,Cadbury Dairy Milk Chocolate Bar 95g,🍫 Confectionery,2.1,,,,,
7667,Co-op British Mild Cheddar Grated,🥛 Dairy & Eggs,3.4,,,,,
7668,Co-op Fresh Double Cream,🥛 Dairy & Eggs,1.8,,,,,
7669,Co-op Cream Slices 2pk,🍞 Bread & Bakery,2.1,,,,,
7670,Co-op Organic Salad Potatoes,🥦 Fruit & Veg,1.8,,,,,
7671,Co-op Baked Beans 415g,🍝 Pantry,0.7,,,,,
7672,McVitie's Dark Chocolate Digestives,🍝 Pantry,2.89,,,,,
7673,Jersey Green Low Fat Spread,🥛 Dairy & Eggs,1.64,,,,,
7674,Tyrrells Lightly Sea Salted Crisps 150g,🍝 Pantry,,,,2.75,,
7675,Essential Free Range White Eggs 6S,🥛 Dairy & Eggs,,,,1.3,,
7676,FUEL 10K Chocolate Granola 400g,🍝 Pantry,,,,3,,
7677,Essential Baked Beans in Tomato Sauce 420g,🍝 Pantry,,,,0.55,,
7678,Essential Chickpeas in Water 240g,🍝 Pantry,,,,0.55,,
7679,Essential Chopped Tomatoes in Natural Juice 4x400g,🍝 Pantry,,,,2.2,,
7680,Essential Aluminium Foil 10m x 300mm,🧹 Household,,,,1.7,,
7681,Mutti Finely Chopped Tomatoes 400g,🍝 Pantry,,,,1.7,,
7682,Essential Tortilla Chips Salted 200g,🍝 Pantry,,,,1.1,,
7683,Essential Baked Beans in Tomato Sauce 220g,🍝 Pantry,,,,0.4,,
7684,Waitrose Basmati Rice 250g,🍝 Pantry,,,,0.75,,
7685,Essential Red Kidney Beans in Water 240g,🍝 Pantry,,,,0.55,,
7686,Essential Custard Creams 150g,🍝 Pantry,,,,0.45,,
7687,BacoFoil Non-Stick Foil 10 metres,🧹 Household,,,,3.45,,
7688,Waitrose Extra Virgin Olive Oil 1litre,🍝 Pantry,,,,8,,
7689,Waitrose Italian Tomato Purée Double Concentrated 200g,🍝 Pantry,,,,1,,
7690,Tyrrells Furrows Sea Salted Crisps 150g,🍝 Pantry,,,,2,,
7691,Essential Butter Beans 400g,🍝 Pantry,,,,0.55,,
7692,Essential Cannellini Beans 400g,🍝 Pantry,,,,0.55,,
7693,Essential Coconut Milk 400ml,🍝 Pantry,,,,1.25,,
7694,Candy Kittens Wild Strawberry 140g,🍝 Pantry,2.59,,,1.8,,
7695,Heinz Baked Beans Single Serve 200g,🍝 Pantry,,,,1,,
7696,Essential Passata 680g,🍝 Pantry,,,,1,,
7697,Candy Kittens Eton Mess 140g,🍝 Pantry,,,,1.8,,
7698,Waitrose Shortbread Fingers 200g,🍝 Pantry,,,,1.2,,
7699,No.1 Hand-Cooked Sea Salt Crisps 150g,🍝 Pantry,,,,1.6,,
7700,Essential Black Beans in Water 420g,🍝 Pantry,,,,0.55,,
7701,Essential Mackerel Fillets in Spring Water 82g,🍝 Pantry,,,,1.55,,
7702,Essential Ready Salted Multipack Crisps 6x25g,🍝 Pantry,,,,1.2,,
7703,Waitrose Wholegrain Rice 250g,🍝 Pantry,,,,0.75,,
7704,Essential Wholewheat Biscuits 24S,🍝 Pantry,,,,2.25,,
7705,De Cecco Spaghetti 500g,🍝 Pantry,,,,2,,
7706,Green & Black's Organic 70% Dark Chocolate Bar 90g,🍝 Pantry,,,,3.5,,
7707,No.1 Cantabrian Anchovy Fillets in Extra Virgin Olive Oil 50g,🍝 Pantry,,,,1.75,,
7708,Walkers Ready Salted Multipack Crisps 6x25g,🍝 Pantry,,,,2.35,,
7709,Essential Bourbon Creams Biscuits 400g,🍝 Pantry,,,,1.15,,
7710,Essential Cream Crackers 300g,🍝 Pantry,,,,0.6,,
7711,Essential Tomato Ketchup 470g,🍝 Pantry,,,,0.9,,
7712,Gran Luchito 10 Mexican Soft Taco Wraps 300g,🍝 Pantry,,,,1.75,,
7713,Essential Porridge Oats 1kg,🍝 Pantry,,,,1.25,,
7714,Bold Bean Co. Queen Chickpeas 570g,🍝 Pantry,,,,3.5,,
7715,Flahavan's Organic Porridge Oats 1kg,🍝 Pantry,,,,3.15,,
7716,Essential Mayonnaise 500ml,🍝 Pantry,,,,1.4,,
7717,Waitrose Belgian Dark Chocolate 72% 180g,🍝 Pantry,,,,3.5,,
7718,Pipers Anglesey Sea Salt Crisps Sharing Bag 150g,🍝 Pantry,,,,3,,
7719,Essential Ginger Nuts 300g,🍝 Pantry,,,,0.85,,
7720,Silver Spoon White Granulated Sugar 1kg,🍝 Pantry,,,,1.25,,
7721,Essential Fruit & Nut Muesli 1kg,🍝 Pantry,,,,3.3,,
7722,No.1 Fairtrade Uganda Dark Chocolate 100g,🍝 Pantry,,,,2.4,,
7723,Bold Bean Co. Queen Butter Beans 570g,🍝 Pantry,,,,3.5,,
7724,Cirio Polpa Chopped Tomatoes 4x400g,🍝 Pantry,,,,5,,
7725,Essential Squeezy Honey 454g,🍝 Pantry,,,,1.9,,
7726,Waitrose Waffle Ice Cream Cones 10S,🍝 Pantry,,,,1.65,,
7727,Waitrose Sun-Dried Tomatoes 280g,🍝 Pantry,,,,3.75,,
7728,Walkers Cheese & Onion Multipack Crisps 6x25g,🍝 Pantry,,,,2.35,,
7729,Walkers Salt & Vinegar Multipack Crisps 6x25g,🍝 Pantry,,,,2.35,,
7730,Waitrose Walnut Pieces 200g,🍝 Pantry,,,,3.1,,
7731,Essential Bran Flakes 750g,🍝 Pantry,,,,1.5,,
7732,Essential Mackerel Fillets in Olive Oil 82g,🍝 Pantry,,,,1.8,,
7733,Essential Tartare Sauce 290g,🍝 Pantry,,,,1.5,,
7734,Duchy Organic Chickpeas in Water 246g,🍝 Pantry,,,,1.25,,
7735,Waitrose Pine Nut Kernels 100g,🍝 Pantry,,,,4.5,,
7736,Essential Malted Milk Biscuits 200g,🍝 Pantry,,,,0.65,,
7737,Essential Lentils in Water 400g,🍝 Pantry,,,,0.55,,
7738,Waitrose Soft Prunes 500g,🍝 Pantry,,,,4,,
7739,Essential Pitted Black Olives 150g,🍝 Pantry,,,,1.6,,
7740,Doritos Cool Original Tortilla Chips 180g,🍝 Pantry,,,,2.5,,
7741,De Cecco Pasta Penne Rigate 500g,🍝 Pantry,,,,2,,
7742,Tyrrells Mature Cheddar & Chive Crisps 150g,🍝 Pantry,,,,2,,
7743,Essential Variety Multipack Crisps 6x25g,🍝 Pantry,,,,1.2,,
7744,Walkers Prawn Cocktail Multipack Crisps 6x25g,🍝 Pantry,,,,2.35,,
7745,McVitie's Digestives The Original Biscuits 360g,🍝 Pantry,,,,1.7,,
7746,No.1 Dark Chocolate 90% 100g,🍝 Pantry,,,,2.4,,
7747,Candy Kittens Sour Watermelon 140g,🍝 Pantry,,,,1.8,,
7748,Walkers Baked Crisps Quavers Cheese Multipack 6x16g,🍝 Pantry,,,,1.75,,
7749,Mini Cheddars Original 12S,🍝 Pantry,,,,3.7,,
7750,BEAR Gently Baked Mango 100g,🍝 Pantry,,,,3.1,,
7751,Belazu Gordo Especial Chickpeas 370g,🍝 Pantry,,,,2.4,,
7752,Belazu Rose Harissa Paste 170g,🍝 Pantry,,,,5,,
7753,Blanco Nino Lightly Salted Tortilla Chips 170g,🍝 Pantry,,,,3,,
7754,Border Biscuit Sharing Pack 400g,🍝 Pantry,,,,4,,
7755,Border Dark Chocolate Gingers 150g,🍝 Pantry,,,,1.8,,
7756,Cadbury Dairy Milk Freddo Chocolate Bars 4x18g,🍝 Pantry,,,,1.9,,
7757,Cadbury Dairy Milk Little Chocolate Bars 4 pack 4x18g,🍝 Pantry,,,,1.9,,
7758,Candy Kittens Disco Dreams 140g,🍝 Pantry,,,,1.8,,
7759,Candy Kittens Lucky Cherry 140g,🍝 Pantry,,,,1.8,,
7760,Candy Kittens Soul Pop 140g,🍝 Pantry,,,,1.8,,
7761,Candy Kittens Wanderlust Gourmet Chews 140g,🍝 Pantry,,,,1.8,,
7762,Carr's Crackers Selection Box 200g,🍝 Pantry,,,,3.75,,
7763,Cirio Passata 500g,🍝 Pantry,,,,1.4,,
7764,Cirio Tomato Puree 140g,🍝 Pantry,,,,1.05,,
7765,Clarence Court Liquid Egg White 500g,🍝 Pantry,,,,3.75,,
7766,Clarence Court Ready to Eat Quail Eggs 12s,🍝 Pantry,,,,4,,
7767,Clearspring Organic Tofu 300g,🍝 Pantry,,,,1.85,,
7768,Cooks' Ingredients Baking Powder 160g,🍝 Pantry,,,,1.3,,
7769,Cooks' Ingredients Bicarbonate of Soda 180g,🍝 Pantry,,,,1.5,,
7770,Cooks' Ingredients Black Peppercorns 100g,🍝 Pantry,,,,3.3,,
7771,Cooks' Ingredients Chilli Flakes 27g,🍝 Pantry,,,,1.8,,
7772,Cooks' Ingredients Crispy Fried Onions 100g,🍝 Pantry,,,,1.85,,
7773,Cooks' Ingredients Dark Chocolate Chips 100g,🍝 Pantry,,,,2,,
7774,Cooks' Ingredients Ground Cumin 40g,🍝 Pantry,,,,1.8,,
7775,Cooks' Ingredients Lime Juice 200ml,🍝 Pantry,,,,1,,
7776,Cooks' Ingredients Meringue Nests 8s,🍝 Pantry,,,,2.15,,
7777,Cooks' Ingredients Mini Eton Mess Meringues 12s,🍝 Pantry,,,,2.2,,
7778,Cooks' Ingredients Nonpareille Capers drained 95g,🍝 Pantry,,,,3.4,,
7779,Cooks' Ingredients Oregano 12g,🍝 Pantry,,,,1.8,,
7780,Cooks' Ingredients Panko Breadcrumbs 150g,🍝 Pantry,,,,2.6,,
7781,Cooks' Ingredients Tahini 300g,🍝 Pantry,,,,3.35,,
7782,Crosta & Mollica Tarallini Fennel Seed 180g,🍝 Pantry,,,,1.9,,
7783,Del Monte Peach Slices in Juice 415g,🍝 Pantry,,,,1.03,,
7784,Dole Tropical Gold Pineapple Chunks 432g,🍝 Pantry,,,,1.1,,
7785,Dole Tropical Gold Pineapple Slices in Juice 227g,🍝 Pantry,,,,1.15,,
7786,Dole Tropical Gold Pineapple Slices drained 272g,🍝 Pantry,,,,1.1,,
7787,Dorset Nutty Granola Breakfast Cereal 450g,🍝 Pantry,,,,4.25,,
7788,Doves Farm Wholemeal Digestives 200g,🍝 Pantry,,,,1.6,,
7789,Dr Karg's Organic Cheese & Pumpkin Crispbread 200g,🍝 Pantry,,,,2.95,,
7790,Duchy Organic Agen Prunes 250g,🍝 Pantry,,,,4.25,,
7791,Duchy Organic Butter Beans drained 244g,🍝 Pantry,,,,1.25,,
7792,Duchy Organic Four Bean Salad in Water drained 252g,🍝 Pantry,,,,1.35,,
7793,Duchy Organic Jumbo Rolled Oats 1kg,🍝 Pantry,,,,3,,
7794,Duchy Organic Mayonnaise 250ml,🍝 Pantry,,,,2.9,,
7795,Duchy Organic Medjool Dates 225g,🍝 Pantry,,,,4.75,,
7796,Duchy Organic Muesli with Raisins & Almonds 750g,🍝 Pantry,,,,4,,
7797,Duchy Organic Pitted Halkidiki Olives 140g,🍝 Pantry,,,,3,,
7798,Duchy Organic Pitted Kalamata Olives drained 160g,🍝 Pantry,,,,3,,
7799,Duchy Organic Red Kidney Beans in Water drained 255g,🍝 Pantry,,,,1.25,,
7800,Duchy Organic Seville Orange Fine Cut Marmalade 340g,🍝 Pantry,,,,2.25,,
7801,Duchy Organic Strawberry Extra Jam Preserve 340g,🍝 Pantry,,,,2.95,,
7802,Duchy Organic Unsalted Rice Cakes 100g,🍝 Pantry,,,,1.2,,
7803,Duchy Organic Wholewheat Tortiglioni 500g,🍝 Pantry,,,,1.95,,
7804,Epicure Organic Bijoux Verts Lentils drained 240g,🍝 Pantry,,,,1.2,,
7805,Epicure Organic Black Beans drained 240g,🍝 Pantry,,,,1.2,,
7806,Epicure Organic Butter Beans in Water drained 240g,🍝 Pantry,,,,1.2,,
7807,Essential Apricot Halves in Fruit Juice drained 240g,🍝 Pantry,,,,1.25,,
7808,Essential Borlotti Beans drained 240g,🍝 Pantry,,,,0.55,,
7809,Essential Bramley Apple Sauce 285g,🍝 Pantry,,,,1.5,,
7810,Essential Cheese Puffs Snacks Sharing Crisps 100g,🍝 Pantry,,,,1.15,,
7811,Essential Creamed Horseradish 180g,🍝 Pantry,,,,1.2,,
7812,Essential Evaporated Milk 170g,🍝 Pantry,,,,0.7,,
7813,Essential Fusilli 1kg,🍝 Pantry,,,,1.5,,
7814,Essential Garden Peas in Water drained 185g,🍝 Pantry,,,,0.8,,
7815,Essential High Bake Water Biscuits 200g,🍝 Pantry,,,,1.4,,
7816,Essential Macaroni 500g,🍝 Pantry,,,,0.8,,
7817,Essential Mackerel in Spicy Tomato Sauce 125g,🍝 Pantry,,,,1.55,,
7818,Essential Multigrain Hoops 375g,🍝 Pantry,,,,1.3,,
7819,Essential Olive Oil 1litre,🍝 Pantry,,,,7.15,,
7820,Essential Peach Halves in Fruit Juice 410g,🍝 Pantry,,,,1.25,,
7821,Essential Penne 1kg,🍝 Pantry,,,,1.5,,
7822,Essential Pickled Sliced Beetroot drained 200g,🍝 Pantry,,,,1.25,,
7823,Essential Pickled Sweet Baby Beetroot drained 447g,🍝 Pantry,,,,1.85,,
7824,Essential Pitted Green Olives drained 450g,🍝 Pantry,,,,3,,
7825,Essential Plain White Flour 500g,🍝 Pantry,,,,0.45,,
7826,Essential Raisins 500g,🍝 Pantry,,,,2.35,,
7827,Essential Red Kidney Beans in Chilli Sauce 395g,🍝 Pantry,,,,1,,
7828,Essential Rice Pops 375g,🍝 Pantry,,,,1.3,,
7829,Essential Small Potatoes in Water drained 265g,🍝 Pantry,,,,0.85,,
7830,Essential Spaghetti 1kg,🍝 Pantry,,,,1.5,,
7831,Essential Stuffed Green Olives drained 190g,🍝 Pantry,,,,1.5,,
7832,Essential Sultanas 500g,🍝 Pantry,,,,2.35,,
7833,Essential Sweetcorn drained 260g,🍝 Pantry,,,,1,,
7834,Essential Waitrose Grapefruit Segments drained 290g,🍝 Pantry,,,,1.25,,
7835,Essential White Wine Vinegar 500ml,🍝 Pantry,,,,2.2,,
7836,Essentials Malted Wheats 750g,🍝 Pantry,,,,1.5,,
7837,Farrow's Giant Marrowfat Processed Peas drained 180g,🍝 Pantry,,,,0.95,,
7838,Finn Crisp Original Rye Crispbread 200g,🍝 Pantry,,,,1.6,,
7839,Fox's Biscuits Jam n Cream Raspberry & Vanilla Biscuits 150g,🍝 Pantry,,,,1.05,,
7840,Fragata Capers Capote drained 135g,🍝 Pantry,,,,3.2,,
7841,Gaea Pitted Kalamata Olives 290g,🍝 Pantry,,,,3.5,,
7842,Geeta's Premium Mango Chutney 320g,🍝 Pantry,,,,2.85,,
7843,Go Ahead Apple Crispy Fruit Slices Snack Bars 4x43.6g,🍝 Pantry,,,,1.25,,
7844,Good4U Salad Topper Super Seeds 150g,🍝 Pantry,,,,1.68,,
7845,Gran Luchito Tortilla Chips Lightly Salted 170g,🍝 Pantry,,,,2.3,,
7846,Green Giant No Added Salt Sweetcorn 4x198g,🍝 Pantry,,,,3.75,,
7847,Green Giant Original Sweetcorn drained 165g,🍝 Pantry,,,,1,,
7848,Grey Poupon Dijon Mustard 215g,🍝 Pantry,,,,2,,
7849,Harry Ramsden's Mushy Peas 300g,🍝 Pantry,,,,1.1,,
7850,Heinz Baked Beans Value 4 Pack 4x200g,🍝 Pantry,,,,3.5,,
7851,Jammie Dodgers Minis Raspberry Flavour Biscuits 6 Snack Packs 6x20g,🍝 Pantry,,,,1.6,,
7852,John West MSC No Drain Tuna Steak in Spring Water 3x60g,🍝 Pantry,,,,4,,
7853,Jordans Simply Granola with a Hint of Honey Breakfast Cereal 750g,🍝 Pantry,,,,4.1,,
7854,KIND Dark Chocolate Nuts & Sea Salt Cereal Bars 3x30g,🍝 Pantry,,,,3.15,,
7855,Kallo Lightly Salted Wholegrain Low Fat 130g,🍝 Pantry,,,,1.85,,
7856,Kallo Organic Corn Flakes 375g,🍝 Pantry,,,,2.7,,
7857,Kallo Organic Dark Chocolate Rice Cake Thins 75g,🍝 Pantry,,,,2.65,,
7858,Kallo Protein Packed Lentil Cakes 100g,🍝 Pantry,,,,2.4,,
7859,Kallo Veggie Cakes Beetroot 122g,🍝 Pantry,,,,2,,
7860,Kellogg's Bran Flakes Breakfast Cereal Large Pack 750g,🍝 Pantry,,,,3.2,,
7861,Kellogg's Cereal Variety 8 Pack Breakfast Cereal 196g,🍝 Pantry,,,,3.25,,
7862,Kellogg's Corn Flakes Breakfast Cereal Large Pack 670g,🍝 Pantry,,,,2.85,,
7863,Kellogg's Crunchy Nut Breakfast Cereal Large Pack 840g,🍝 Pantry,,,,4.5,,
7864,Kellogg's Fruit n Fibre Breakfast Cereal Large Pack 700g,🍝 Pantry,,,,3.75,,
7865,Kellogg's Special K Original Breakfast Cereal Large Pack 750g,🍝 Pantry,,,,4.5,,
7866,Kellogg's Special K Red Berries Breakfast Cereal 500g,🍝 Pantry,,,,4.5,,
7867,Kettle Chips Lightly Salted 5x25g,🍝 Pantry,,,,1.75,,
7868,KitKat Chunky Milk Chocolate Bars Multipack 4x40g,🍝 Pantry,,,,2.35,,
7869,Knorr Gluten Free Chicken Stock Pot 8x28g,🍝 Pantry,,,,2.8,,
7870,Krisprolls Wholegrain 240g,🍝 Pantry,,,,2.1,,
7871,La Vieja Fabrica Seville Orange Marmalade 365g,🍝 Pantry,,,,2.5,,
7872,Linwoods Flaxseed 425g,🍝 Pantry,,,,5.5,,
7873,Lotus Biscoff Biscuit 16 Two-Packs 248g,🍝 Pantry,,,,1.8,,
7874,Maille Original Dijon Mustard 215g,🍝 Pantry,,,,3.6,,
7875,Marmite Crisps 6x25g,🍝 Pantry,,,,2.3,,
7876,Maryland Cookies Minis Chocolate Chips 118.8g,🍝 Pantry,,,,1.6,,
7877,McVitie's Digestives Biscuits The Light One 250g,🍝 Pantry,,,,1.75,,
7878,McVitie's Penguin Original Biscuit Bars Multipack 172g,🍝 Pantry,,,,1.5,,
7879,McVitie's Rich Tea Biscuits The Classic One 2x300g,🍝 Pantry,,,,3.15,,
7880,Merchant Gourmet Brown Red & Wild Wholegrain Rice 250g,🍝 Pantry,,,,1.5,,
7881,Merchant Gourmet Puy & Green Lentils 250g,🍝 Pantry,,,,2.3,,
7882,Merchant Gourmet Red & White Quinoa 250g,🍝 Pantry,,,,2.3,,
7883,Merchant Gourmet Spanish Style Grains & Rice 250g,🍝 Pantry,,,,2.3,,
7884,Merchant Gourmet Three Bean & Lentil Chilli 280g,🍝 Pantry,,,,2.6,,
7885,Miller's Toast Cranberry & Raisin 100g,🍝 Pantry,,,,2.7,,
7886,Miller's Toast Fig & Sultana 100g,🍝 Pantry,,,,2.7,,
7887,Mister Free'd Gluten Free Avocado Tortilla Chips 135g,🍝 Pantry,,,,2.1,,
7888,Mister Free'd Gluten Free Tortilla Chips Blue 135g,🍝 Pantry,,,,2.1,,
7889,Mr Organic Baked Beans 400g,🍝 Pantry,,,,1.65,,
7890,Mr Organic Basilico Pasta Sauce 350g,🍝 Pantry,,,,2.15,,
7891,Mr Organic Cannellini Beans 350g,🍝 Pantry,,,,1.5,,
7892,Mr Organic Chickpeas 350g,🍝 Pantry,,,,1.5,,
7893,Mr Organic Italian Organic Chopped Tomatoes 4x400g,🍝 Pantry,,,,6.25,,
7894,Mrs Elswood Sandwich Gherkins drained 310g,🍝 Pantry,,,,2.45,,
7895,Mutti Tomato Passata 400g,🍝 Pantry,,,,2.25,,
7896,Nairn's Dark Chocolate Chip Oat Biscuits 4x5 200g,🍝 Pantry,,,,1.75,,
7897,Nairn's Oat Cakes Fine Milled 250g,🍝 Pantry,,,,1.55,,
7898,Nairn's Oat Cakes 250g,🍝 Pantry,,,,1.85,,
7899,Nairn's Stem Ginger Oat Biscuits 4x5 200g,🍝 Pantry,,,,1.85,,
7900,Nestle Bitesize Shredded Wheat 625g,🍝 Pantry,,,,3.95,,
7901,Nestle KitKat 2 Finger Dark 8 Bars 8x20.7g,🍝 Pantry,,,,2.5,,
7902,Nestle Multigrain Cheerios 500g,🍝 Pantry,,,,2.5,,
7903,Nestle Shreddies The Original 630g,🍝 Pantry,,,,3.75,,
7904,No.1 Canadian Dark Maple Syrup 330g,🍝 Pantry,,,,5.6,,
7905,No.1 Fairtrade Dominican Republic Milk Chocolate 100g,🍝 Pantry,,,,2.4,,
7906,No.1 Italian Bucatini Pasta 500g,🍝 Pantry,,,,3,,
7907,No.1 Italian Mafaldine Pasta 500g,🍝 Pantry,,,,3,,
7908,No.1 Italian Rosemary & Sea Salt Focaccia Thins 150g,🍝 Pantry,,,,2.5,,
7909,No.1 King Medjool Dates 160g,🍝 Pantry,,,,3.95,,
7910,Peppadew Roasted Red Peppers drained 350g,🍝 Pantry,,,,4.6,,
7911,Peter's Yard Original Sourdough Crackers 90g,🍝 Pantry,,,,2,,
7912,Pipers Wyke Cheddar & Onion Sharing Crisps 150g,🍝 Pantry,,,,3,,
7913,Pom-Bear Original 6x13g,🍝 Pantry,,,,1.5,,
7914,Proper Chips Lentil Chips Sea Salt 85g,🍝 Pantry,,,,1.75,,
7915,Proper Chips Salt & Vinegar Lentil Chips 5x14g,🍝 Pantry,,,,2.3,,
7916,Proper Chips Sea Salt Lentil Chips 5x14g,🍝 Pantry,,,,2.3,,
7917,Proper Corn Sea Salted Popcorn 6x10g,🍝 Pantry,,,,1.75,,
7918,Proper Corn Sweet & Salty Popcorn 6x14g,🍝 Pantry,,,,1.75,,
7919,Proper Corn Sweet & Salty Popcorn 90g,🍝 Pantry,,,,2.1,,
7920,Real Foods Corn Thins Original 150g,🍝 Pantry,,,,1.6,,
7921,Rio Mare MSC Tuna in Olive Oil 3x80g,🍝 Pantry,,,,5,,
7922,Roka Cheese Crispies 100g,🍝 Pantry,,,,1.95,,
7923,Ryvita Crispbread Pumpkin Seed & Oat Crackers 200g,🍝 Pantry,,,,1.5,,
7924,San Nicasio Potato Chips Himalayan Pink Salt 150g,🍝 Pantry,,,,3.3,,
7925,Sharwood's Mango Chutney 360g,🍝 Pantry,,,,2.5,,
7926,Shredded Wheat 30s,🍝 Pantry,,,,3,,
7927,Simmers Abernethy 250g,🍝 Pantry,,,,1,,
7928,Stokes Real Mayonnaise 345g,🍝 Pantry,,,,3,,
7929,Stork Baking Alternative to Butter Dairy Spread 500g,🍝 Pantry,,,,2.3,,
7930,Tony's Chocolonely Filled Gooey Caramel Sea Salt Crunch 135g,🍝 Pantry,3.15,,,3.85,,
7931,Tyrrells Furrows Beef Brisket & Black Peppercorn Crisps 150g,🍝 Pantry,,,,2,,
7932,Tyrrells Lentil Sour Cream Crisps 80g,🍝 Pantry,,,,2,,
7933,Tyrrells Lentil Sweet Chilli Crisps 80g,🍝 Pantry,,,,2,,
7934,Veetee Steam Filtered Basmati 2x125g,🍝 Pantry,,,,1.5,,
7935,Waitrose 10 Bean Salad in Water 400g,🍝 Pantry,,,,1.1,,
7936,Waitrose 20m Extra Strong Kitchen Foil 1Each,🍝 Pantry,,,,3.95,,
7937,Waitrose 40m x 350mm NON PVC Cling Film 1 Each,🍝 Pantry,,,,2.4,,
7938,Waitrose All Butter Cheddar Cheese Twists 125g,🍝 Pantry,,,,1.5,,
7939,Waitrose All Butter Mini Cheddar Cheese Twists 125g,🍝 Pantry,,,,1.5,,
7940,Waitrose Balsamic Glaze 215ml,🍝 Pantry,,,,2.25,,
7941,Waitrose Berry Granola 1Kg,🍝 Pantry,,,,3,,
7942,Waitrose Boneless Wild Red Salmon 170g,🍝 Pantry,,,,5.45,,
7943,Waitrose Brown Wild & Red Rice with Quinoa 250g,🍝 Pantry,,,,1.1,,
7944,Waitrose Bulgur Wheat 500g,🍝 Pantry,,,,2.25,,
7945,Waitrose Caramelised Red Onion Chutney 350g,🍝 Pantry,,,,2.8,,
7946,Waitrose Cashew Nuts 150g,🍝 Pantry,,,,3,,
7947,Waitrose Cashew Nuts 400g,🍝 Pantry,,,,6.75,,
7948,Waitrose Chia Seeds 150g,🍝 Pantry,,,,2.5,,
7949,Waitrose Choco Pops 375g,🍝 Pantry,,,,1.35,,
7950,Waitrose Ciabatta Croutons 100g,🍝 Pantry,,,,1.35,,
7951,Waitrose Cocktail Gherkins drained 150g,🍝 Pantry,,,,1.35,,
7952,Waitrose Coconut & Lemongrass Stir Fry Sauce 150g,🍝 Pantry,,,,1.3,,
7953,Waitrose Coconut Lime & Coriander Rice 250g,🍝 Pantry,,,,0.9,,
7954,Waitrose Couscous 500g,🍝 Pantry,,,,1.35,,
7955,Waitrose Dried Cranberries 180g,🍝 Pantry,,,,3.5,,
7956,Waitrose Duchy Organic Walnuts 150g,🍝 Pantry,,,,4,,
7957,Waitrose Elicoidali Rigati 500g,🍝 Pantry,,,,1.65,,
7958,Waitrose Essential Pear Halves in Juice 410g,🍝 Pantry,,,,1.45,,
7959,Waitrose Essential Prunes in Apple Juice 410g,🍝 Pantry,,,,1.3,,
7960,Waitrose Fairtrade Golden Granulated Sugar 1kg,🍝 Pantry,,,,2.65,,
7961,Waitrose Farfalle 500g,🍝 Pantry,,,,1.65,,
7962,Waitrose Fine Crystal Sea Salt 350g,🍝 Pantry,,,,1.9,,
7963,Waitrose Flaked Almonds 200g,🍝 Pantry,,,,3.7,,
7964,Waitrose Fruit & Fibre Wheat Flakes 750g,🍝 Pantry,,,,1.85,,
7965,Waitrose Fruit Jellies 200g,🍝 Pantry,,,,1.35,,
7966,Waitrose Fruit Sherbets 200g,🍝 Pantry,,,,1.35,,
7967,Waitrose Garlic & Coriander Naans 220g,🍝 Pantry,,,,1.35,,
7968,Waitrose Green Basil Pesto 190g,🍝 Pantry,,,,2.2,,
7969,Waitrose Grissini 125g,🍝 Pantry,,,,1.1,,
7970,Waitrose High Protein Nuts & Seeds Granola Breakfast Cereal 400g,🍝 Pantry,,,,2.55,,
7971,Waitrose Jelly Babies 200g,🍝 Pantry,,,,1.35,,
7972,Waitrose Linguine 500g,🍝 Pantry,,,,1.65,,
7973,Waitrose Low Sugar Nutty Granola Breakfast Cereal 500g,🍝 Pantry,,,,2.55,,
7974,Waitrose MSC Cantabrian Anchovies 145g,🍝 Pantry,,,,4,,
7975,Waitrose Mexican Green Jalapenos 220g,🍝 Pantry,,,,1.6,,
7976,Waitrose Mini Breadsticks 100g,🍝 Pantry,,,,1.1,,
7977,Waitrose Mini Poppadoms Sharing Snack 80g,🍝 Pantry,,,,1.3,,
7978,Waitrose Mint Humbugs 200g,🍝 Pantry,,,,1.35,,
7979,Waitrose Mixed Nuts 400g,🍝 Pantry,,,,6.75,,
7980,Waitrose Mixed Nuts 750g,🍝 Pantry,,,,11,,
7981,Waitrose Mixed Seeds 250g,🍝 Pantry,,,,2.75,,
7982,Waitrose Nuts & Raisins 500g,🍝 Pantry,,,,4,,
7983,Waitrose Orzo 500g,🍝 Pantry,,,,1.85,,
7984,Waitrose Pink and White Marshmallows 200g,🍝 Pantry,,,,1.35,,
7985,Waitrose Pistachio Kernels 150g,🍝 Pantry,,,,5,,
7986,Waitrose Pitted Spanish Queen Olives 225g,🍝 Pantry,,,,2.81,,
7987,Waitrose Plain Naan 220g,🍝 Pantry,,,,1.35,,
7988,Waitrose Plum & Hoisin Stir Fry Sauce 150g,🍝 Pantry,,,,1.3,,
7989,Waitrose Prawn Crackers Sharing Snack 65g,🍝 Pantry,,,,1.4,,
7990,Waitrose Pumpkin Seeds 175g,🍝 Pantry,,,,2.15,,
7991,Waitrose Pumpkin Seeds 200g,🍝 Pantry,,,,2.5,,
7992,Waitrose Raisin Almond Honey Granola 1Kg,🍝 Pantry,,,,3,,
7993,Waitrose Rice Noodles 180g,🍝 Pantry,,,,1.5,,
7994,Waitrose Rich Tea Finger Biscuits 250g,🍝 Pantry,,,,0.85,,
7995,Waitrose Roasted & Salted Cashew Nuts Can 300g,🍝 Pantry,,,,5.75,,
7996,Waitrose Roasted & Salted Mixed Nuts Can 300g,🍝 Pantry,,,,5.75,,
7997,Waitrose Rough Oatcakes 250g,🍝 Pantry,,,,1.35,,
7998,Waitrose Salt & Black Pepper Snack Mix Sharing Crisps 150g,🍝 Pantry,,,,1.95,,
7999,Waitrose Seed Berry & Goji Mix 180g,🍝 Pantry,,,,2.6,,
8000,Waitrose Seeded Oatcakes 250g,🍝 Pantry,,,,1.35,,
8001,Waitrose Soft Dates 270g,🍝 Pantry,,,,2.55,,
8002,Waitrose Sour Cream & Chive Snack Mix Sharing Crisps 150g,🍝 Pantry,,,,1.95,,
8003,Waitrose Soy & Ginger Stir Fry Sauce 150g,🍝 Pantry,,,,1.3,,
8004,Waitrose Sunflower Seeds 175g,🍝 Pantry,,,,2.2,,
8005,Waitrose Sweet & Salty Popcorn Sharing Bag 100g,🍝 Pantry,,,,1.2,,
8006,Waitrose Teriyaki Stir Fry Sauce 150g,🍝 Pantry,,,,1.3,,
8007,Waitrose Walnuts 400g,🍝 Pantry,,,,7,,
8008,Waitrose White Canadian Bread Flour 1.5kg,🍝 Pantry,,,,2.3,,
8009,Waitrose Wholewheat Penne 500g,🍝 Pantry,,,,1.65,,
8010,Walkers Classic Variety Multipack Crisps 12x25g,🍝 Pantry,,,,3.35,,
8011,Weetabix 48 pack 48s,🍝 Pantry,,,,4.5,,
8012,Weetabix Organic 24s,🍝 Pantry,,,,4.3,,
8013,itsu Crispy Seaweed Thins Sea Salt 4x5g,🍝 Pantry,,,,3,,
8014,itsu Udon Noodles 150g,🍝 Pantry,,,,1,,
8015,Essential Mandarin Orange in Fruit Juice drained 175g,🍝 Pantry,,,,1.1,,
8016,Essential Seville Orange Marmalade Fine Cut 454g,🍝 Pantry,,,,1.1,,
8017,Essential Seville Orange Marmalade Thick Cut 454g,🍝 Pantry,,,,1.2,,
8018,Essential Tomato & Basil Pasta Sauce 340g,🍝 Pantry,,,,1,,
8019,Essential Wholegrain Mustard 185g,🍝 Pantry,,,,1,,
8020,Waitrose Cooks' Ingredients Vanilla Extract,🍝 Pantry,,,,,,2.35
8021,Pepsi Max Cherry Multipack,🥤 Drinks,,5,,,,
8022,Morrisons Large Free Range Eggs 6S,🥩 Meat & Fish,,2,,,,
8023,Co-op Fish Fingers,🥩 Meat & Fish,2.55,,,,,
8024,Young's Chip Shop Fish Fingers,🧊 Frozen,3.15,,,,,
8025,Häagen-Dazs Salted Caramel Ice Cream,🧊 Frozen,3.17,,,,,
8026,Cooks' Ingredients Sage 25g,🥦 Fruit & Veg,,,,2.09,,
8027,Jersey Dairy Red Top Full Fat Milk,🥛 Dairy & Eggs,,,,1.65,,
8028,Waitrose Essential Drain Unblocker,🧹 Household,,,,2.69,,
8029,Bakers Adult Dog Food Chicken & Vegetables,🐾 Pet Care,4.2,,,,,
8030,Co-op Lily White Flowers Bouquet,💐 Fresh Flowers,1.3,,,,,
8031,Galaxy Minstrels Large Pouch,🍝 Pantry,1.84,,,,,
8032,Rice Krispies Squares Chocolate,🍝 Pantry,2.8,,,,,
8033,Co-op Tiramisu 2 x 85g,🥨 Snacks & Treats,2.85,,,,,
8034,Co-op Stonebaked Meat Feast Pizza,🥗 Deli & Salads,3.4,,,,,
8035,Co-op Orange Juice Smooth 1L,🥤 Drinks,2.55,,,,,
8036,Horlicks Instant Sachet,🥤 Drinks,0.42,,,,,
8037,Cadbury Instant Hot Chocolate Sachet,🥤 Drinks,0.55,,,,,
8038,Co-op Mexican Microwave Rice,🍝 Pantry,1.05,,,,,
8039,Co-op Unsmoked Bacon,🥩 Meat & Fish,3.4,,,,,
8040,Jersey Tomatoes 6-pack,🥔 Local Jersey,1.6,,,,,
8041,Coca-Cola Zero Sugar Multipack,🥤 Drinks,3.65,,,,,
8042,4 Croissants,🍞 Bread & Bakery,,,3.2,,,
8043,XL Strawberries,🥦 Fruit & Veg,,,4.95,,,
8044,Channel Islands 1 Litre Milk,🥛 Dairy & Eggs,,,1.65,,,
8045,4 Sweetcorn Cobs,🥦 Fruit & Veg,,,2.7,,,
8046,Salad Potatoes 1kg,🥦 Fruit & Veg,,,2.2,,,
8047,Onion Rings,🥗 Deli & Salads,,,3.7,,,
8048,Lucozade Sport Strawberry,🥤 Drinks,,,2.4,,,
8049,Caramel Chocolate,🥨 Snacks & Treats,,,1.75,,,
8050,Lotus Biscoff Ice Cream,🧊 Frozen,2.65,,,,,
8051,Häagen-Dazs Sticky Toffee 460ml,🧊 Frozen,3.17,,,,,
8052,Co-op All Purpose Cloths,🧹 Household,1.75,,,,,
8053,Bakers Whirls Bacon & Cheese,🥨 Snacks & Treats,1.25,,,,,
8054,Co-op Non-Scratch Cleaners,🧹 Household,1.65,,,,,
8055,Co-op Rosemary Crackers,🍝 Pantry,1.2,,,,,
8056,Monster Ultra Ruby Red,🥤 Drinks,2.1,,,,,
8057,Monster Energy Ultra,🥤 Drinks,2.1,,,,,
8058,Hartley's 10 Cal Strawberry Jelly,🍝 Pantry,1.05,,,,,
8059,Lynx Black Body Spray,💊 Health & Beauty,2.1,,,,,
8060,Co-op Fresh Single Cream,🥛 Dairy & Eggs,1.4,,,,,
8061,Maynards Bassetts Liquorice Allsorts,🍝 Pantry,3.65,,,,,
8062,Taylor & Colledge Fine Vanilla Bean Extract,🍝 Pantry,5.25,,,,,
8063,Cadbury White Buttons,🍝 Pantry,1.84,,,,,
8064,Cadbury Biscoff,🍝 Pantry,2.3,,,,,
8065,Hula Hoops BBQ Beef,🍝 Pantry,1.6,,,,,
8066,Co-op Spaghetti Bolognese,🍝 Pantry,1.3,,,,,
8067,Peperami Original Multipack,🥩 Meat & Fish,2.1,,,,,
8068,Müller Light Strawberry,🥛 Dairy & Eggs,1.05,,,,,
8069,Warburtons Toastie White,🍞 Bread & Bakery,1.75,,,,,
8070,Co-op Fair Trade Bananas (each),🥦 Fruit & Veg,0.26,,,,,
8071,Co-op Chicken Stir Fry,🥩 Meat & Fish,3.99,,,,,
8072,Co-op British 12 Large Free Range Eggs 12S,🥩 Meat & Fish,3.8,,,,,
8073,Half Cucumbers (each),🥦 Fruit & Veg,0.9,,,,,
8074,Galaxy Ripple Sharing Bag 120g,🍝 Pantry,2,,,,,
8075,Co-op Large White Baps,🍞 Bread & Bakery,1.15,,,,,
8076,Co-op Crispy Pancakes 300g,🧊 Frozen,2.65,,,,,
8077,Twister Mini Pineapple,🧊 Frozen,,,,2,,
8078,Bonne Maman Lemon Curd,🍝 Pantry,,,,2.55,,
8079,Waitrose Essential Milk Chocolate Chips (Baking),🍝 Pantry,,,,2.32,,
8080,Jersey Dairy Double Cream (Large),🥔 Local Jersey,,,,4,,
8081,Waitrose Salted Dairy Butter,🥛 Dairy & Eggs,,,,3.88,,
8082,Good Boy T&T Chicken Roll (Large),🐾 Pet Care,,,,3.33,,
8083,Innocent Kids Smoothie,🥤 Drinks,,,,2.5,,
8084,Waitrose Desiccated Coconut,🍝 Pantry,,,,3.19,,
8085,Waitrose Grated Mozzarella,🥛 Dairy & Eggs,,,,3.22,,
8086,Müller Corner Crunch Corner Multipack,🥛 Dairy & Eggs,,,,3.5,,
8087,McCain Home Chips,🧊 Frozen,3.9,,,3.95,,
8088,Waitrose Chorizo Navarra,🥩 Meat & Fish,,,,4.35,,
8089,Waitrose Pitted Dates,🍝 Pantry,,,,2.21,,
8090,Innocent Juice,🥤 Drinks,,,,3,,
8091,Leckford Plain Flour,🍝 Pantry,,,,2.67,,
8092,Cadbury Caramel Stick,🧊 Frozen,,,,3.25,,
8093,Magnum Classic,🧊 Frozen,,,,4.75,,
8094,Calippo Strawberry,🧊 Frozen,,,,2.98,,
8095,Fab Strawberry Ice Lolly,🧊 Frozen,,,,2.69,,
8096,Cornetto Strawberry,🧊 Frozen,,,,3,,
8097,Waitrose Smoked Streaky Bacon,🥩 Meat & Fish,,,,3.25,,
8098,Waitrose Grated Cheddar,🥛 Dairy & Eggs,,,,2.79,,
8099,Graze Cocoa Orange,🥨 Snacks & Treats,,,,1.8,,
8100,Vienna Crusty Rolls,🍞 Bread & Bakery,,,,1.4,,
8101,Waitrose Essential 10 Bacon Rashers,🥩 Meat & Fish,,,,3.25,,
8102,Co-op Deep Fill Chicken & Stuffing Swirl,🍞 Bread & Bakery,3.6,,,,,
8103,Jersey Sweet Pointed Peppers,🥔 Local Jersey,2.6,,,,,
8104,Co-op Pretzel,🍞 Bread & Bakery,0.85,,,,,
8105,Co-op British Unsmoked Bacon,🥩 Meat & Fish,2.35,,,,,
8106,Andrex Supreme Quilts,🧹 Household,2.99,,,,,
8107,Fruit Cocktail Tin,🍝 Pantry,2.59,,,,,
8108,Dolmio Lasagne Red Tomato & Pancetta Sauce 675g,🍝 Pantry,3.15,,,,,
8109,Co-op Wholemeal Loaf,🍞 Bread & Bakery,1.25,,,,,
8110,Walden Sausage Rolls,🍞 Bread & Bakery,1.95,,,,,
8111,Müller Corner Chocolate Digestive,🥛 Dairy & Eggs,1.05,,,,,
8112,Müller Corner Banana Chocolate,🥛 Dairy & Eggs,1.05,,,,,
8113,Bakers Adult Dog Food Beef & Vegetables,🐾 Pet Care,2.65,,,,,
8114,Robinsons Double Concentrate Pink Grapefruit & Citrus,🥤 Drinks,2.2,,,,,
8115,Quaker Oats Porridge Syrup,🍝 Pantry,1.45,,,,,
8116,Jamaica Cake,🍞 Bread & Bakery,1.05,,,,,
8117,Co-op 2 Crispy Chicken Grills,🧊 Frozen,2.55,,,,,
8118,Waitrose Essential Garlic,🥦 Fruit & Veg,,,,1.1,,
8119,Gordon's Premium Pink Gin 5cl,🍷 Wine & Beer,,,,2.68,,
8120,Sula Mint Humbugs,🍝 Pantry,,,,1.2,,
8121,Robinsons Double Concentrate Orange 1L,🥤 Drinks,,,,1.75,,
8122,Duchy Organic English Breakfast Tea,🍝 Pantry,,,,2.41,,
8123,Waitrose Essential Cheese Slices,🥛 Dairy & Eggs,,,,1.79,,
8124,Mrs Elswood Baby Gherkins,🍝 Pantry,,,,2.84,,
8125,Bakers Small Dog Chicken,🐾 Pet Care,,,,4.28,,
8126,Häagen-Dazs Rum & Raisin,🧊 Frozen,,,,3.95,,
8127,Sure For Women Anti-Perspirant Pure,💊 Health & Beauty,2.1,,,,,
8128,McCain Lightly Spiced Wedges,🧊 Frozen,3.4,,,,,
8129,Fosters Lager Cans 4x440ml,🍷 Wine & Beer,2.9,,,,,
8130,Glaceau Smartwater,🥤 Drinks,1.65,,,,,
8131,Morrisons Savers Milk Chocolate,🥨 Snacks & Treats,,1.05,,,,
8132,Morrisons Savers Dark Chocolate,🥨 Snacks & Treats,,1.05,,,,
8133,Anchor Spreadable Blend of Butter and Rapeseed Oil 750g,🥛 Dairy & Eggs,,,,,9.2,
8134,Clover 1kg,🥛 Dairy & Eggs,,,,,5.6,
8135,Iceland 30pk Mixed Size Eggs,🥛 Dairy & Eggs,,,,,5.8,
8136,Iceland Large Free Range Eggs 12 Pack,🥛 Dairy & Eggs,,,,,4.15,
8137,Dairylea Filled Crackers Cheesy Snack 5 Pack (5x19.2g),🥛 Dairy & Eggs,,,,,3.1,
8138,Cheerafa Fresh Peelable Cheese Sticks 4x20g (80g),🥛 Dairy & Eggs,,,,,2.1,
8139,Lindahls 5 Protein Gouda Slices 125g,🥛 Dairy & Eggs,,,,,2.4,
8140,Primula Cheese & Chives 140g,🥛 Dairy & Eggs,,,,,2.65,
8141,Strings & Things Pizza Flavour Cheestrings 80g (4x20g),🥛 Dairy & Eggs,,,,,2.45,
8142,Lindahls Protein Greek Cheese 135g,🥛 Dairy & Eggs,,,,,2.4,
8143,Iceland Extra Mature White Cheddar 750g,🥛 Dairy & Eggs,,,,,5.55,
8144,Iceland Cranberry Wensleydale 200g,🥛 Dairy & Eggs,,,,,3.75,
8145,Lindahls Protein Cottage Cheese 175g,🥛 Dairy & Eggs,,,,,2.1,
8146,Jersey Milk Full Cream 500ml,🥛 Dairy & Eggs,,,,,0.95,
8147,Alpro Almond No Sugar Long Life Dairy Free Drink 1L,🥛 Dairy & Eggs,,,,,2.8,
8148,Alpro Oat Original Chilled Dairy Free Drink 1L,🥛 Dairy & Eggs,,,,,2.8,
8149,Alpro Soya Original Chilled Dairy Free Drink 1L,🥛 Dairy & Eggs,,,,,2.65,
8150,Cathedral City Our Lighter Mature Cheddar 6x20g,🥛 Dairy & Eggs,,,,,3.1,
8151,Cathedral City Our Extra Mature Cheddar 6x20g,🥛 Dairy & Eggs,,,,,3.1,
8152,Longley Farm Yorkshire Pineapple Cottage Cheese 250g,🥛 Dairy & Eggs,,,,,2.6,
